:020000040000FA
:100000000886002071360100A73A02005D36010023
:100010005D3601005D3601005D3601005D36010090
:100020000000000000000000000000002D3801006A
:100030005D36010000000000ED3701005D36010073
:10004000E5390100E5390100E5390100E539010034
:10005000E5390100E5390100E5390100E539010024
:10006000E5390100E5390100E5390100E539010014
:10007000E5390100E5390100E5390100E539010004
:10008000E5390100E5390100E5390100E5390100F4
:10009000E5390100E5390100E5390100E5390100E4
:1000A000E5390100E5390100E5390100E5390100D4
:1000B000E5390100E5390100E5390100E5390100C4
:1000C000E5390100E5390100E5390100E5390100B4
:1000D000E5390100E5390100E5390100E5390100A4
:1000E000E5390100E5390100E5390100E539010094
:1000F000E5390100E5390100E5390100E539010084
:10010000E5390100E5390100E5390100E539010073
:10011000E5390100E5390100E5390100E539010063
:10012000E5390100E5390100E5390100E539010053
:10013000E5390100E5390100E5390100E539010043
:10014000E5390100E5390100E5390100E539010033
:10015000E5390100E5390100E5390100E539010023
:10016000E5390100E5390100E5390100E539010013
:10017000E5390100E5390100E5390100E539010003
:10018000E5390100E5390100E5390100E5390100F3
:10019000E5390100E5390100E5390100E5390100E3
:1001A000E5390100E5390100E5390100E5390100D3
:1001B000E5390100E5390100E5390100E5390100C3
:1001C000E5390100E5390100E5390100E5390100B3
:1001D000E5390100E5390100E5390100E5390100A3
:1001E000E5390100E5390100E5390100E539010093
:1001F000E5390100E5390100E5390100E539010083
:10020000E5390100E5390100E5390100E539010072
:10021000E5390100E5390100E5390100E539010062
:10022000E5390100E5390100E5390100E539010052
:10023000E5390100E5390100E5390100E539010042
:10024000E5390100E5390100E5390100E539010032
:10025000E5390100BF550200E5390100E53901002B
:10026000E5390100E5390100EF550200E5390100EB
:10027000E5390100E5390100E5390100E539010002
:10028000E5390100E5390100E5390100E5390100F2
:10029000E5390100E5390100E5390100E5390100E2
:1002A000E5390100E5390100E5390100E5390100D2
:1002B000E5390100E5390100E5390100E5390100C2
:1002C000E5390100E5390100E5390100E5390100B2
:1002D000E5390100E5390100E5390100E5390100A2
:1002E000E5390100E5390100E5390100E539010092
:1002F000E5390100E5390100E5390100E539010082
:10030000E5390100E5390100E5390100E539010071
:10031000E5390100E5390100E5390100E539010061
:10032000E5390100E5390100E5390100E539010051
:10033000E5390100E5390100E5390100E539010041
:10034000E5390100E5390100E5390100E539010031
:10035000E5390100E5390100E5390100E539010021
:10036000E5390100E5390100E5390100E539010011
:10037000E5390100E5390100E5390100E539010001
:10038000E5390100E5390100E5390100E5390100F1
:10039000E5390100E5390100E5390100E5390100E1
:1003A000E5390100E5390100E5390100E5390100D1
:1003B000E5390100E5390100E5390100E5390100C1
:1003C000E5390100E5390100E5390100E5390100B1
:1003D000E5390100D9550200E5390100E539010090
:1003E000E5390100E5390100E5390100E539010091
:1003F000E5390100E5390100E5390100E539010081
:10040000E5390100E5390100E5390100E539010070
:10041000E5390100E5390100E5390100E539010060
:10042000E5390100E5390100E5390100E539010050
:10043000E5390100E5390100E5390100E539010040
:10044000E5390100E5390100E5390100E539010030
:10045000E5390100E5390100E5390100E539010020
:10046000E5390100E5390100E5390100E539010010
:10047000E5390100E5390100E53901002DE9F00712
:1004800091E8F807B2E802105B1854EB0C04B2E8EC
:1004900002104D4156EB0C06B2E802104F4158EBEA
:1004A0000C08B2E8021059EB01095AEB0C0A80E87B
:1004B000F80780410130BDE8F00770472DE9F007EB
:1004C00091E8F807B2E802105B1A74EB0C04B2E88A
:1004D00002108D4176EB0C06B2E802108F4178EBEA
:1004E0000C08B2E8021079EB01097AEB0C0A80E8FB
:1004F000F80780414042BDE8F00770472DE9F0075A
:10050000524290E87800B1E880071740DB1918EAFA
:10051000020854EB080419EA020955EB09051AEA26
:10052000020A56EB0A0678C090E87800B1E8800726
:1005300017407B4118EA020854EB080419EA020943
:1005400055EB09051AEA020A56EB0A0678C0804103
:100550000130BDE8F00770472DE9F007524290E8FE
:100560007800B1E880071740DB1B18EA020874EB3B
:10057000080419EA020975EB09051AEA020A76EB82
:100580000A0678C090E87800B1E880071740BB41C0
:1005900018EA020874EB080419EA020975EB090568
:1005A0001AEA020A76EB0A0678C080414042BDE8AA
:1005B000F00770472DE9F00152424FF0040890E82F
:1005C000300091E8C000A31B1340E41AF618EB1B9F
:1005D0001340ED1AFF1830C0C0C1B8F10108EED1C8
:1005E000BDE8F001704700BF00B592E8DC072DE9D7
:1005F000DC07B1E8805702B4A7FB02510A95A8FBBB
:10060000020BE7FB6310E9FB62B00B91A8FB0351FF
:10061000EAFB6201E7FB64B5E7FB6605E8FB6615EC
:10062000CDF830B0A9FB03B6EAFB6316ECFB6356CA
:10063000E8FB640BE9FB641BEAFB645BECFB646BAB
:100640000D90ACFB0230059CEEFB6250E9FB646050
:10065000EAFB64B0E7FB6431E8FB6451069CE8FB0D
:100660006461E9FB64B1EAFB64010E93A7FB043209
:10067000079CE7FB6462E8FB64B2E9FB6402EAFB07
:100680006412049CE9FB6453EAFB6463089CE7FB87
:1006900064B3E8FB6403E9FB6413EAFB64230F958E
:1006A0005DF8049B99E80006DDF80080A9FB08547A
:1006B000EAFB68B4DDF81080ECFB6804EEFB68141C
:1006C000E9FB6824EAFB6834DDF80480EEFB68652A
:1006D000E9FB68B5EAFB6805DDF81480ECFB6815FA
:1006E000EEFB6825E9FB6835EAFB68450F96DDF807
:1006F0000880AEFB0876E9FB6806EAFB6816DDF8C1
:100700001880ECFB6826EEFB6836E9FB6846EAFBDE
:100710006856DDF80C80ECFB68B7EEFB6807E9FB78
:100720006817EAFB6827DDF81C80ECFB6837EEFBF6
:100730006847E9FB6857EAFB686708B000BD00BF7F
:100740002DE9F14F87B0FFF74FFFDDF81C8008F16E
:10075000200888E8FF00FFBC87E87F08BDE8F08F2D
:1007600000B591E89857A3FB03520195A3FB040140
:10077000E3FB6420E3FB67100292A3FB0752E3FB59
:100780006802E4FB6415E3FB6805E3FB692503915C
:10079000A4FB07B6E3FB6926E3FB6A56E4FB670BA1
:1007A000E4FB682BE3FB6A5BE3FB6C6B0490A4FB4C
:1007B0000810E4FB6950E3FB6C60E3FB6EB0E7FB01
:1007C0006721E4FB6951E4FB6A61E3FB6EB1E4FB82
:1007D0006E010592A7FB0832E4FB6A62E4FB6CB28F
:1007E000E4FB6E02E7FB6E12E7FB6853E7FB69630D
:1007F000E4FB6CB3E7FB6C03E7FB6E13E8FB6E23D3
:100800000695A7FB0954E7FB6AB4E7FB6C04E8FB19
:100810006C14E8FB6E24E9FB6E34E8FB6865E7FBCB
:100820006AB5E8FB6A05E8FB6C15E9FB6C25E9FB9A
:100830006E35EAFB6E450796A8FB0976E8FB6A066B
:10084000E9FB6A16E9FB6C26EAFB6C36EAFB6E46AE
:10085000ECFB6E56E8FB69B7E9FB6907E9FB6A1731
:10086000EAFB6A27EAFB6C37ECFB6C47ECFB6E5744
:10087000EEFB6E6700BD00BF2DE9F14F87B0FFF7BB
:100880006FFFDDF81C8008F1200888E8FF00FFBC3E
:1008900087E87F08BDE8F08F30B44FF0000310F810
:1008A000014B11F8015B013A84EA050443EA0403B1
:1008B000F5D1A3F101034FEAD37030BC704700BFFC
:1008C0004FF0000310F8012B013943EA0203F9D17C
:1008D000A3F101034FEAD370704700BF30B411F8A1
:1008E000014B12F8015B6C4000F8014B013BF6D163
:1008F00030BC70472DE9F00791E8F807B2E8021024
:100900005B1854EB0C04B2E802104D4156EB0C0698
:10091000B2E802104F4158EB0C08B2E8021059EB54
:1009200001095AEB0C0A8941B3F1FF3374F1FF342A
:1009300075F1FF3576F1000677F1000778F10008D0
:1009400079F101097AF1FF3A51F100015B184C414C
:100950004D4156F1000657F1000758F1000859EBD8
:10096000D1795AEB010A80E8F807BDE8F007704733
:100970002DE9F00791E8F807B2E802105B1A74EB72
:100980000C04B2E802108D4176EB0C06B2E80210BE
:100990008F4178EB0C08B2E8021079EB01097AEB91
:1009A0000C0A89415B184C414D4156F1000657F144
:1009B000000758F1000859EBD1795AEB010A80E899
:1009C000F807BDE8F007704718EB040859EB050974
:1009D0005AEB060A5BEB070B5FF0000C4CF1000CC6
:1009E00018EB050859EB06095AEB070A5BEB070BF6
:1009F00050EB0C005FF0000C51EB0C0152EB0C02C1
:100A000063414CF1000CB8EB070879F100097AF169
:100A1000000A7BEB040BA841B141A241B3416CF148
:100A2000000CBBEB050BB041B941AA41BB416CF1D5
:100A3000000C4CF001068CF0020718EB060859EB8D
:100A40006C095AEB6C0A7BEB6C0B70EB6C0471EB72
:100A50006C0572EB670653EB6C076CEB6C0C18EBD8
:100A60000C0059EB0C015AEB0C025BF1000354F142
:100A7000000455F1000556EBDC7657EB0C07704788
:100A80002DE9F14F87B0FFF7AFFDDDF81080DDF8FD
:100A90001490DDF818A0FFF797FFBDE8000FFFF7EF
:100AA00093FF03B05DF8048B88E8FF00BDE8F08F8A
:100AB0002DE9F14F87B0FFF753FEDDF81080DDF828
:100AC0001490DDF818A0FFF77FFFBDE8000FFFF7D7
:100AD0007BFF03B05DF8048B88E8FF00BDE8F08F72
:100AE000064A074BDB7802604FF44272C371002361
:100AF0008280082203728271704700BF2D0D0100B1
:100B0000100C0020064A074B1B7902604FF4B872A4
:100B1000C371FF238280082203728271704700BF75
:100B200061080100100C00202DE9F341C41D0028CC
:100B3000064624F007040CBF0020204600F0B8FD54
:100B4000071E04DA6FF00B0002B0BDE8F0810EB9A9
:100B5000FC42F7D4354D297AE879AB7A03316A7AC9
:100B600003300CF0D7FC0028ECDB3C44A978EB7890
:100B7000002E04F10304194424F0030400FB01F1E6
:100B80000CBF0020204600F047FF20440EB900288B
:100B9000D8DB2B790446B3B1697C19446B791944CD
:100BA000FF29CFDC0330002EAA89C9B220F003044C
:100BB0000CBF0020204600F09FFF0028C2DB044449
:100BC0000EB9002CBEDB012000F068FDC8B1E97A47
:100BD000B9B195F828300734002B24F0070415BF6D
:100BE000402325234FF481722822002E14BF204673
:100BF000002002F04BFD0028A4DB04440EB9002CB9
:100C0000A0DBAB7BDBB12B7993B10734002EA97B42
:100C100024F007040CBF0020204605F06FF80028E0
:100C200090DB04445EB9002C09DA8BE7100C00203D
:100C3000012000F033FD10B1EB7A002BE5D1714BB0
:100C40001B6893B1A97981B10334002EEA7B24F0AB
:100C500003040CBF0020204698470028FFF672AF1F
:100C6000044416B9002CFFF66DAF674B1B688BB1BF
:100C7000297C79B10334002E24F003040CBF00203A
:100C8000204698470028FFF65DAF044416B9002CB3
:100C9000FFF658AF5D4B1F68B7B1697CA1B1033453
:100CA000002E2B7D24F0030408BF0020009318BF02
:100CB0002046EB7CAA7CB8470028FFF643AF0444EB
:100CC00016B9002CFFF63EAF072000F0E7FC98B104
:100CD000A97989B10334002EAA7D24F003040CBF46
:100CE0000020204600F0F6FF0028FFF62BAF04445A
:100CF00016B9002CFFF626AFB6FA86F795F8210054
:100D00007F09A0B10334EB7E297E24F00704194447
:100D10003B4644F00404C9B2224601F01DF8002805
:100D2000FFF610AF044416B9002CFFF60BAF95F890
:100D30002210002957D00734002EAA8C24F007086F
:100D40000CBF002040460CF0FAFB041EFFF6FAAE82
:100D5000444416B9002CFFF6F5AE1EB1A98C4046EE
:100D600009F0B4FC297F00293FD095F82030002BF2
:100D70003BD0EA8B0734002E24F0070802F124024E
:100D80000CBF0020404692B20CF0D9FB041EFFF6C7
:100D9000D9AE444416B9002CFFF6D4AE0334AB7E72
:100DA000297E24F0070495F8200019443B4644F0BE
:100DB0000404C9B2224600F0C1FF0028FFF6C2AE0B
:100DC000044416B9002CFFF6BDAE36B1EA8B40469E
:100DD000297F083292B209F07FFCEB6A5BB176B1F1
:100DE000EC620020B0E68846B7E7002EF5D000227E
:100DF00011461046EFE7002EF3D12046A4E6283432
:100E0000FBD59FE65C00002064000020600000200D
:100E10001FB572B6194B1D6BE5B9BFF34F8F18495B
:100E2000184BCA6802F4E0621343CB60BFF34F8FE4
:100E300000BFFDE7B4FBF6F4D3B20132002CF9D1C8
:100E400003F110026A4402F80C4C0A2233B901A8DB
:100E5000A847E2E7044600220A26EDE7013BDBB2A1
:100E600003F110040DEB0406B0FBF2F402FB1400D6
:100E7000303006F80C0C2046E8E700BF100C0020CC
:100E800000ED00E00400FA0513B5114C6846A37AA2
:100E90008DF80130637A8DF80030237AADF8043094
:100EA000E379ADF8023003F05FF918B1D9210320DE
:100EB000FFF7AEFF207D03F087F908B1DC21F6E7EC
:100EC000E07C03F07BF908B1DD21F0E702B010BD52
:100ED000100C002038B5054600284AD00BF0D0FA97
:100EE00018B94FF0FF34204638BD10F068F8B0F55F
:100EF000FA7FF6D8204C21482563002500F0A6FA99
:100F000026222946A01C84F83450257084F82850E5
:100F1000E56210F037FA40F2011301212A4663809E
:100F20001B2308462171E37140F21B33A175238115
:100F300040F2023363811F23A3814FF40273E381E4
:100F400044F601136382F723E383FB23A38402F0B7
:100F5000FDFB044620B140F249310320FFF758FF62
:100F6000EFF3108572B600F007FF002DBBD162B61B
:100F7000B9E76FF01504B6E7100C0020890E0000E9
:100F800038B51446002840F0C280624D95F83430E0
:100F9000032B00F0B980B9B112B96FF0150038BD5C
:100FA0000139162900F2B380DFE801F00C1D203072
:100FB0005A63813666697B3C425055878A989B9E6E
:100FC00090A1A5001378AB700020FFF7ADFD0028BD
:100FD000B7BF012302236FF00B0085F83430A8BFA0
:100FE00085F83430DBE71378EB70EDE79378002B6E
:100FF000D3D0D378002BD0D013781A2BCDD95378F7
:101000001A2BCAD91368C5F80730DDE713786A7957
:101010009342C2D32B71D7E713782A799342BCD875
:101020006B71D1E713782A799342B6D86B74CBE70A
:101030001378002BB1D05378013BDBB2F82BACD83E
:10104000138892786B82344B9A70BDE7107868757C
:1010500008F014F8B8E71378002B9ED0AB75B3E70F
:10106000012000F01BFB237808B1012B95D9EB720E
:10107000AAE71388AB81A7E71378AB71A4E7072031
:1010800000F00CFB10B92378012B86D9072000F063
:1010900005FB18B12378002B3FF47FAF2378EB7367
:1010A00092E71378082B3FF678AF2B748CE7138800
:1010B000FF2B3FF672AFAB7386E71378EB7583E7D0
:1010C00013780E2B3FF669AF2B767DE72368134A22
:1010D000EB61636853602389138175E713786B763E
:1010E00072E71378EB766FE71378AB766CE71378DB
:1010F00085F8263068E792786178207802F026FB40
:1011000000283FF461AF4AE74FF0FF3047E76FF048
:101110002C0044E7100C0020220C00202C0C002096
:1011200070B50C46054600283BD0002939D04B0746
:1011300037D11D4E96F83430012B02D16FF00B00E1
:1011400070BD032B02D14FF0FF30F9E700F0B2F889
:101150000028F8D02046FFF7E7FC0028EEDB134B11
:10116000D3F8A828B2F1004F0ED1114AC3F8A8282D
:10117000104AC3F8AC28104AC3F8B0280F4AC3F885
:10118000B4280F4AC3F8B8280FF082FE2846F16A47
:1011900003F08EF8FFF778FE0323002086F8343042
:1011A000CEE76FF01500CBE7100C002000A0085030
:1011B0005F00500308001C00040054011FAAF8003F
:1011C0000700D00010B5084C94F83430032B05D13B
:1011D00003F08AF809F070FA03F09CFE0CF0D8FADC
:1011E000002084F8340010BD100C002050B1074BD3
:1011F00003F1140253F8041B934240F8041BF9D185
:10120000002070476FF01500704700BF63CF0200E9
:10121000074B10B593F834403CB903F013F80320A2
:10122000044900F033FA204610BD4FF0FF30FBE7D1
:10123000100C0020050B0000074B10B593F834404C
:101240003CB903F013F80220044900F01FFA2046CD
:1012500010BD4FF0FF30FBE7100C0020E10A00004A
:10126000054B10B593F834401CB90DF0B3FC204683
:1012700010BD4FF0FF30FBE7100C0020054B10B500
:1012800093F834401CB90DF0A8FC204610BD4FF077
:10129000FF30FBE7100C002002680020014B1A60B1
:1012A000704700BF480C0020014B1B68184700BF67
:1012B000480C0020024B1868003818BF0120704706
:1012C000480C0020F7B504462D4E071D2C4837600A
:1012D00003F038FE0228054606D1294920460BF0C6
:1012E000F6FA284603B0F0BD042842D13378092B22
:1012F0000AD0252B1ED0314620460BF062FBB0F5FC
:10130000817F2DD3722112E005213E200BF0B2FA2D
:101310000028F0D1F37801A93279684643EA022324
:10132000ADF800300BF0CEFE0028CFD053210820BE
:10133000FFF76EFD1A213E200BF09CFA0028DAD14F
:101340007368694601A8C3F30F23ADF80430112375
:101350008DF806300BF0D8FE0028B7D06521E6E7FF
:101360000028B3D0A17820780BF084FA0028B8D1F7
:10137000ACE70828B5D1024920460BF0E0FAB0E707
:101380004C0C0020074B4FF0FF3141F6FF72C3E9D0
:10139000001205490022C1E900221F21C3E90212FF
:1013A000704700BF00000020500D00203F280CD8DF
:1013B00001380B4BC0F3421200F01F0053F82230EB
:1013C00023FA00F000F001007047FF2806D04038F3
:1013D000044BC0F3421200F01F00EFE701207047FA
:1013E00000000020500D0020074B014600684968AE
:1013F0001A4603C240F48C221A6041F0107242F483
:10140000FF625A60704700BF000000200246024B96
:101410000068516803C37047500D00200246024B1C
:101420000068516803C37047080000200138064B6C
:10143000C0F3421200F01F0003EB82039B6823FA03
:1014400000F000F00100704700000020014B186020
:10145000704700BF580D002010B5FFF793FF0CF048
:1014600016FE034B04461B6803B19847204610BD87
:10147000580D002038B5274B0446D3F8A023D3F8E5
:10148000A413013106D1D3F8A8334FF6FF719BB2F4
:101490008B423DD0D3073BD51E4DD5F8A423D5F8BC
:1014A000A833C4F80120A4F80530C3F3072363F080
:1014B0003F03A371D5F89033013323D0D5F894338B
:1014C00001331FD0D5F8983301331BD0D5F89C33A6
:1014D000013317D0002003F06DF898B9D5F89003C8
:1014E000D5F89413D5F89823D5F89C33C4F80700A1
:1014F000C4F80B10C4F80F20C4F8133001230020E7
:10150000237038BD10220021E01D0FF03BFFF5E7EE
:101510000023F4E700C0FF0070B5274D1022002122
:101520000446D5F8A0630FF02DFF10220021A0186B
:101530000FF028FFD5F8803301330BD1D5F8843371
:10154000013307D1D5F88833013303D1D5F88C3373
:1015500001330BD0D5F88003D5F88413D5F8882350
:10156000D5F88C3320616161A261E361002003F052
:1015700021F808B9F3071CD40F4BD3F8902301329C
:101580000BD1D3F89423013207D1D3F89823013239
:1015900003D1D3F89C2301320BD0D3F89003D3F8B6
:1015A0009413D3F89823D3F89C3320606160A26031
:1015B000E360002070BD00BF00C0FF0070B50C8864
:1015C000C27CA6B2C4F30E04931C058804F1140275
:1015D0001D44825AADB21A4443882A44013AB2FBF0
:1015E000F5F202FB054292B29342044B8BBF3340AB
:1015F000B34313439BB20B8070BD00BF0080FFFF5D
:101600004A1E062A08B50346084604D84FF4D1718D
:101610001520FFF7FDFB094A914202D940F2A311C0
:10162000F6E711B903B1196008BD2BB11B680022A0
:10163000C3E901211A1D1A600430F5E7FAFFFF7FA4
:1016400010B5114B00EB41041A786389B3FBF2F338
:1016500003FB0223013A1A44B2F5706F027928BFE6
:1016600000231A448378B2FBF3F0194403FB1020E3
:10167000091AB1FBF3F003FB101313446FEA434361
:101680006FEA5343638110BD5C0D0020024B03EBF6
:1016900080035960704700BF5C0D0020034B03EBD3
:1016A00080035868003818BF012070475C0D002087
:1016B0002DE9F04F10F0070A85B0054604D040F23E
:1016C00061111720FFF7A4FB544F04464FF0010BA4
:1016D00007F14806B146B04657F8043B8DF80BA019
:1016E0003BB101A898479DF80A30082B01D9E821A1
:1016F000E7E79DF80B1081BB05B13160B94506F1F4
:101700000406E9D12DB30023DFF814E111221E46AF
:101710008EF8003058F82200013A60B190F804A029
:101720008178BAF1FF0F64D14FF000078E42077144
:101730003CBFCEB20123511CECD10BB18EF800603E
:10174000112640F6FF6A58F82670002F63D1013E3B
:10175000F9D2601B05B0BDE8F08F9DF80AC04A1DA4
:10176000BCF1020FE64604EB420438BF4FF0020E14
:1017700053000EF1FF300444CEF100002040BDF8CC
:1017800008406444CCF1000C013C04EA0C04B4F5BC
:10179000803F01D3F82194E775B1C31A3360997083
:1017A0001C8083F803B09DF80C201A71019A4FEA4F
:1017B000124C1A81A3F806C004FB01049EE758F8F6
:1017C0002C90B9F1000F06D099F804B0D34504BFAE
:1017D00099F802904F440CF1FF3CBCF1000FEEDA97
:1017E0003944FF29A2D90BB18EF8006040F22711CD
:1017F00067E794460027F0E707EB410309F1010989
:101800003846A3F80AA0FFF71BFF5FFA89F1BB78FF
:101810008B42F1D89BE74FF00009F6E7600D0020FE
:101820005C0D0020034B03EB8003D86C00B1807883
:10183000704700BF5C0D0020F8B54FF6FF730546FA
:101840000380184B03EB8103D86CB8B18678037919
:10185000B3FBF6F206FB1233DBB219460A1D00EBAE
:101860004202B2F902705488002F09DB0131B1FB4A
:10187000F6F206FB1211C9B28B42EFD10020F8BD7F
:10188000FF29FBD0C4F30E03C4782B8024B94FF496
:10189000D5711720FFF7BCFA5380BDE8F8400BF074
:1018A00018BE00BF5C0D00201D4B03EB810370B51B
:1018B000DC6C054644B3030404D54FF4DC711720F7
:1018C000FFF7A6FA014620460BF0E6FDFF28014689
:1018D00004D02046BDE870400BF0FBBDA078B5FBFE
:1018E000F0F300FB1353DBB219460A1D04EB42066A
:1018F000B6F90260002E09DB0131B1FBF0F200FB0A
:101900001211C9B28B42F0D1002070BDFF29FBD06B
:101910008B4204EB42021CBF0023E3705580D8E7E2
:101920005C0D0020094B03EB8103014610B5DC6C14
:1019300020460BF0B1FDFF28014604D02046BDE84B
:1019400010400BF0C6BD002010BD00BF5C0D002094
:10195000F8B5104B074603EB81030146DC6C2046CB
:101960000BF09AFDFF28054611D0E688238953EA3B
:10197000064606D0014620460BF0ABFD0146384630
:10198000B04720462946FFF75BFE0020F8BD052042
:10199000FCE700BF5C0D002038B50E4B0446827991
:1019A00003EB8203D86C08B9052038BD8278E17951
:1019B0009142F9D24B1CE37100EB41035D89B3F90D
:1019C0000A30002BF3DBA5800BF083FD20600020A4
:1019D000EBE700BF5C0D002008B50E4B03EB810365
:1019E000DA6C22B940F226211720FFF711FA91781C
:1019F000831A481DA3EB40031088B3FBF0F3002BC0
:101A000001DB994202DC40F22921EDE702EB4303BE
:101A1000588908BD5C0D002070B5044610F0030025
:101A20000E4603D04F211820FFF7F2F9FFF7E8FD2B
:101A3000054624B1034831460460FFF7E1FD28461E
:101A400070BD00BFF00D00202DE9F14FDFF870B040
:101A50001E4607460D46DBF8003090469DF828A04C
:101A60009DF82C901BB961211820FFF7D1F952463F
:101A7000092140460BF097FB4A4684B209213046C3
:101A80000BF091FB81B2DBF8000021440BF0D9FC94
:101A9000386018B9286001B0BDE8F08F044453469F
:101AA000414609222C6038680BF036FB4B46092270
:101AB0003146286801B0BDE8F04F0BF02DBB00BFE8
:101AC000F00D002070B50E4604460BF07FFB054676
:101AD00030460BF07BFB044B2A1821461868BDE802
:101AE00070400BF0D2BC00BFF00D0020014B186815
:101AF0000BF09BBCF00D00201F2AF8B504461346DE
:101B00000ED89200033222F00303B3F5803F2DD2AA
:101B1000184DACB1A00710D05F210920FFF778F96C
:101B2000FF2B4FEA420204D9FF339A42A8BF1A465C
:101B3000E8E77C2AB8BF7C22E4E729706C602B813F
:101B400022F0030228230127120403FB01F06B6833
:101B50000025120CEEB28E4200D3F8BD14B1261847
:101B60001F705E60104401352833F3E74FF0FF30FB
:101B7000F3E700BFF40D0020144A002138B5536884
:101B80001478C8B2844203D8AB210920FFF740F98A
:101B90001846013128330578002DF2D000218170DC
:101BA000012412898161051D44709208C16100F110
:101BB0002001446821F8022B994245F8044B144453
:101BC000F8D100234361037038BD00BFF40D00203D
:101BD0000A4B1B89B3F5FF7F4FEA930006D25A08E0
:101BE0009B1A9BB2984238BF18467047B3F5EE6F08
:101BF00001D8FF22F4E740F27263F3E7F40D00200E
:101C00002DE9F8434B7880460C4602F0040602F0BA
:101C1000FB07D3B1DFB12E4BD4F804901D89B7BBBD
:101C20000123AD084A46211D637004F1280004F128
:101C30002003A761E76123F8025B984241F8042B77
:101C40002A44F8D10023636101E0002FE3D0FF2391
:101C5000A370002E18BF0226A3191B7D032B03D1EE
:101C6000022F1CBF0136F6B2A31901221A7506F124
:101C70000C02002304EB860624F812307268A3706D
:101C80004046C8F80020A8F80430BDE8F8830021D9
:101C900014226170A0180FF075FBB5F5FF7F0FD20D
:101CA0006B08ED1AADB209EB0502C4F80490258467
:101CB000A2606384C4F80C90A5842261E384C6E723
:101CC000B5F5EE6F4FF0FF03EBD940F27265EAE72E
:101CD000F40D00202DE9F84305460C46F7200521B8
:101CE00091460BF060FA061E22DB1DB906FB04F0DC
:101CF000BDE8F88315F0030703D098211920FFF7FA
:101D000087F8DFF83480C8F81050A5B2A8F814603E
:101D1000BBB29D42EAD9B8F814C04B46D8F81000BF
:101D20000522F72107FB0C0001370BF0F5F9EFE76F
:101D30004FF0FF30DCE700BF080E002007B5CDE90B
:101D400000230B4603490246081D0BF0FBFC03B0C1
:101D50005DF804FB200E002013B5064CCDE90023EE
:101D60000B46024604F1080104F10C000BF0EAFCFA
:101D700002B010BD200E0020124B01224FF0FF30A8
:101D800000211B685A60C3F80803C3F80015C3F8A4
:101D900004250D4B1B685A6040F6FE72C3F8080319
:101DA0004020C3F80015094B0949C3F80825C1F8BC
:101DB0008800BFF34F8FBFF36F8FC1F88801C3F85E
:101DC00008257047C81C0020C41C002000200850B3
:101DD00000E100E00A460648382302F8033BC368E6
:101DE000C1F803300369536043699360704700BFD3
:101DF000300E0020024B5A8C02435A845B6A18470B
:101E0000300E0020014B00215B6A1847300E002085
:101E100010B5154C08F046F807F076FB208DFFF75B
:101E2000F1FF237E63B12246104904F1190052F8F4
:101E30000C3BE36063685360A36893600DF09CFE05
:101E40000B4B228D93E8030003F0E2FF236B18880D
:101E500003F008FFA36B94F8341094F8350098470A
:101E6000002384F83C3010BD300E0020D51D00004A
:101E70005C0E0020034B93F83C300BB1FFF7C8BF5A
:101E8000704700BF300E002070B5224C0646636CD0
:101E9000256B236495F8A43094F848000BB1043006
:101EA000C0B295F87D102EB9FF2803D195F87C308B
:101EB0008B4201D007F06AFE95F8A43023B3E06CA2
:101EC00008F0D2F894F82C30E16C003B206C18BF7D
:101ED000012384F87030D5E94223C4E9182307F0C0
:101EE0002DFA46B995F87D30033B012B94BF28208D
:101EF000002008F0F7F895F87C10002008F052F95F
:101F0000022384F83C3070BD206C08F0ADF807F077
:101F1000FBFAE6E7300E00200138C0B2032808B50E
:101F200004D940F22B410620FEF772FF014B185CEA
:101F300008BD00BF586C020008B5094B93F83C205F
:101F4000022A04D040F253212720FEF761FFDA7AFB
:101F500042F00102DA72BDE80840FFF759BF00BF46
:101F6000300E002010B50E4CA26F137803F003035F
:101F7000032B04D1D378022B01D1002010BDE06FD8
:101F80000BF0B6F90028F9D1A36F1B7803F0030317
:101F9000032BF2D002F0CEFA80F00100C0B2EDE7E0
:101FA000300E002038B51E4C0546D4F880309847D6
:101FB00008B9012038BD94F83430002BF9D194F8D9
:101FC0002C301BB9012D03D00020F3E7002DFBD1ED
:101FD00094F88430DD06C3F3001001D5FFF7C2FF8B
:101FE000636CD4F888201B78C3F300132AB9B4F8C3
:101FF0008C2013B1B2FA82F35B0994F82C10628C36
:1020000039B1910705D5A36FD878023818BF0120E0
:10201000D0E7002ACDD10028D6D183F00100C9E74E
:10202000300E00202DE9F341324C06460F4694F85D
:102030003C30256B012B5FFA83F804D040F2C1419C
:102040002720FEF7E5FE95F8943053B100210420D7
:1020500085F89410FFF7CEFE94F82C300BB185F87C
:102060009680A16F0B7803F00303032B05D195F83D
:102070009A3013B90220FFF7BDFEA26F137803F068
:102080000303032B02D053782BBB012385F89A302E
:1020900095F8A430CBB194F82C30226B003B94F827
:1020A0004880D5E9420118BF0123C4E9180192F81C
:1020B0007D0084F87030FFF72FFF002203460E49A1
:1020C00002200092424607F0D1F836B102B0BDE8D6
:1020D000F041FFF79DBE0223D8E7002FF6D030462F
:1020E000FFF760FF0028F1D102B0BDE8F041FFF733
:1020F000CBBE00BF300E0020800E002037B5724CE2
:102100000023256B8DF8053095F8A42094F848300D
:102110000AB10433DBB295F87C1028B9FF2B03D148
:1021200095F87D308B4202D0FF2007F02FFD95F807
:102130009A30032B00F2B680DFE803F0023B94A74D
:1021400094F88E306148ADF80630A5F86C3002F096
:10215000C7F980B1A16F4FF48070FFF74BFE0121EA
:10216000A36F85F89510DB781B2B1ED105F11000AD
:1021700007F03CFD19E00DF105020DF10601E06FDD
:102180000BF04CF8A067A0B195F8E1308BB99DF841
:1021900005302BB9038001218370A06F0DF09FFBE8
:1021A000BDF80610A06F0DF08EFC012384F88F306F
:1021B00001E0474BA36795F89B30A16FDB0003F06C
:1021C00008020B7803F0F303134395F89C20920068
:1021D00002F00402134323F010030B70FFF7C2FE5A
:1021E0000028A06F14BF102300230278134303704C
:1021F00095F8A330002B58D04378002B55D0E06CD5
:1022000007F032FF94F82C30A06FB3FA83F35B0928
:1022100084F87030D5E94023C4E918230DF074FB2D
:10222000021EE16C18BF0122A06F08F023F918B953
:10223000A16FE06C07F082F8A06F0BF0BBFA95F885
:102240007D10012007F0AEFFA26F0123118884F8F2
:10225000E030A4F8841091781E4A84F83C309170E4
:1022600003B030BDB5F86C300DF105020DF106017B
:10227000E06FADF806300AF0D1FFA067002894D1D6
:1022800040F2F3212720FEF7C3FD104802F028F9A1
:1022900010B940F2FD21F5E7A36FDB781B2B84D149
:1022A000012163E740F20B31ECE707F0DDFE07F0B8
:1022B0002BF9A06F0DF028FB011EA06F18BF0121A4
:1022C0000EF016FEB8E700BF300E0020A80E00206A
:1022D000C00E0020B40E0020064B10B593F83C2031
:1022E00002F0FF0422B91C7603F08AFD204610BDDF
:1022F0000C24FBE7300E00200A4B0B4A70B5064653
:102300000D461A60FFF7E8FF18B1E1212720FEF71C
:102310007FFD064C012104F190000DF0E0FA6664A7
:10232000E56470BD7800002068000020300E0020B9
:10233000024B012283F8E120704700BF300E0020DD
:102340002DE9FF41B14D02AE0A9F86E8030095F8E2
:102350003C1001F0FF0411B90AB103B127B940F2F2
:102360006F112720FEF754FD96E8030005F12C0CB1
:1023700085F8E14085F8344085F8E24085F835403D
:1023800085F8E04085F88F406C842C856A62C5F83A
:102390008030AF638CE803002C6B07F049FC07F03A
:1023A000B3F894F9800007F0B7FCA06B07F040FE8B
:1023B000206A07F0B7FC94F8B40007F0D9FC95F850
:1023C0002C60E26941F64B53002E40F0CB809A42DC
:1023D00000F2B7804D2007F069FB304607F02EFD74
:1023E0006E2194F87C20002007F048FD884B186887
:1023F00007F024FE6369EB67A369C5F8E43094F83D
:102400008B307BB9D4F8842062B1B4F8CE10B4F824
:1024100098308B4206D1B4F888100B44A4F8CE3023
:102420000123136004F588737A4E04F590771868D9
:10243000083353F8041C3246BB4203C21646F6D199
:102440005968D4F820012B6B734A03C293F89E207D
:1024500093F87C00A2F12601012904D993F89F107A
:10246000262940F0948095F82C20002A40F08C809A
:1024700093F84A120BF08EF9064604F144073146F0
:1024800038460DF0E2FB31460CF004FFB4F8503052
:1024900094F87D10834228BF0346384685F88E3075
:1024A0000DF0A0FB94F87D1094F8A4600429B4F812
:1024B000588008BF03210CF0EDFE0EB9043080B245
:1024C000404528BF40465FFA80F885F8E88002F072
:1024D0002DFE20B1B8F1490F38BF4FF0490895F8EB
:1024E0002C6085F84880002E76D194F8A3308BB10B
:1024F000012394F87C0085F87030D4E94023C5E9C5
:102500001823FFF709FDFB220346424904200096E9
:1025100006F0ACFE0120FFF7F1FD00232B606B609D
:10252000AB60B4F898306B8023882B8094F8B4307B
:102530002B71D4F88C300BB101221A6004B0BDE8C5
:10254000F081962007F0B2FA94F87C20334B03EB2D
:10255000820359684FF47A7301F5FA71B1FBF3F114
:102560006E313EE79A420AD84D2007F09FFA0120CB
:1025700007F064FC9B2194F87D20012034E796202D
:1025800007F094FAC421F6E793F8D61272E7213ADD
:10259000012A0FD824290FD095F82C20BAB193F82E
:1025A0004E315A0711D413F001017FF463AF03F0E9
:1025B00002015FE724290AD195F82C203AB193F85B
:1025C0004E2193F875301340EBE7042152E70328BE
:1025D00014BF0646042650E794F8A43093B10123B3
:1025E00094F87D00D4E9426785F87030C5E9186732
:1025F000FFF792FC00220346064900920220424661
:1026000006F034FE0120FFF73FFC86E7300E002085
:1026100078000020800E0020980E0020586C0200E8
:1026200008B5114B93F83C201AB9BDE80840FFF7F4
:10263000EFBB93F82C2042B993F83C30012B12D019
:1026400040F231212720FEF7E3FB93F83C20022AD9
:1026500002D040F23521F5E71B6BD3F81802BDE834
:10266000084007F013BD08BD300E0020014B18765E
:10267000704700BF300E0020014B93F8E000704718
:10268000300E0020044B93F88F201AB9188DC0F338
:102690000030704701207047300E0020024B188D2B
:1026A000C0F3C020704700BF300E0020014B93F8EC
:1026B000E2007047300E00202DE9F34182071E4DE5
:1026C00006460F462C6B22D5D5F8883023B940F248
:1026D000B2412720FEF79CFBB5F88C201846296CE8
:1026E000033291F801800EF022FE0DF1020201A9E1
:1026F0002864D5F8E4000AF08EFE01980AF075FE11
:10270000012238604146D5F8E4000AF03BFEF307A9
:102710000ED5D4E94232013342F10002C4E942321B
:1027200094F89C30012B0CBF0023012384F89C30CB
:1027300002B0BDE8F08100BF300E00202DE9FF4758
:10274000B44C002380468946276BCDE9023394F8C8
:102750003C30022B04D040F235512720FEF758FBC5
:10276000238D590606D44020FFF74CFB238D43F000
:102770004003238597F8A430B8F1000F00F0508192
:10278000A3B106F0CFFE88B9236C5A7872B11B78DA
:1027900097F89C20C3F3C0039A4207D1012384F821
:1027A0003530FFF735FB04B0BDE8F087236C59786E
:1027B000A4F88C1009B3D4F8E4000AF0BAFDC4F808
:1027C0008800238D97F89B2043F400732385236CA6
:1027D0001B78C3F380039A4200F0C280256B95F802
:1027E0009A30002B40D0022B11D102A9E06F0AF0E1
:1027F00037FD28B940F22B41AFE7C4F88810E0E775
:10280000D5E94032013342F10002C5E940320021EE
:1028100094F82C3085F89A103BB195F8963023B196
:10282000102085F89610FFF7E5FA95F895309BB1E2
:10283000002685F8956001F065FE10B940F242412E
:102840008BE731460820FFF7D5FAD5E9403201334E
:1028500042F10002C5E9403295F89B30012B0CBFD4
:102860000023012385F89B30238D4FF0000A43F4A9
:1028700000632385216C97F89C200D78C5F3C00375
:102880009A426FD00025206C0AF094FF97F8A3308D
:10289000B3B194F82C3097F87C00B3FA83F35B095A
:1028A00084F87030D7E94023C4E91823FFF734FBDC
:1028B00000220346584900920420FB2206F0D6FC71
:1028C000B9F1000F00F0C380012607F091FC1DB1A3
:1028D00003A90220FFF7F0FEBAF1000F10D094F820
:1028E0002C3043B1B4F80720B4F805301343B7F8DF
:1028F0009820134304D0B4F809300133A4F8093008
:10290000B8F1000F00F0BD80B4F805300133A4F831
:102910000530002384F8E230404803F091F9029832
:1029200030B10AF062FD216B0022027202F05AFB04
:10293000039B33B1216B00221A720C22039802F020
:102940001FFB002E7FF42DAF238D1B063FF52BAF11
:102950008020FFF757FA238D43F08003238522E779
:10296000C24687E705F00305266B032D14D0F5B9A1
:1029700096F89C30013B18BF012386F89C30236CED
:102980005B78002B3FF47FAFD6E94232013342F14E
:102990000002C6E9423276E7238D0120002543F488
:1029A000805386F894002385FFF724FAE0E74D78FA
:1029B000002DDDD0238D96F8A45043F48053238559
:1029C00007F08EF8042894F8E83006D1002D14BFE3
:1029D0001B221F22934228BF1346226C52789A4230
:1029E0000BD8D4F88830002B3FF44CAF94F8E1308A
:1029F0006BB12020FFF706FA44E794F83430012049
:102A000043F0100384F8343008F090FA3AE7454672
:102A1000AEE700BF300E0020800E00205C0E0020CC
:102A20000BB106F093FD94F8E230013384F8E23004
:102A3000238D43F48063238597F87D30033B012B7E
:102A400002D8012008F072FA0025AA461EE794F881
:102A50002C2094F8E2303AB1628C120704D5A26FB0
:102A6000D278022A3FF430AF012B3FF62DAF012080
:102A7000FFF798FA064600287FF426AFFFF73EFBE3
:102A800025E7B4F807300133A4F8073044E700BF66
:102A90002DE9F04F04468BB01E4600230D46174625
:102AA000069390F87D800CF0F4F894F806320B2B26
:102AB00004D940F2C1310620FEF7AAF9C64A32F81D
:102AC00013B094F89F308344039387F001031FFAF7
:102AD0008BFB0493A7BB94F84432032B30D1039BA8
:102AE0000E2B2DD1B4F8D432AB4229D1D4F84C32CC
:102AF0002046B4F81C22C4F83832E369C4F83C32EA
:102B0000B4F892321344C4F8403206F07DFAE26918
:102B1000D4F8DC329A4203D004F128000EF0A8F970
:102B2000D4F8D832E363B4F8D632A4F84030D4F8FD
:102B3000DC32E361D4F8E0326362022384F8443289
:102B4000B4F890A204F51873B4F89890A5EB0A0AAB
:102B50000593A5EB09090FFA8AF30FFA89F9002BFF
:102B600017DAD4E99E23C4E9A2230023012284F8C2
:102B70005B324B4694F844A2984F5FFA8AFABAF156
:102B8000030F00F2CE81DFE81AF006002B0163008C
:102B90004B013246EEE794F87D1094F816020CF0E3
:102BA000A0FB8046E06B594640440EF000FA5946BF
:102BB000C4F84802E0690EF0FAF9E26941F64B53B5
:102BC00007A99A4298BF4FF0020A5044C4F84C0239
:102BD00008A807F015FB079BD4E9A2010093DDE9E3
:102BE00008230EF07CFA814620460AF008FED4F84D
:102BF000943294F87D00D4F83CA0069307F032FCA0
:102C0000069B00F52240D4F84812BB3BB1309A44F1
:102C10004FF47A73AAEB010A3031B0FBF3F0D044E1
:102C2000B4F84030A8EB090803EB4101A8EB000021
:102C3000069094F87D000AF0EEFDD4F89422069BED
:102C400038609B1ACC2B68D840F2C641302033E75D
:102C5000E36B5946D4F83C0218440EF0A8F95946E3
:102C6000C4F84802E0690EF0A2F941F64B53E2695C
:102C70009A4288BF4FF0000A5044C4F84C022046E4
:102C80000AF0BDFDB4F81C32D4F83C80D4F83CA264
:102C9000002B40F09A80002E00F09780D04494F8EA
:102CA0007D0007F0DFFBD4F84832A8F1BB0800F53F
:102CB000224994F87D004FF47A7BA8EB0308D4F8FE
:102CC000803209F1B1099844C31ED4E99E12012B48
:102CD000A8EB0108B9FBFBF974D907F0C3FB00F2BC
:102CE000E730B0FBFBFBA8EB090808EB0B000690F4
:102CF000D4F84812D4F83832D4F84022303194F85D
:102D00007D0002FB0311B4F8403003EB41010AF0EF
:102D100082FD0123386084F84432E3694FF00008F3
:102D2000D4F84C2204F14400A3F5A2733F6806993D
:102D30009B1A84F860829F4228BF1F46D4E9A232C2
:102D4000C4F818725B1842F10002C4E99C320CF01E
:102D500047FF0744A4F89052C4F86472D4E99C2356
:102D6000C4E9A22305F080FB20B1D4F864321E33FD
:102D7000C4F86432B4F8081284F868824D1B2DB28E
:102D8000002DC4BF022384F86832039B0E2B00F091
:102D9000CB80002E40F0C98094F84432002B00F024
:102DA000E180E16904F51870D4F84C32C91A0CF0CE
:102DB00040FA80B2002800F0D580149B03B118803F
:102DC0000120DFE04FF03E0B8DE7D044D4F84832CD
:102DD000A8EB030306938BE7706C02001C0F002026
:102DE000D4F84C22E169D4F83802891A4B43D4F85C
:102DF00040120693B4F81C329944CB439944D4F85A
:102E00004832303300FB0133B4F8401094F87D00B1
:102E100002FB093301EB43010AF0FDFC38607CE75B
:102E2000E069584306905EB3B4F81C1241BB84F8C5
:102E30005B12D4F84C1201FB130A94F89E30262B37
:102E4000CDF818A003D094F89F30262B09D1B4F800
:102E5000D432EB1A1B0404D494F8D732002B18BFD9
:102E60009846002A3AD0B4F81C32BBBBD4E99E2362
:102E7000D4E9A00182428B4108D340F21A51E5E621
:102E800094F85B1200297FF448AFD2E794F87D00F4
:102E9000C31E012B40D907F0E5FA00F522404FF49C
:102EA0007A7BB130B0FBFBF000F1AB0BD4F8803291
:102EB00094F87D00103BD4E99E125A1AC31E012BD0
:102EC00092442CD907F0CEFA4FF47A7300F2E7302F
:102ED000B0FBF3F0AAEB0B0A50440690B4F81C12B6
:102EE00040468944D4F84C1201FB09F909F1300934
:102EF0004FEA490949460AF08EFC244A41F64B53F1
:102F00001060E06998423FF608AF06AB49460CF006
:102F100005FA84F85B0200E74FF4897BC6E73E20A0
:102F2000D8E740F2325191E6E6B1B4F8301219B365
:102F3000B4F8322294F83432501CA4F8322202FB46
:102F4000033399420EDD94F868325BB10023A4F894
:102F5000320284F8683202F0EFF800F00700013026
:102F600084F8340204F5187194F85C0208F03AFE13
:102F700020B940F27B5169E60A46DBE7049B84F8FE
:102F8000583200200BB0BDE8F08F00BF1C0F0020AE
:102F9000F0B5044685B018B9A6213020FDF738FFFA
:102FA000072900F20B81DFE811F008003E003E0027
:102FB00039000901F500FD00070190F858321BB3F4
:102FC000B0F85632B0F89820934217D1B0F80C22DE
:102FD000D31AA0F89820A0F80E322046D4E99C23FA
:102FE000C4E99E2305F02CFF94F81332002B00F067
:102FF0009F8005B0BDE8F0400DF0BDBE9A1AA0F864
:103000000E22A4F89830E8E7B0F85432B0F89820CF
:103010009B1AA0F80E32B0F85432F2E705B0BDE8C2
:10302000F04007F0F9B80DF0EAFFD4E99E23801ACA
:1030300061EB0301012871F1000302DA40F206613D
:10304000ABE76FF0010383424FF000038B4102DADC
:1030500040F20761A1E7E3690BB1B0FBF3F394F829
:103060009F10B4F856220E2942D10132A4F85622FC
:10307000B4F8923202AEB4F898500133504FA4F82D
:103080009232B4F8D4301D44B4F8D230013DED1A78
:10309000ADB23B685BB1B4F856120022204601394C
:1030A00089B29847B4F856321844A4F85602B4F8D6
:1030B00056126B1A18043DD40023204600961A4677
:1030C000FFF7E6FC88B301282CD1B4F85622B4F8F7
:1030D0000812BDF808301344521A12049BB204D5EA
:1030E000EA1A12F4004F18BF0B46A4F85632D0E784
:1030F000B4F898100B449BB2D11A0D0454BF531C62
:1031000001339BB2A4F8563294F85932002BAFD158
:10311000B4F80C32B4F85622934204BF0133A4F839
:103120005632A5E740F2546137E7D4F88430F3B95A
:1031300005B0F0BD94F8A23030460394002B0CBFCC
:103140003E23082384F8C13001238DF8083002F0B3
:103150001FFB20460DF011FE002394F85C0284F85A
:10316000443208F0C5FC202384F85C32E0E7B4F870
:10317000CE20B4F856329B1A1BB2002BD8DDB4F81F
:1031800088100B44013BB3FBF1F303FB0123A4F8CC
:10319000CE30CDE7012007F0C9FE05B0BDE8F04014
:1031A0000AF018BB90F84432042B01D0C521F4E694
:1031B000002380F84432BBE7CB21EEE6CF21ECE6DA
:1031C000840000202DE9F04104460E46154690F893
:1031D000403103F0FF071BB10C273846BDE8F081F2
:1031E00001464C4808F066FC20288046F4D058225E
:1031F000394604F58C700EF0C5F884F81881C4F8CF
:103200001C61FF2384F8403136B101F0ADFF00F0BE
:103210000700013086F8340202234FF00008A4F8BA
:10322000503184F848810DF0CCFE00F1490620466B
:103230000DF0ADFB0146B6B2D8B30BF02AFD00F598
:10324000CD61284689B20DF0B2FE2844C4F84C0185
:103250000DF0D5FE30184FF00106A4F8268041F19C
:10326000000184F82061C4E9560120460DF0A5FB59
:10327000D0B1A5F59465314620460DF0FBFA2D1A24
:10328000C4F824514FF0FF326FF00043C4E95823D3
:1032900004F5A47194F8180108F0A4FC70BB40F286
:1032A000C1113020FDF7B4FD3046A43D0DF075FC92
:1032B000E5E72046DFF860800DF0DCFAA430C4F8C2
:1032C0004C01B8F8040048B1E08C38B101F04CFF73
:1032D000B8F80430B0FBF3F202FB130006440DF023
:1032E0008EFE361841F10001C4E95661002DC9D0A7
:1032F000AE1941F10001C4E95861C9E7D4E9562388
:1033000000212046C4E94C23C4E94E230DF075FB8F
:1033100063E700BFE5D800001C0F0020F0B50023D4
:1033200085B0CDE9003303238DF806306846FEF7FB
:1033300033FB88B11D4E01230027B3710223CDE971
:1033400002778DF80E3002A8FEF726FB0546A8B1DD
:103350000023B37105B0F0BD00980AF0A9FBE5E7C2
:1033600090F85C0208F05AFF94F85C0284F844522A
:1033700008F0BEFB202384F85C32DFE7029B002BC1
:10338000E1D093F85C22202ADDD018884FF6FF7335
:103390009842DDD00221FEF7C5FA04460028DFD1AD
:1033A00040F22B113020FDF733FD00BF1C0F002031
:1033B000044B0022DA719A7142F210729A80FFF780
:1033C000ADBF00BF1C0F0020014BD871704700BF7C
:1033D0001C0F002010B5044606F088FB074B9A68C6
:1033E000824208D3E16941F64B52914203D9987960
:1033F00080F0010010BD0020FCE700BF1C0F002082
:10340000F0B5044685B090F8133203F0FF05002BA9
:103410006ED190F84432032B6AD10DF0F0FDD4E95F
:103420009E23801A61EB0301012871F100035FDB29
:103430006FF00103834275EB010304DA40F2AF51F0
:103440003020FDF7E5FCE269B4F898300AB1B0FB32
:10345000F2F2013313449BB2A4F85432B4F80C32A4
:10346000B4F854229B1A1BB2002B41DD94F85C0285
:1034700008F0BEFC00283BD0FF2384F85932B4F892
:10348000D4300DF10E07B4F898501A4E1D44B4F81C
:10349000D230013DED1AADB2336863B1B4F85412C5
:1034A00000222046013989B29847B4F854321844B2
:1034B00080B2A4F85402B4F85432EB1A1B0417D4A7
:1034C000B4F8541200230122204689B20097FFF776
:1034D000DFFA68B1012808D1B4F85432BDF80E20E3
:1034E00013449BB2A4F85432D6E740F2F651A7E752
:1034F00005B0F0BD840000202DE9B3430446062941
:103500007FD8DFE801F0042815252C3179003E4BE7
:103510009B7903F0FF025BB900920123B0F80C1213
:10352000FFF7B6FA38B140F2CA613020FDF770FCFF
:10353000042384F8443206F011FD08F0BDF900239D
:10354000B4F89820A4F89232A4F8562284F859329C
:1035500002B0BDE8B083032380F84432F8E706F0F8
:10356000E5FAC4E9A001F3E7284B1B6803B19847CB
:1035700094F87D30E569033BDFF88C90012BD4F89B
:103580004C3294BF4FF028084FF000089D4208F5D8
:10359000807888BFED1A99F8073098BF00251BB9CD
:1035A000636C9D4228BF1D46D4F8187204F1440094
:1035B0000CF016FB0744022008F084FD0221ED1BED
:1035C00025EAE575854228BF0546284608F0C0FD76
:1035D00000B92F444246394620460CF08BFBD4F804
:1035E0001832C9F80800E069184408F03DFD0028C9
:1035F000AED140F2793198E702B0BDE8B0430AF0AD
:10360000FEB840F2657190E71C0F00207C0000209E
:10361000012A70B505460C46164615D0022A18D068
:1036200042BB06F063FA3246014620460AF010FA21
:103630002A46124994F8180107F068FC40B94FF483
:10364000EF613020FDF7E4FB06F050FAC5F8940274
:1036500070BDD0F89412012220460AF0F9F92A46EA
:10366000064994F8180107F051FC0028F0D140F207
:103670008971E6E740F28F71E3E700BF912F000008
:10368000014B9880704700BF1C0F0020303270B58E
:10369000054692B20C461E4609F051FF35B1044A68
:1036A00000231560147556751471936070BD00BFCA
:1036B0003C0F0020014B1870704700BF1100002024
:1036C000014B5870704700BF580F00200138C0B23E
:1036D000032808B504D940F217310620FDF798FBFE
:1036E000014B185C08BD00BFF46C02000138C0B289
:1036F000032808B504D940F217310620FDF788FBEE
:10370000014B185C08BD00BF786D02000138C0B2E3
:10371000032808B504D940F217310620FDF778FBDD
:10372000014B185C08BD00BFEC6D02000138C0B24F
:10373000032808B504D940F217310620FDF768FBCD
:10374000014B185C08BD00BF806E0200431E032BB6
:103750000DD84B1E032B0AD8064B01291A7114BF32
:103760000A2200229870597000209A7270476FF0F8
:1037700015007047FA03002010B500880C460E2192
:10378000FEF7D0F890F86C3053B980F86D40FF2305
:1037900080F8B13003496430BDE810400CF0E3B963
:1037A00010BD00BF49DC0000F8B58D1F40F67A4C13
:1037B0000746BDF82460ADB21046BDF81820654537
:1037C0003BD8841FA4B264458CBF00240124254645
:1037D000AFBB1D4F3F796FB15CB96FF450654D19A8
:1037E000062D06D86FF450640419062C8CBF0024F3
:1037F00001242546FDB1814224D803FB0666B6F5B7
:10380000FA7F1FDCA2F10A0340F676449BB2A34282
:1038100018D80AF07BFA42F2107300FB06F15A4303
:10382000B2EB410F0ED9BDF81C50BDF82000854207
:103830008CBF002501252846F8BD0024C7E797F86E
:103840008170C8E70025F6E730100020114BF7B56E
:103850009C7E0646DD7E9F8B14B900F08FFD0446EA
:10386000A5B900F08BFD054614B9092003B0F0BDE1
:103870000028FAD0304601A98DF804408DF8055093
:10388000ADF806700BF029FD0020EFE7002CF1D118
:10389000EBE700BFE414002010B503210020FEF781
:1038A00041F8044670B90321FDF7FEFF044620B934
:1038B00040F23D313920FDF7ABFA034B93F950103C
:1038C0000CF08EFF204610BD3010002038B50BF0F4
:1038D00042FC002500F078FF1F4C00F05DFD0CF06D
:1038E00023F901F0FBF802F01BFA01F02BF901209B
:1038F00000F016FD194B1A4A29465D831A601B22F7
:10390000DD839A80F9221D841D76164B2283586828
:10391000154A1B8922601422E06104F124002384EB
:10392000A576A580A5750DF02DFD012342F210723C
:1039300004F13A0084F8445084F8243084F8393093
:10394000C4E90A220DF09AFA0022002384F860509C
:10395000C4E9162338BD00BF30100020E414002055
:1039600003021B00786D02001B004801044B41F666
:103970004C521B215A611974C3E90222FFF7A6BFFA
:10398000E414002073B5384D0446AB6840F8443F5A
:103990000AF0C5F8064600F0EBFC2B7C10F0200F77
:1039A000A4F84E6084F84C30304B0EBF1B22AA881E
:1039B00069881B6814BFA4F86E10A4F86E20A4F8E0
:1039C00070201BB194F980102088984728490B7902
:1039D000003B18BF012384F88130264B1B6813B1CC
:1039E00008312088984794F881302046002B41F612
:1039F0004C5318BF4FF47A73E361FFF727FF064675
:103A000048B102212088FDF7A3FF40B340F2B9512D
:103A10003920FDF7FDF9184B1B6813B101462088CA
:103A2000984704F128000DF023FA6978AB8804F177
:103A300014006A8801910333297803329BB2009104
:103A400092B204F11801FDF7FFFF636913B940F268
:103A5000CE51DDE7A3691BB940F2CF51D8E7092663
:103A6000304602B070BD00BFE41400208C0000207E
:103A700030100020A00000209C0000202DE9F34120
:103A800005460E460CF0F1FE002800F0AE802846F8
:103A90000CF07DFF30B1B6F80130013B7F2B01D92E
:103AA000122404E028460CF076FF20B90C242046AE
:103AB00002B0BDE8F08128460AF07DF80028F5D173
:103AC00028460CF077FE80460028EFD1284603F008
:103AD000FFFD0028E4D042F21073B6F80170F178CF
:103AE00028465F430CF03FFF04213078FDF71AFFB2
:103AF000044606213078FDF715FF002C77D038B149
:103B000041F661113920FDF783F9044690F8BD8034
:103B1000404E3368002B6CD0403420460DF086F9BF
:103B2000002866D020460DF075F9002861D1B8F163
:103B3000000F08D0384B20461B689847002858D003
:103B400041F67511DEE7354942463368204649693A
:103B5000984700284DD041F67A11D3E728460CF05B
:103B600016FF40B902210DF10600FDF765FE06467D
:103B700058B90D249BE728460CF01BFF0028F1D113
:103B8000274B1B79002BEDD18AE7002100F010FFB5
:103B9000BDF806302846314633800CF01FFF28461A
:103BA0000CF007FFA0B928460CF00DFF0146304687
:103BB000FFF7E8FE044600287FF479AF3A46314625
:103BC0002846FFF7FFFA044620B141F6A61199E70F
:103BD0000121ECE7124BDB6C002B3FF468AF02468F
:103BE00006F5A1713046984761E742245FE7002857
:103BF0008BD128460CF0C3FE01460028AED13A46D0
:103C00002846FFF7DFFA044600283FF450AF41F69C
:103C1000831177E79800002094000020E41400202E
:103C200030100020B0F90020F8B514B292B202F5BD
:103C3000A0639BB2B3F5206F36D8B0F902301DB245
:103C40009BB203F5A06189B2B1F5206F2CD802F2C6
:103C5000F64140F2BE5089B2814227D803F2F641C4
:103C600089B2814222D8002C4FF00A00C4BF093229
:103C700014B2002DC8BF093394FBF0F4C8BF1DB2C5
:103C800000F034FF0A2167B2064695FBF1F1384691
:103C900049B200F01DFF074B1B684BB1A01B40B29F
:103CA00008B198470020F8BD3020FCE71120FAE762
:103CB0001846F8E790000020034B5A8802801B78D2
:103CC00083700020704700BFE41400207FB5837824
:103CD00006461A2B09D8042B05D9012202FA03F350
:103CE000314A134205D112251AE0292B01D03B2B72
:103CF000F9D13088B0F5706FF5D269460BF06BFAE8
:103D000088B9019B93F8402102F0FF05C2B9B2784F
:103D100083F84121FF2283F8402168460BF0DDFE45
:103D2000284604B070BD09213088FDF7FBFD04462C
:103D3000002837D002A9B0F8AC010BF04CFA08B15A
:103D40000C25EDE70821B4F8AE01FDF7EBFD20B935
:103D500040F6E8013920FDF75BF803781BB994F8C9
:103D6000C831032BECD1039B93F85621002AE7D1ED
:103D700094F8F02102F0FF05002AE1D1B4F8B02157
:103D8000A3F8582194F8B42183F85A21027D83F8CE
:103D90005B21B27883F85C2184F8F021FF2283F85C
:103DA0005621BDE70225BBE72000380438B504786A
:103DB000427804F00103857804F0020452EA03011A
:103DC00001D1112038BDBCB9002DFAD0002B08BF9D
:103DD000144601E00024254620460AF01CF800287D
:103DE000EFD028460AF017F80028EAD0054B00204B
:103DF0009C76DD769883E5E7002BEBD114461D46D3
:103E0000EAE700BFE414002013B5008869460BF010
:103E1000E2F918B10224204602B010BD68460AF04B
:103E200094F80028F6D0019890F852310BB13A245A
:103E3000F1E790F8EC3003F0FF04002BF7D190F895
:103E4000E3309B0706D1FF2380F8523168460BF020
:103E500044FEE0E70249E4300BF08EFEDBE700BFF2
:103E60003B0201002DE9FF41077804460E46EF2F83
:103E700004D91226304604B0BDE8F081B0F8013014
:103E8000ADF80C309DF90C209DF80C30002AF0DBC9
:103E90009DF80D209507ECD1D80660D4990603F063
:103EA000030259D5002AE4D11D0703D503F06703A7
:103EB000012BDED16378180711D42179E278E079FB
:103EC00042EA0122617942EA0142A17941EA0021F4
:103ED000207A41EA00418A42CBD81F2AC9D9627AA6
:103EE000013A062AC5D8A27A032AC2D813F00401DF
:103EF00002D1023A012A03D8E27A012AB9D811B9CB
:103F0000A27C032AB5D813F01001227D37D0012AF4
:103F1000AFD1237E012BACD8002940D06378D907DC
:103F200003D500F0BFF9002840D06378227D03F06C
:103F30001803082B4AD1022A38D11FFA87F8032127
:103F40004046FDF7EFFC0546002845D009F033FE5A
:103F500000284DD00C268DE7032AA5D189E713F060
:103F6000600F86D103F00F0203F00703052BA1D0E9
:103F7000931E012B9ED9002A7FF47BAF9AE7022A79
:103F800004D103F06F03092B7FF473AFA37D013BD2
:103F9000022B3FF66EAFE37D0F2BBAD969E700F035
:103FA000EDF9820707D4237D022B01D1112661E7A9
:103FB000A37D022BFAD000F0E1F94307AED4237DB4
:103FC000032BF3D0A37D032BA8D1EFE7022AB4D0B3
:103FD000A37E002BB1D0E9E703214046FDF764FC46
:103FE0000546002842D0224B93F950100CF0F8FB04
:103FF000002138460CF0FAFE28BB28460CF0BCFC29
:1040000021463070E074284603F0BAFB637E064612
:10401000002B3FF42FAF00287FF42CAF0246E96C51
:104020006846FDF7EDFD3246E86C012109F0DCFA47
:10403000E96C68460422FDF7E3FD32463146E86C40
:1040400009F0D2FA16E740300CF0F0FE0028D4D088
:10405000637813F0330F7FF40CAFA77D28460CF084
:10406000B2FCFFF743FB8742C7D073E7072601E79F
:104070003010002030B502798BB00346042A58D89E
:104080004488B4F5804F54D82B4800211044ADF833
:1040900004108DF80C10827C457B42F010028DF8E4
:1040A000211042EA4502C57D007F42EA850242EACC
:1040B000C00202F01F028DF80420BDF80420ADF804
:1040C0000D201A888DF81240240A8DF80F20120A4C
:1040D0008DF811108DF814108DF810208DF8134004
:1040E0005A7BD3F807008DF815205A79069003A85B
:1040F0008DF816209A798DF81720B3F80B209B7B4A
:10410000ADF81C208DF81E307F238DF81F30012361
:104110008DF820308DF822308DF823108DF8241082
:104120008DF825108DF8261001A9FFF79BFE0BB026
:1041300030BD1220FBE700BF786D020013B5037895
:10414000044653B1002301A8019306F0CDFA019B68
:104150009B0702D00C2002B010BD22780020014B3A
:104160001A71F8E7301000200278034672B14278E5
:1041700062B142881A2A09D982881A2A06D90068A7
:10418000034A106000209B8893807047122070477C
:10419000E414002002680020014B9A60704700BFC1
:1041A000E41400200378A3F10A02112A9BBF024AFB
:1041B0000020122013747047E4140020014B18767D
:1041C0000020704730100020014B587600207047C7
:1041D00030100020024B1B6803B1184711207047B4
:1041E0008800002008B503F059F9FFF7E1F802480C
:1041F000BDE8084003F03CB99410002008B50AF06F
:10420000A8FF064800F58471FEF776F8022009F051
:1042100068F90020BDE8084009F063B99410002057
:1042200008B50122064B83F80A2203F03FF904F097
:104230000DF9FFF7E3FFBDE8084000F07BBE00BFCB
:104240009410002010B5064C064904F503700AF0DE
:10425000E0FC04F504700449BDE810400AF0D9BC44
:1042600094100020A4000020AC00002010B5094CE0
:10427000094904F503700AF0CCFC04F50470074901
:104280000AF0C7FC04F505700549BDE810400AF0C6
:10429000C0BC00BF94100020BC000020C40000205F
:1042A000B4000020014B93F80A02704794100020DC
:1042B00038B5094C0D4600F019FED4F80C02C4F8CC
:1042C00004510AF09EFCFFF751FB00F065FF01234B
:1042D00084F8183238BD00BF94100020014B93F8C9
:1042E000180270479410002010B50C4CD4F810023E
:1042F0000AF087FCD4F814020AF083FCFFF7E6FA10
:10430000202000F027F82F2000F024F8262000F0CD
:1043100021F8002384F8183210BD00BF941000204B
:10432000014B83F81902704794100020014B93F859
:104330001902704794100020C2080549012300F0BB
:10434000070003FA00F08B5C18438854704700BFE5
:1043500018000020C208054900F00700012383402F
:10436000885C20EA03008854704700BF18000020D2
:10437000014BD3E90001704718000020054B186875
:10438000C0F3C022C0F30020400040EA820040F0A9
:10439000010070471800002008B50CF010FE002343
:1043A000074A32F82310814205D302EB83039B783E
:1043B000044A137008BD01330C2BF2D10023F7E738
:1043C000BC6D0200AE120020024B1878072828BFEF
:1043D00007207047AE12002010B54468238884F887
:1043E000AD11A4F8AE3194F87C00FFF78FF984F892
:1043F000B00194F87D00FFF789F9054984F8B1010F
:1044000004F5D2700BF0B8FB002384F84C3110BDDA
:1044100097EC0000406807490388A0F8A03190F8A5
:10442000743080F8A23190F8753000F29710037361
:104430000BF09CBBADEC0000064B002283F8502033
:104440004FF6FF72A3F85220A3F85420A3F8562089
:10445000704700BFB0120020064BB3F852208242D2
:1044600001BF002283F850204FF6FF72A3F85220BC
:10447000704700BFB0120020014BA3F854007047F2
:10448000B0120020094A03464FF6FF71B2F85200FD
:10449000884206D192F85010012905D001201A60F7
:1044A000704700201860704700207047B01200204D
:1044B000074B93F85020012A1BBF0120B3F854206A
:1044C000002083F8500018BFA3F85220704700BFA7
:1044D000B0120020014BA3F856007047B012002024
:1044E000074B0246B3F85610B3F85200884205D184
:1044F00093F8500018B101201360704700207047F6
:10450000B01200200A4BB3F85210B3F85620914273
:1045100001D0002070474FF6FF72A3F8522093F8A5
:104520005020002AF5D00022012083F85020704747
:10453000B0120020064BB3F85210B3F85620914247
:1045400003BF93F85000B0FA80F040090120704793
:10455000B012002050B90A4A0120134603F8010B9B
:104560000868C2F801008A889A807047012805D13E
:10457000034B0A68D8719A608A889A81704700BF95
:104580000813002048B90A4B187880B1D3F80120ED
:10459000B3F805300A608B807047012806D1044BC0
:1045A000D87920B19A689B890A60F4E700207047A7
:1045B0000813002020B9054B187800F0010070475F
:1045C00001280ABF014B0020D879F6E70813002024
:1045D000F7B58B8800228DF80600ADF80430086826
:1045E0000B4B8DF8072001461C7803F5AC73019D39
:1045F000D0B2844201D8082007E0D3E90076013226
:104600000833AE4208BF8F42F2D103B0F0BD00BF05
:1046100018130020084B0146002230B55C7803F5E2
:104620008173D0B2844201D8082004E013F8015B02
:1046300001328D42F5D130BD18130020F0B5254D63
:1046400089B095F8984105F29911684622460CF018
:104650006EFE214668460AF09DFD0446B8B300EBA5
:10466000400102A8C9B2FCF71FFE601E95F8A161C7
:104670000124C0B295F8982105E0731CB3FBF2F158
:1046800002FB1133DEB206F120030DEB030111F83A
:10469000203C002BF1D100EB400201F8204C06EB4E
:1046A000460320322B446A4412F8187C83F8A27126
:1046B00012F8177C12F8162C83F8A37183F8A42142
:1046C0000138AB19C0B283F89941FF28D2D109B0A3
:1046D000F0BD00BF1813002070B5064688B00C4628
:1046E000002A4FD02A4A92F8A131D01890F8991197
:1046F00021B94FF480712820FCF78AFB03EB4301BA
:104700000133114491F8A251E57091F8A35191F849
:10471000A41125716171002180F8991192F8981106
:10472000B3FBF1F001FB103382F8A13192F8C231F2
:1047300023B9184902F5DD700BF01BFA65790D22DB
:104740000021684605F03F0545F0400565710CF015
:1047500019FEE37804AA69468DF80F3030462379B4
:104760008DF80D508DF80E3004230CF024FD9DF8CB
:104770001F3023709DF81E3063709DF81D30A370AC
:1047800008B070BD03216018FCF78EFDD6E700BFAE
:10479000181300203D460000044B5A78824286BF21
:1047A0001B1893F84A010020704700BF181300201F
:1047B000044B5A78824286BF1B1893F842010020AE
:1047C000704700BF18130020064B00224FF46171A0
:1047D0001A8083F8C32183F8C421A3F8C61183F893
:1047E000C221704718130020014B83F8C4017047A1
:1047F00018130020014BB3F8C601704718130020AE
:104800000A4B30B55C7884420ED9184490F8020106
:104810002B3003EBC004A5790D7053F83000106005
:104820000120A388938030BD0020FCE718130020EE
:104830000246074810B590F8C34124B1417821B130
:10484000023004F03BFC204610BD0C46FBE700BFE5
:10485000181300202DE9F74F2F4C9A4680468946C1
:104860006378834256D9231893F8425185F00105A5
:10487000F9B193F84A31E3B945F002070135BAF1CD
:10488000000F18D1FA070AD5062104EB081052468A
:1048900001FB0841823001F58571FFF71DFFBB0761
:1048A00034D504EB0810524649460230FFF714FF96
:1048B0002CE02F46E3E794F8A1614FF0010B002DA7
:1048C000E0D0A31993F89911019399B90092DAB144
:1048D00000F032FC019B06EB4601009A4FEA102CD7
:1048E00083F899B1214481F8A201000C81F8A3C199
:1048F00081F8A401013694F89831013DB6FBF3F13B
:1049000003FB1166F6B2DAE747F00407384603B056
:10491000BDE8F08F0027F9E718130020074B5A78FD
:10492000824209D91A1892F842212AB9062202FBBA
:10493000003000F585707047002070471813002084
:10494000064B5A78824281BF1B1893F83A01B0FA9D
:1049500080F0400998BF0020704700BF1813002066
:1049600030B5002442F21075A0F84240B0F846403D
:104970004C43B4FBF2F4A0F84640541E05FB03433D
:10498000B3FBF2F3A0F84430084BB3FBF2F301336E
:10499000A0F84A30838F05FB0344436B5943B4FBB3
:1049A000F2F4B1FBF2F28463426330BD005A62025A
:1049B00070B504460D4649BB4FF442720CF0E2FC60
:1049C000012384F8F85084F8A6306FF0360384F899
:1049D000F95084F8F330042384F8F4306FF03B038B
:1049E00084F8F5306F2384F8F6306FF03F0384F8D5
:1049F000F7302B2384F8F230FE2384F832317F2302
:104A000084F89D30202384F85C3270BD012917D1D1
:104A10000023A0F81C3280F813320D4BC2691344F6
:104A20001146B3FBF2F3C0F8C83040F6B833A0F833
:104A3000CC30C38C04F19000BDE87040FFF790BF0C
:104A40000229E2D1B0F8E232D0F8DC22C169F1E704
:104A50007FC3C901034B80F880101B680BB100882D
:104A600018477047CC000020074B93F900301844DA
:104A7000142804DC10F17F0F03DB40B270471420D0
:104A800070476FF07E007047E01400207F2307B569
:104A90000DF107008DF8073005F078FB9DF9073020
:104AA00068B10A4A5078404240B21844142808DCE1
:104AB00010F17F0F07DB40B203B05DF804FB18462E
:104AC000FAE71420F8E76FF07E00F5E7E014002025
:104AD000014B187059707047E0140020024B0022FF
:104AE0001A705A70704700BFE0140020014B93F910
:104AF00000007047E0140020014B93F9010070475B
:104B0000E0140020054B1B7833B9054B1A681B795C
:104B1000026003710120704700207047E2140020FA
:104B200020000020054BFF221A70054A0168116021
:104B30000179117100221A70704700BFE214002041
:104B400020000020064B07B518681B7900906846C6
:104B50008DF80430FFF7E6FF03B05DF804FB00BFFB
:104B60007DCF02000346407848B1DB783A2B05D868
:104B7000034AD35C1B1A58425841704701207047C2
:104B8000F06D02003A2908B5C17003D8064B5B5C92
:104B9000437008BDFF2904D04FF489612A20FCF737
:104BA00037F90123F4E700BFF06D02002DE9F0436F
:104BB00085B089461446984602A90AF00CFB0546C2
:104BC00000283DD1039E34B9012486F8A540204633
:104BD00005B0BDE8F08377692146384608F0BDFA94
:104BE000014678B3194B5B88A3422DD301AA3846FE
:104BF00008F0F5FB96F8A5300198002B0CBF49464C
:104C000002210AF06CFE01982246414603300CF066
:104C10008EFB2146384608F0E5FA044618B97A2199
:104C20002B20FCF7F5F89DF808302BB102A80AF00C
:104C300054FF039BA3F80A52002386F8A530C6E769
:104C40000124C4E70446C2E72C46C0E7E414002070
:104C5000024B987FC04300F001007047E41400202D
:104C600083230B70014B1B78CB7070470815002015
:104C70007FB505460C4621B94FF48B711020FCF727
:104C8000C7F803888B8000234B728669304608F092
:104C900098FB014610B940F21F11EFE701AA304618
:104CA00008F09DFBE08010B94FF49271E6E7FB2815
:104CB00002D94FF49371E1E701980AF018FE012838
:104CC00001D0022805D12072206828B940F23D1198
:104CD000D4E74FF49B71D1E70199E28803310CF0DE
:104CE00026FB304608F083FB10B94FF4A171C5E7ED
:104CF0000021304608F0D9FA10B940F24711BDE75B
:104D00000A4BDA7F82B11A8C02A92888013A1A84E8
:104D10000AF061FA10B14FF4A871AFE7039AB2F844
:104D2000B6300133A2F8B63004B070BDE4140020F0
:104D30002DE9F34706460D464FF005080027DFF83A
:104D400050912B693BB11B7A2BB12C699CB9002087
:104D500002B0BDE8F0876C68237A012BF7D0EFF33F
:104D6000108372B66A6812686A6003B962B6237A01
:104D7000002BE6D02C6194F808A05FFA8AFA84F838
:104D800008800AF1FF330B2B74D8DFE803F07006BC
:104D900012266D3D4C3D3D3D3D60636823B94FF4A7
:104DA000EE711020FCF734F8314620469847042075
:104DB0001BE0636813B940F2E511F2E73146204683
:104DC00098470346ADF80400C0B2C3F30723012B94
:104DD00053D0022B09D12F6151E0636813B940F21F
:104DE000EF11DEE7204698470020EFF3108372B6FC
:104DF000227A052AD1B201D0002944D127722F612D
:104E0000002B3CD162B63AE0D9F80030002BEBD051
:104E10005246314660689847BAF10A0FC7D100235D
:104E20002B61042094E763680BB9DB21B9E70D22FD
:104E300000243270012219885869A6F8031021460F
:104E4000B2707271B47108F030FA2C61E9E76068F1
:104E500010B940F21A21A4E70E4B31461B6898475F
:104E6000002302202B6173E740F2232199E740F2EF
:104E7000262196E740F2292193E703232372002895
:104E80003FF45FAF64E7002B7FF45BAF62B658E797
:104E9000D4000020D000002070B5134C142600214F
:104EA000231D324618460CF06DFA03460125257481
:104EB00004333246002104F11800C4E901330CF038
:104EC00061FA84F8245004F11C03C4E9063300237A
:104ED000E362236384F83430C4F83530C4F83930E1
:104EE00084F83D3070BD00BF0815002010B5084C97
:104EF0002378FF2B04D04FF4B7711020FBF788FF05
:104F000007F092FB2070BDE81040FFF7C5BF00BF5F
:104F10002500002010B5034C207807F0A1FBFF23EB
:104F2000237010BD25000020014B187807F0A8BBA6
:104F300025000020014B024A1A607047D000002073
:104F4000714C000038B50B4D044605F11801FFF710
:104F5000EFFE70B9AB681B7A0C2B04D1064BDA7FDD
:104F60000AB11B8C2BB120460449BDE83840FFF73D
:104F7000DFBE38BD08150020E41400200C15002009
:104F8000134610B5027A22B140F2C9211020FBF776
:104F90003FFF0A4601460248BDE810400AF0C6BD80
:104FA0000C150020044890F834301BB903492C300C
:104FB0000AF0D9BD704700BF081500201FFB000094
:104FC0000346064890F83E203AB190F83D2022B9B9
:104FD000034900F8353B0AF0C6BD704708150020AC
:104FE000614C00000A4610B5037A23B140F2D1218A
:104FF0001020FBF70DFF014607230248BDE81040D3
:105000000AF094BD201500201346027A0AB10372FB
:1050100070470A46014601480AF088BD0C15002079
:105020001B234FF01B128384038482618382C2603E
:10503000038541B94FF4A473094AC3844384C26110
:10504000C382026170474FF429634FF4A472C38492
:10505000438403F12963C282C3610361704700BFC7
:105060004801480103460846B3F86820B3F85C10CD
:10507000B3F852C08A42F0B493F87D4028BF0A4684
:10508000B3F86060B3F86A10033CB3F85870B142EB
:10509000E4B2B3F8565028BF3146012CA3F8522091
:1050A0008BBFB3F85A604FF429660C464FF429645D
:1050B0009742A3F8564038BF17468E4238BF0E4677
:1050C0009445A3F85870A3F85A6026D12C1B18BF3A
:1050D0000124B3F86420B3F85E50B3F850609542F1
:1050E000B3F8541028BF154693F87C20033A012AE0
:1050F00015D9B3F86220B3F86670BA4228BF3A46B1
:10510000AE42A3F85050A3F8542002D1914200D1EE
:1051100044B10549F0BC0AF02FBD0124D9E74FF492
:105120002962EDE7F0BC70477FFB0000014B187867
:10513000704700BF47150020094AD2E900034340E9
:1051400083EAB01181EA43214FEAF34311605360CF
:10515000044B58434FEAF06000EB8000704700BFFB
:1051600048150020BB79379E094AD2E90003434025
:1051700083EAB01181EA43214FEAF343116053609F
:10518000044B58434FEAF06000EB8000704700BFCB
:1051900028000020BB79379E10B50A4C0821094829
:1051A000FCF782F8D4E900231343F7D0064CFFF74D
:1051B000DBFF2060FFF7D8FF236860600343F6D071
:1051C00010BD00BF2800002048150020174B184ACA
:1051D0009A60184A5A60184A1A60184A9A62184A1D
:1051E000DA62184ADA60184A9A61184A1A63184A49
:1051F0001A62184ADA64184A9A64184A5A62184BB2
:10520000184A9A60184A5A62184ADA62184A1A61A9
:10521000184A5A61184A9A61184A1A63184A9A64D5
:10522000184ADA64184A9A63704700BFD800002011
:1052300027FE00005DFE0000D5FE0000D9FF000043
:105240004B000100B558000061000100715B0000D7
:10525000BD590000730101009B010100355A000097
:10526000C401002049FE00001F010100830001006D
:1052700027000100A70001005D590000590201004C
:10528000F9010100DD01010005010100054B064A9D
:105290009A65064A1A66064B064A9A65064ADA6510
:1052A000704700BFD800002069EE000011EF000039
:1052B000C401002031ED000017F100003A2A73B557
:1052C00005460C463ED83A2A3FD8DFE812F04300A4
:1052D00084008E009A00B20098009800C100C300BC
:1052E000C90098009800CE00D900C3003E003E00DF
:1052F000DD0098009800F800F800FF000601120198
:105300003E003E0031014E015B0161016701720107
:1053100074017601780183018B01C201C4013E0052
:105320003E0093013E003E00B401A201AC01AE017B
:10533000B001B601BA01B801BE0198003E00BC013F
:10534000B201C001FF2A00F0888140F2FE315120F5
:10535000FBF75EFD416841F64B50D1F85832B1F889
:105360005022834294BF642040F2E240B2FBF0F24C
:1053700041F64B50D2B283422271D1F8542294BFED
:10538000642040F2E240B2FBF0F292B2A3F57A70F0
:105390006271120AA27141F270729042204695BF6A
:1053A0004FF47A7240F2E242B3FBF2F3B3FBF2F352
:1053B00098BF03F550639BB2E3711B0A2372B1F8E7
:1053C0005C3263721B0AA372B1F85E1202B0BDE8D0
:1053D00070400AF0B4BA43682046D3F84012013155
:1053E00002B0BDE870400AF0DEBA02784368012AD4
:1053F00002D193F8343101E093F84131237102B0C6
:1054000070BD4568204605F521710AF0DBFA05F507
:10541000237120460AF0E0FA05F5197120460AF0DA
:10542000E1FA05F59071204602B0BDE870400AF03F
:10543000E7BA4168204601F226210AF0E9FA6968D4
:10544000204601F5927102B0BDE870400AF0E2BA60
:105450004368CEE7084602B0BDE8704000F03EBBAE
:1054600002B0BDE8704000F04BBB0E230B71592316
:105470004B7100238B71FD23CB7130230B72BEE780
:10548000436893F82A31B9E7037846687BB996F800
:10549000343163B196F82D1120460AF00CFB96F8D2
:1054A0002C11204602B0BDE870400AF008BB96F807
:1054B0002B1120460AF0FFFA96F82A11F1E741680D
:1054C000204602B0BDE870400AF095BC436893F8EE
:1054D0004E21227193F84F3109E0436893F84C2133
:1054E000012AF4D093F878200A7193F87930637127
:1054F00085E7456895F84B0209F0ACFC014620466B
:105500000AF0C4FA95F84A02C31E012B07D895F891
:105510007C30DA1E012A02D8984218BF002009F018
:1055200099FC0146204602B0BDE870400AF0AABAD4
:1055300045680023204601218DF804300AF0DBF98C
:105540002A7C01A96B7C2046032A03F01F0308BFB5
:10555000002243EA82139DF8042002F02002134344
:105560008DF804300AF0D4F949E74368112118880E
:10557000FCF7D8F900F15B01204602B0BDE87040AD
:105580000AF05DBA084602B0BDE870400BF060BC9E
:10559000084602B0BDE870400BF062BC344B1B689B
:1055A000002B3FF42CAF2946204602B0BDE87040E6
:1055B0001847304BF3E7304BF1E7304BEFE7304B18
:1055C0001B68002B3FF41BAF0246232002B0BDE84E
:1055D000704018472A4B1B68002B3FF410AF02465F
:1055E0002420F3E7264B1B68002B3FF408AF02464C
:1055F0002520EBE7436811211888FCF793F900F1A7
:105600007D0200F15B01204602B0BDE870400AF067
:1056100022BA1C4B1B68002B3FF4F1AE204602B0AF
:10562000BDE870401847184BF4E7184BB7E7184B24
:10563000B5E7184BB3E7184BB1E7184BAFE7184B7A
:10564000ADE7184BABE7184BA9E7184BA7E7184B8A
:10565000A5E7184BA3E7184BA1E74368204693F84A
:10566000CF22D3F8D01202B0BDE870400AF053B98F
:10567000B4020020B8020020B0020020BC020020CA
:10568000F0020020F4020020F8020020C4020020F2
:10569000C8020020D8020020DC020020D002002036
:1056A000CC020020D4020020C0020020E002002032
:1056B000E4020020EC020020E80200203A289ABF11
:1056C000024B53F820000020704700BFD800002094
:1056D0003A289ABF024B53F820000020704700BFC1
:1056E000C401002030F8023CF7B504460E467BB1F9
:1056F00000238DF804308DF8053000209DF804302B
:1057000063F307009DF8053063F30F2003B0F0BD8D
:105710001B4B30F8B85C1B680BB128389847194B05
:105720001B680BB128469847174B1B680BB12846DE
:1057300098470A230027A6F803503370B770637A9E
:1057400054F8A00C737107F0CCFD18B9B221632096
:10575000FBF75EFB2846FEF77FFE39462846FCF73E
:10576000F7F802212846FCF7F3F818B9074B1B6835
:1057700003B1984704238DF804300023BBE700BF32
:105780000003002008030020FC0200200403002086
:10579000F7B5456804464FF6FF776E690DF10201D3
:1057A0000DF101023046ADF8027007F037FD01A996
:1057B000304607F055FD40B1019807F016FE6168CC
:1057C00000220272FFF70EFCE8E7044905F1B80079
:1057D00003B0BDE8F0400AF0C9B900BFE5560000CB
:1057E000F0B5044685B00D46FF2600F8B56C10F8FC
:1057F000B63CF3B1174F3B781BB148211F20FBF794
:1058000007FB0C21381DFBF74FFD3E70002304F809
:10581000B53C09232A4602F8033BD4F80930C5F801
:105820000330D4F80D305360D4F81130936005B0D4
:10583000F0BD01A80C21FBF737FDA4F5E073039A36
:105840001A6001AB03CB44F8BE0C44F8BA1C04F850
:10585000B66CDBE75015002010B5054C23782BB94A
:105860000C21201DFBF720FDFF23237010BD00BF7E
:1058700050150020024690F82E32BBB990F82F3216
:1058800003F0FF010BB100207047094B1878002886
:10589000F9D01970D9680433C2F8241103CBC2F8C7
:1058A0002602C2F82A12FF2382F82E320120704706
:1058B00050150020426838B592F89F3004460D46D6
:1058C0003BB1142B05D0123B0B2B94BF08200120B9
:1058D00038BDD2F8383183BB92F8E23013B9204694
:1058E0000AF047FA6168284601F21E210AF081F8A1
:1058F0006168284601F590710AF086F861682846CB
:105900000B8801F2EF2121F8023C0AF060F861688F
:10591000284601F2F7210AF062F86368002583F84F
:105920002E5260680C4900F539700AF01CF9636862
:105930001622284683F89F20CAE70C22032120461E
:105940000AF030FA63683222204683F89F200AF07A
:1059500010FA0020BCE700BFE157000038B54368EB
:10596000044693F89F201D2A04D040F2BB111F204B
:10597000FBF74EFA002293F8E2101D8803F5F6704B
:1059800083F8E12069B10B4983F8E220A3F8F651CE
:1059900083F8F5210AF0E7F86368002283F89F2076
:1059A00038BD012283F8F511A3F8F651024983F8B6
:1059B000F821EFE7C5FF0000B7FF0000034610B570
:1059C00000785B6820B993F89F202AB1012021E07C
:1059D000D3F89020D207F9D44C688968144A21F48E
:1059E0001E51224021F01001C3F8F220C2F30762D9
:1059F000090442F00802090C83F8F520C3F8F610F8
:105A00000021A3F8DE1030B9012283F8E02004223F
:105A100083F89F2010BD93F8E0200846013283F8F8
:105A2000E020D3F8902042F00102C3F89020F1E783
:105A30002FC904F7436870B593F89E20042A34D127
:105A40004E688C681B4A24F41E540578324024F0BA
:105A50001004C3F8F220C2F30762240442F00802E3
:105A6000240C83F8F5200022C3F8F64083F8DC20EC
:105A700083F89E2015B9426882F8535193F8BA21F1
:105A800002F0FF049AB91A8803F5D97083F8BB4174
:105A9000A3F8BC214A68C3F8BE218A680649C3F846
:105AA000C2210AF060F8204670BD0124FBE7002403
:105AB000F9E700BF2FC904F7C5000100406890F85E
:105AC000BA3143B9038800F5D970034943811A23D9
:105AD00043720AF048B87047C500010010B504468B
:105AE000FEF746FC21F41E51044B21F01001034047
:105AF00009046360090CA16010BD00BF2FC904F741
:105B000037B50C464568FEF733FC0A4B21F41E51AD
:105B100095F8F220034021F010010093134009048E
:105B20008DF800306B46090C019103CB6060A160D9
:105B300003B030BD2FC904F7DB0410B5144604D5FB
:105B4000037D13B10023436310BD436B01334363F3
:105B50000AF063FBD0E90D239A42F5D300230349F1
:105B600043632046BDE810400AF006B86501010015
:105B700070B544680D46067894F89E30012B09D024
:105B800026B994F89F302BB1012042E0D4F8903030
:105B90009807F9D494F8E330990719D4284609F006
:105BA0003CFF84F8ED00B5F80530A4F8EE30B5F808
:105BB0000730A4F8F03094F8E33043F0020284F8A0
:105BC000E320DA0710D51D4904F1E40009F0D4FF01
:105BD00094F8E330DB0713D4E6B994F89F3043B16F
:105BE0004E214020FBF714F994F85231002BEAD1F2
:105BF000EEE70123A4F8DE6084F89F3084F8E030FB
:105C000094F89E300020012B03D184F89E0084F884
:105C1000DC0070BDD4F8903013F0020201D05521A1
:105C2000DFE743F00203A4F8DE20C4F8903094F8D4
:105C3000E030013384F8E030E2E700BF3B020100CE
:105C400070B545680446FEF721FF054B014685F80F
:105C50009D001B681BB12046BDE87040184770BD11
:105C600010030020024B1B6803B11847704700BFA8
:105C70000C030020F0B5204E054600243078147047
:105C800080B1431E7768DBB2181B01280BDC07EBE1
:105C9000C40057F834604068884208BFAE4212D151
:105CA00014700120F0BD18194610C0F3470057F8D2
:105CB00036C007EBC60EAC45DEF804608E412CBF43
:105CC00003460446E0E7B54271EB000002D21470CF
:105CD0000020E7E707EBC30057F8334040688842ED
:105CE00008BFAC4201D11370DBE7A542814128BF58
:105CF00001331370ECE700BF7015002010F00702AD
:105D000008B503D063214820FBF782F818B1034B94
:105D1000197258601A70C80008BD00BF70150020C5
:105D2000014B00221A70704770150020014B187A41
:105D3000704700BF701500202DE9D3430AF0BFFA69
:105D40000DF1070207460E46FFF794FF98B9114C74
:105D50002278237A93420ED0616813466FF0604E2A
:105D60009DF80700984209D301EBC00301320120DE
:105D70002270C3E9007602B0BDE8D08303EB0E00C9
:105D8000013B01EBC000DBB2D0E90089C0E9028928
:105D9000E6E700BF7015002037B50AF090FA0DF164
:105DA0000702FFF767FF0446A0B10C4A9DF8070001
:105DB00013785568411C013B05EBC101DBB2137040
:105DC0001A1AD2B2D200834238BF002205EBC000BB
:105DD0000BF095FA204603B030BD00BF70150020CF
:105DE0000A460648822302F8033B0368C1F80330E1
:105DF0004368536083689360704700BF7915002043
:105E00001622002101480BF0BDBA00BF7915002011
:105E100017B402AB03E903001B48437D83B30B4671
:105E20009DF8001009BB93F87C10184A52F8212005
:105E30004FF47A7102F2E732B2FBF1F2D3E9821445
:105E40006E3144F100045218198844F10004426094
:105E500001808460B3F8983002220D490C3020F89C
:105E60000A3C03B010BCFFF7CFB8520608D51A8819
:105E70000280D3F880224260D3F884228260E9E76E
:105E800003B010BC704700BF791500202C6E0200D3
:105E9000E15D00000F4B4FF47A72042953F8213072
:105EA00010B503F2E73300F1FF34B3FBF2F34FEA2E
:105EB000C41409D003290AD002290CBF6022F022A1
:105EC000234400FB023010BD4FF4D262F8E740F2E9
:105ED000BE22F5E7406E0200274B1A6810B5D2F8D3
:105EE0000F3041F64B540362537D117D1B0443EA8E
:105EF0000123D17C0B4383636FF45063B2F8191014
:105F0000CB18062B96BF4FF47A7340F2E243A1F50B
:105F100050615943A142C161937D8ABFC3EB4314D1
:105F200003EB830303EB840341F64B5495BF03EB70
:105F3000830303EB83039B005B0088BF9BB2A142FA
:105F4000A0F8403098BF6421B2F8173088BF40F203
:105F5000E2414B43C363B2F81B308384B2F81D3077
:105F6000C38492F8243003F01F025B0980F8B2204A
:105F700080F8063210BD00BF90150020042913B52B
:105F800017D19B0103F53473417990F844400139EE
:105F9000C9B203291AD81A480144087DD101CA316F
:105FA00003FB0213174A934215D940F262712D2068
:105FB0000FE0032903D11B0103F5E773E4E702298E
:105FC0000BBF0B330A339B00DB00DDE740F261318E
:105FD0000620FAF71DFF1E2204F03F01B3FBF2F387
:105FE0001A0A41F04001DBB242EA4012002061F39C
:105FF000070063F30F20D3B263F3174002B010BD64
:10600000406E0200C3BF030038B5074D044600F1DF
:106010006901286809F084FA94F868102868BDE8D6
:10602000384009F08BBA00BF90150020F7B5044640
:10603000803009F087F8D4F888300BB101221A605B
:106040006388DB0727D50023256A144E05F10A076C
:10605000CDE9003302238DF80630FF2386F8203087
:106060006846FBF799FCB0B9009CA542F8D03B46C6
:106070006A7A04F10A01607A09F06EF80028EFD01C
:10608000A37886F82030D4F80330C6F82130044BCA
:10609000B4F807209A8003B0F0BD00BF901500202F
:1060A000B115002038B5084D044600F169010623FA
:1060B0002868002209F05BFB94F868102868BDE8A6
:1060C000384009F03BBA00BF9015002007B509F031
:1060D00039F98DF807000548012306220DF1070163
:1060E000006809F044FB03B05DF804FB9015002044
:1060F00008B5044B986910B140300AF08BFE00F0EF
:10610000010008BD9015002008B5044BD86910B1F6
:1061100040300AF07FFE00F0010008BD901500201D
:10612000F8B504460E461346C07F6588324615F022
:10613000040118BF04F17701FEF78CFBC207054686
:106140000BD50123E07F84F86830FEF7E7FB036896
:10615000C4F869308388A4F86D30AB070CD50127EB
:10616000084E04F17701306884F8767009F0DFF9A1
:106170003946306809F0EBF985F00400C0F380007F
:10618000F8BD00BF9015002010B50446084694F8ED
:10619000E0306BBB2378082904F1E30284F8E13096
:1061A00016D004F1E201FEF72BFB20B940F6157181
:1061B0002D20FAF72DFE94F8E23043F0020384F824
:1061C000E23004F1D8000B49BDE8104009F0CBBC27
:1061D000094B1868034613F8031BC1F3801184F8B8
:1061E000E210D0F80310C4F8E3109B889380E8E72E
:1061F00010BD00BF010301009015002070B50446DA
:106200000E461546FEF792F898B92378A4F8C960AF
:1062100084F8C830637C84F8C7500BB194F84830D8
:1062200004F1BE0084F8CB300249BDE8704009F0AB
:106230009ABC70BD5F07010010B504460E4994304A
:1062400009F091FC0D4904F1CC0009F08CFC94F8A4
:106250009D20B4F89E102046FFF7D0FF084B002287
:106260001A71084B1B682BB12146206A0222BDE837
:106270001040184710BD00BF2D060100EB020100C1
:10628000901500205C03002038B5B0F84830044673
:10629000184D0133A0F84830AB7C2BB103F068FFF8
:1062A00002F066FF0023AB7400232B7194F8913049
:1062B0002BB101212046BDE8384007F03CBC637C8F
:1062C000B3B1B4F848209A4212D30121204607F016
:1062D00032FC63882046DB0747BF236A4322432200
:1062E0004FF6FF7148BF1988BDE83840FFF786BFF9
:1062F0000021DFE79015002010B5094C2379012B10
:1063000002D02379022B05D1A37C1BB103F030FF0F
:1063100002F02EFFA06ABDE81040FFF7B5BF00BF36
:10632000901500200346074A906A03B909B9FFF7A0
:10633000ABBF1379D26A03F180431269033B52F871
:10634000233018479015002003292DE9F043054616
:1063500085B090467BD090F890300529DBB202D111
:106360004288D60760D5002B5ED10127DFF8E89080
:1063700099F81260B6B108F024FF082888F80000E8
:1063800014D002AA0DF10701FEF73AFA20B940F63F
:106390009F612D20FAF73CFD02A99DF8070009F046
:1063A0009AFF064698F80030082B08D1D9F800105B
:1063B00011F8030BC0F3801009F08DFF0646D9F8E1
:1063C000001005F1700395F86F2011F8030BC0F36E
:1063D000801008F0C1FED9F80010044611F8030B34
:1063E000C0F3801008F0E3FE8146FEF7A9FA0146EB
:1063F00040B1B9F1080F1BD04846FEF7CDF980F047
:106400000101C9B298F80000082815D094B9EB7FB3
:106410001C1A604260416B885A0706D421B996B9AC
:106420006B7D93B1BB4210D0002005B0BDE8F08376
:106430000021E7E70120EEE714B181F00104E4B2A6
:1064400004F00100E7E73046EFE70120EDE743887D
:106450009B07E9D5022789E7901500202DE9F34134
:10646000444C2379012B07D02379022B04D040F62A
:106470003C412D20FAF7CCFCA26A176A0FB197F8BD
:106480008170A8B90125A37C1BB103F071FE02F055
:106490006FFE002D6BD0A06A07F02FFB002860D0A4
:1064A00003F000FDE36A9B6802B0BDE8F0411847C5
:1064B000216802F1690392F8682011F8096BF0096C
:1064C00008F04AFE0028DDD006F00F062068052EF1
:1064D0002CD190F8243003F01F03102B26D9D4F8C8
:1064E000288098F813500DB308230DF107023146A8
:1064F00040468DF80730FFF727FF0028C3D098F8F3
:10650000F130002BBFD1226808F1F201D31C2332F5
:1065100053F8040B934241F8040BF9D11B8808F19E
:10652000E9000B80144909F01EFBACE7394609F07D
:1065300033F80028A6D02379A06A012B05D023794F
:10654000022B02D040F6154193E723793146E26AE7
:1065500003F180435269013B52F8233098470546C6
:1065600091E7A06A02B0BDE8F041FFF78DBE02B02E
:10657000BDE8F0819015002019030100032973B5CF
:10658000044604D005292BD0012002B070BD082399
:106590000DF107028DF80730FFF7D6FE0028F3D083
:1065A000237C23B19DF807102046FFF7EDFD114D28
:1065B0000622042620462B685A701E70FFF724FD21
:1065C00094F85C20A16D286808F0D7FF28682E7128
:1065D00003F04AFD286800210AF08AFC0020D4E775
:1065E000054B1B6823B1984780F00100C0B2CCE78F
:1065F0001846CAE79015002058030020F8B5044655
:106600000F4619B300F1300528460AF070FAA0B918
:1066100063881A072ED528460AF07EFA06462846D1
:106620000AF065FA301AC0B20AF0B7FA464A93681F
:106630000344284693600AF039FA28460AF03BFAE8
:1066400003F096FB2179252003F0A0FA3E4D0023AC
:1066500094F876202868037043706388103B0D2BF4
:1066600062D8DFE803F05D61590C614461616161EA
:10667000616161442046BDE8F840FFF705BE06238E
:106680004370202303702046FFF7BEFC638823F08D
:1066900008039BB2152B05D094F85420216D28686F
:1066A00008F05CFF286803F0DFFC002128680AF08E
:1066B0001FFC0323217900202B7103F05FFB0646AA
:1066C00007B9E86063881B0704D50AF063FA06443B
:1066D000C4F828616388103B0D2B30D8DFE803F045
:1066E000322F29292F292F2F2F2F2F2F2F290C23FE
:1066F00043702123037042B104F1770108F017FFC2
:106700000121286808F023FFBDE704F1700108F0BB
:106710000EFF94F86F10F4E7062303704370B2E79E
:10672000022303700623F9E740F226612D20FAF7D1
:106730006FFB21790120BDE8F84003F033BD40F63E
:10674000AF41F3E7F8BD00BF9015002038B543888E
:106750000446102B04D10121BDE83840FFF74EBF9D
:106760000B4DAB7C23B102F0DBFC402003F0F4FCCA
:10677000286803F079FC608810F0040002D12179C8
:1067800003F010FD002003F0ADFC01232B7138BD98
:106790009015002003292DE9F743044605D005296B
:1067A00000F08A80FFF770FD80E008230DF10302FE
:1067B0008DF80330FFF7C8FD00287BD0237C23B180
:1067C0009DF803102046FFF7DFFC0123B4F8028098
:1067D0003E4E00251F464FEA98123068294662F364
:1067E000861707224370C8F380180270C57008F03E
:1067F000E8FF2A463946306808F0EAFF2046FFF7EE
:1068000051FC306809F02EF8B4F85C30C0F1FE0598
:10681000AB42B4BFDDB2EDB2AB422AD947F01007AC
:1068200000223068A5F10309394608F0D1FF30682D
:1068300008F0C3FFA91E5FFA89F9014420464D46BE
:10684000C9B209F0E5FE0422C0F307238DF8040065
:10685000C0F307400DEB02018DF8053003238DF8DE
:106860000600306808F083FF00223946306808F0DF
:10687000AFFFB8F1000F06D094F9142094F844103B
:106880006079FFF723FC2A46A16D306808F0D4FF39
:10689000FF203582617903F079F90723306833717D
:1068A00003F0E2FB002130680AF022FB002003B075
:1068B000BDE8F083204675E7054B1B6823B1984778
:1068C00080F00100C0B2F2E71846F0E79015002012
:1068D000540300202DE9FF4708230DF1070205218D
:1068E00004468DF80730FFF72FFD002800F089805F
:1068F000464D206AFFF7F0FA2B68D3F81F0093F893
:10690000232002908DF80C20226AD3F80310C2F8DD
:106910000310B3F80710A2F807101B78206AC3F31E
:10692000801383703A4B1B6813B1012221469847AC
:10693000266A0E2328684FF00808B77800214370B4
:1069400080F8008008F03DFF00224FF00301286826
:1069500008F03EFF2046FFF7A5FB3946286808F0FF
:10696000F6FD06230122F11C286808F000FF61797A
:10697000FF2003F00BF9286803F076FB286800215C
:106980000AF0B6FA266A67790DEB080106F1A6004F
:1069900094F914A008F010FD86F87C7086F87D70DC
:1069A0004FF0FF0986F87E90F91E06F14400012998
:1069B0008CBF00210121FEF733FB51463046FEF724
:1069C00049F8216A00239DF80720204684F89D306D
:1069D0000B8884F8BB90A4F89E304FF6FF73A4F8A0
:1069E000BC3009F055FE236A1A8885F80480A4F8A3
:1069F000D52093F8A63084F8D730012004B0BDE844
:106A0000F0872046FFF740FCF7E700BF9015002015
:106A10005C0300202DE9FF4708230DF10702052143
:106A200004468DF80730FFF78FFC064620B9002694
:106A3000304604B0BDE8F087414F396807F12103C3
:106A400097F8202011F8030BC0F3801008F084FBA6
:106A500005460028EBD13A68216A104691F8A63025
:106A600010F803CB03EA5C1303F0010381F8A630AE
:106A7000D2F80330C1F803308388A1F807301346F9
:106A8000D4F820C013F81F1BC1F380118CF802103A
:106A9000D2F81F001B79029060468DF80C30FFF78A
:106AA0001BFAD4F8208002A994F914A008F1A600DA
:106AB00008F082FC40F20113A8F87C304FF0FF0987
:106AC00088F87E90294608F14400FEF7A9FA51465D
:106AD0004046FDF7BFFF216A84F89D5020460B8891
:106AE0009DF80720A4F89E304FF6FF7384F8BB9002
:106AF000A4F8BC3009F0CCFD124904F1940009F06F
:106B000032F8236A104904F1CC001A88A4F8D52081
:106B100093F8A63084F8D73009F025F8236A2A467E
:106B200020461988FFF76AFB084B3D711B68002B54
:106B30003FF47EAF2A462146206A984778E700BF97
:106B4000901500202D060100EB0201005C030020DF
:106B500010B5154CA37C1BB103F00AFB02F008FB37
:106B6000A06A06F0CAFF20B1A06A438803F01803A8
:106B700023B9A06ABDE81040FFF786BB2379012B3B
:106B800007D02379022B04D040F643312D20FAF7A9
:106B90003FF92379E26A03F18043D268013BBDE803
:106BA000104052F823301847901500202DE9F04F7F
:106BB000B0F802B08BB0044616461BF003070191F3
:106BC00008D0012F06D0022F04D040F253612D20AF
:106BD000FAF71EF90BF00703052B08D1002E72D02F
:106BE0004FF000094FF0010A4D46012209E0022B47
:106BF0005DD1002E67D04FF000094FF0010A4D46DD
:106C00004A464FF001081BF0400B04D0002E00F064
:106C1000FE804FF0010B48EA4202DFF86C8201214E
:106C2000072042EACA03002243EA051343EA49194E
:106C300049EA8B1B0BF07B030093D8F800309DF8DA
:106C400000B05A7018705970002E40F00381B146A0
:106C5000DE703946D8F8000008F0B3FDD8F800001F
:106C60004A469DF8001008F0B3FD009B9DF80070A7
:106C7000D80702D52046FFF715FAB90710D5019BB2
:106C8000D8F80000002B00F0F68004F1770106230D
:106C9000012208F06CFD0121D8F8000008F057FC33
:106CA0000023002B00F0F28040F635018FE7002B27
:106CB00047D15EBB0BF02303B4F85420134309D033
:106CC0001BF0200913D04FF0000901254A46AA46BF
:106CD000C84698E7FFF70CFA0028F1D1FFF714FA3D
:106CE00002460028ECD1B1463546B24689E794F811
:106CF00004800125A8F10308AA46B8F1010F94BF4A
:106D00004FF000084FF001084A467CE7FFF7F0F922
:106D1000A8B9FFF7F9F91BF0200500F001096CD1C3
:106D200094F804804FF0010A2A46A8F10308B8F14C
:106D3000010F8CBF4FF000084FF0010863E70120FE
:106D4000E9E7012B17D194F8048056B9A8F10205A0
:106D5000B1469A463246D5F1000848EB05081D4673
:106D600051E7B8F102084FF000099A4618BF4FF0FA
:106D700001084D46C8E7062B3FF430AF042B39D14C
:106D800026BB0BF02303B4F85420134311D022790F
:106D90004FF000090125033A012A94BF0022012285
:106DA0001BF0200F0CBF90464FF000084FF0010A77
:106DB00029E7FFF79DF90028E9D1FFF7A5F98246F9
:106DC0000028E4D14FF000094D460EE7FFF790F997
:106DD00070B9FFF799F9227900F00109033A012A05
:106DE0008CBF002201221BF020050CD19046DDE76C
:106DF0000120F0E740F2F661E9E600254FF0010AD4
:106E00002A46A846FFE600254FF0010AF9E7B4F844
:106E1000541059B194F804B0ABF1030BBBF1010F5E
:106E200094BF4FF0000B4FF0010BF4E6618801F0C6
:106E300023010029EED10092FFF75AF9009A0028A9
:106E4000E8D1FFF761F9009A0028E3D1002F3FF461
:106E5000E0AEDFE7DA70FFF757F950B1D8F81C3031
:106E600093F8BD30002B0CBF4FF000094FF00A091A
:106E7000EFE68146EDE604F170010623012208F0F9
:106E800076FC94F86F1007E7901500203A0716D5A6
:106E9000626C05A9D8F80000C2F30B2262F30B0361
:106EA00094F84620ADF814301209C3F3072362F3B7
:106EB000071303228DF81530022308F058FCBF0693
:106EC00040F1B580D4F85831D8F81C700293D4F84A
:106ED0005C3103930FB9D8F81870D7E918A3019360
:106EE000FFF712F980B1D8F81C3093F8BD305BB1D0
:106EF00007F1400009F0A6FF30B93B6F13EB0A0A17
:106F0000019B43F100030193397C4FF0000CA34B2C
:106F1000D8F8142053F821004FF47A73DDF808E014
:106F200000F2E730B0FBF3F0D2F16E0361EB010148
:106F3000B3EB0E03DDF80CE061EB0E01C318019812
:106F400041F1000113EB0A0340EB0101D4F84C01BD
:106F5000B3F5161FA0EB020E9DF8150071F10002AB
:106F60004FEAEE7A00F0BF000ADB6CF345108DF8B3
:106F70001500BDF814306FF30C03ADF8143026E0A3
:106F8000B3F5703F71F1000208DB9E457AEB010218
:106F9000EBDA40F020008DF8150007E09E456CF319
:106FA00045107AEB01028DF81500E2DA9DF8152004
:106FB00012F0200FBDF8142014BF4FF4967A4FF052
:106FC0001E0AB3FBFAF363F30C02ADF814203B6F17
:106FD00040F2E242B3FBF2F3ADF81630D7F81730C7
:106FE000FA7E06939DF81C3062F304038DF81C3082
:106FF000FDF7EAF99DF81C3060F347138DF81C305B
:107000009DF815306FF3C7138DF815303B68CDF838
:107010001D303B798DF821307B798DF82230BB799A
:107020008DF82330B7F852300133ADF82430012EFB
:107030004FD1B4F85430002B4BD06388980748D414
:10704000DFF85CA1DAF8000008F0B7FB421CB4F8E6
:1070500054100346D2B2BAF81070C2F1FF00CF1B31
:107060008742A8BFD743FFB2B94227D96288D10768
:1070700024D401934A46009B033FD8F80000012521
:1070800043F01001FFB28B4608F0A2FB019B2046A3
:10709000191D3944C9B209F0BBFAC0F307238DF8B2
:1070A0001000C0F307408DF8113004228DF8120053
:1070B000032304A9D8F8000008F059FB3A46216DD3
:1070C000DAF8000008F0B8FBBAF810301F44AAF84C
:1070D000107065F3041B1BF0200F5FFA8BF506D0D0
:1070E0002F481223052205A9006808F040FB6A0614
:1070F0000CD5002E4AD104F13000267909F017FD95
:10710000014694F914203046FEF7E0FFFEF7FCFF3D
:10711000002836D0224CE36993F8BD308BB30721A9
:10712000206808F043FB092340F2E2410370322358
:107130004370E369D3F890308370E369D3F89030FB
:107140001B0AC370E369B3F892300371E36993F8E3
:1071500093304371E36993F8A1308371E369D3F805
:107160009420B2FBF1F2C2717D22E369D3F898302A
:10717000B3FBF1F30372E369D3F89C30B3FBF2F392
:1071800043722B0606D540F69A0120E5667994F8FD
:107190004410B6E70BB0BDE8F08F00BF406E0200B0
:1071A000901500202DE9F74F04460F4690F8440053
:1071B00002F0DEFD6179FF20764D02F0E7FC002F42
:1071C0004CD1286808F0AAF994F80480064604F126
:1071D000300009F0A1FCB8F1040F30D1B60106F57A
:1071E0003476EB6803EBC013CA3306FB00366388C2
:1071F000002019076E6142BFAB68F6186E616279B4
:10720000696902F03BFE63889A072ED07FBB6179E3
:10721000012002F0C7FF012294F876102046FFF704
:10722000C5FC286802F020FF0021286809F060FEF4
:1072300006232B7101236B7103B0BDE8F08FB8F109
:10724000030F03D1360106F5E776CAE7B8F1020F5E
:107250000BBF0B360A36B600F600C2E762794FF470
:10726000A571002009F038FECDE7002FD3D0668845
:107270004FF0000A286806F00203C6F38016514654
:10728000002B4FF007030EBF4FF001094FF000092C
:10729000D4F858804FEAC90912BFB4F85C70D4F82A
:1072A0005080B4F8547049EA861B0370012380F8BB
:1072B00003A0D946437008F084FA5246594628681C
:1072C00008F086FA1BF0080F17D0626C01A9BDF810
:1072D0000430C2F30B22286862F30B0394F84620B3
:1072E000ADF804301209C3F3072362F30713032236
:1072F0008DF80530022308F03AFA286808F0B2FA4F
:107300002B8AC0F1FE06FA1AB242B4BFD6B2F6B268
:1073100033449F422ADD002249F01001286808F01A
:1073200057FA286808F09EFA2E8ABF1BC0F1FE06A5
:107330002868B742B4BFFEB2F6B208F03EFA81192F
:1073400020460131C9B209F063F90422C0F30723D2
:107350008DF80400C0F307400DEB02018DF80530F5
:1073600003238DF80600286808F001FA63885B069D
:1073700006D594F9142094F844106079FEF7A6FE1F
:10738000298A32462868414408F056FA288A064479
:107390002E8246E79015002010B5084CB0F85C30FE
:1073A000228A9A4205D00121FFF7FCFE07232371B0
:1073B00010BDBDE81040FEF767BF00BF901500206C
:1073C00038B5438804461E4D13F0020F0FD1DB077A
:1073D0000DD42A8AB0F854309A4203D1BDE838401F
:1073E000FEF752BF0121BDE83840FFF7DBBE0020A9
:1073F000617902F0D7FE6388617913F0020F14BF40
:107400000C20222002F0C2FB02232B71AB7C4BB17B
:1074100001F086FE6379033B012B94BF4520402099
:1074200002F09AFE6379033B012B94BF28200020D1
:1074300002F058FE2868BDE8384002F015BE00BFD3
:1074400090150020094810B5037903F0FF0453B9E3
:1074500024222146043009F095FF02F089FE01F054
:1074600087FE204610BD0C24FBE700BF90150020CE
:1074700010B50023084C23712060FFF7E3FF20B113
:1074800040F2F6212D20F9F7C3FCE36A13B940F26C
:10749000F921F7E710BD00BF90150020014B024A0B
:1074A000DA627047901500203C030020044B054A27
:1074B0001A60054B054A1A60054B064A1A60704768
:1074C00058030020156A00005C03002011360000FC
:1074D00054030020D56800002DE9F34704460E460A
:1074E00000297FD000F13005284609F000FB28B9BB
:1074F0006388180770D5284609F0D8FA284609F09D
:10750000DAFA02F035FC2179252002F03FFB384DF4
:1075100028680379D90623D5C3789A0620D007F0C6
:10752000FDFF074604F1300094F8048009F0DFFA0B
:10753000421C3B464146D2B22046FEF71FFD0422C4
:10754000C0F307238DF80400C0F307400DEB0201E0
:107550008DF8053003238DF80600286808F007F938
:1075600046B304F1300A2868D5F80C8007F0D6FF3E
:107570008146504609F0D0FA07465046013F09F0CF
:10758000B6FA1FFA89F2391A2079C9B209F0ECFA71
:10759000638880441B0708D5AB68012120469844C6
:1075A00009F068F94044C4F82801227941460020D6
:1075B00002F064FC286802F057FD0021286809F0F9
:1075C00097FC26B92179304602F0D8FBE860052304
:1075D0002B7102B0BDE8F087204602B0BDE8F0474D
:1075E000FEF752BE0A4690F87610FFF7DFFA8EE7F4
:1075F0009015002070B5174E012504463030B57146
:1076000009F075FAF8B96388DA0604D52046BDE8B2
:107610007040FEF739BEB279002AF7D003F0230399
:10762000B4F85420134305D020460021BDE8704033
:10763000FFF7B8BDFEF75CFD0028F5D1FEF764FD4D
:107640000028F1D1E2E729462046BDE87040FFF767
:1076500043BF00BF9015002070B5114D00260121D9
:1076600004462E826E7109F005F9AB680344AB60E5
:10767000B4F848300133A4F84830FDF75DFD4FF40D
:107680007F7394F87610B0FBF3F202FB1300AB6843
:1076900032461844A8602046BDE87040FFF786BA1D
:1076A0009015002010B5094CA06A4388092B07D11A
:1076B000FFF7D2FFA06A0121BDE81040FFF70CBF21
:1076C0000121BDE81040FEF799BF00BF90150020D2
:1076D000F8B5867D0446B31EDBB2012B8CBF0027B4
:1076E000012796B3023E18BF0126012B2DD800F1C9
:1076F000700190F86F0007F05AFD054663889B06FD
:1077000005D4082D2CD02846FDF752F840BBE5776C
:10771000A77784F86860FDF76DF8054609F06FFCFF
:10772000164B0022A5FB033584F876201B18204653
:1077300045EB01051146C4E91835FEF7F1FC70B9B7
:1077400040F293412D20F9F763FB0825D6E704F1B9
:1077500069013046FCF716FF0028D8D10020F8BD9B
:10776000002EF4D0637F002BF8D0D4F81730C4F883
:107770006930B4F81B30A4F86D30C8E740420F0000
:107780002DE9F04F07469BB00C4605460EAE95F826
:1077900012900FCF0FC60FCF0FC697E80F0086E8E5
:1077A0000F0006A86E7909F067F9A37A6178029351
:1077B000237801F07F080393237D013BDBB2022B8A
:1077C00000F28180684AC90613441F7E06D4A37D57
:1077D000013BDBB2022B76D813441E7EB9F1010FB8
:1077E00005D1042F08BF0327042E08BF0326617AA2
:1077F00006A809F048F9237DA27E06A8022B02F113
:1078000001020CBF617D0121D2B204BF0131C9B2B6
:1078100009F03BF918F0080F6CD106A809F07CF9C3
:1078200063788246DA0653D4FAF7D2F981463946AC
:107830005046FEF72FFB0123014632464846CDF85D
:10784000008008F078FD40F27121227900F2992041
:10785000E378B0FBF1F043EA02236279484343EA5C
:1078600002434B43984238D84FF0000B94F818A0CD
:107870000593A37CE86C04930AF1FF33D3F1000A6B
:107880004AEB030A05F03EFF8146E86C05F04AFF2B
:10789000059B484538BF48460DF1180980B260B3D2
:1078A00008A9CDF82090ADF824808DF830708DF8BF
:1078B0003160CDE90A3B08F06EFE059BE8B9452032
:1078C0001BB0BDE8F08F40F229310620F9F7A0FA8D
:1078D0002822414600F076F9B5E7E379A27942EA39
:1078E0000322237A42EA034201FB02F3984298BF43
:1078F0000346B9E700239B46B8E7CDE9103B049B5C
:10790000039A8DF84D308DF83C700EAF029B8DF8C8
:107910003D602E468DF848A08DF84E308DF8382009
:10792000ADF83A800FCF0FC60FCF0FC697E80F0004
:1079300086E80F0099E8030028630020A986E37A0F
:1079400013F0FD0F14BF0123002385F86F30E368A7
:107950002B67238AA5F8743095F84630E27D62F3F0
:10796000071385F84630ABE7406E02002DE9FF4172
:10797000564E0446327902F0FF0312B90278FF2A0C
:1079800004D140F6A9112D20F9F742FA3382B360F1
:107990007371B37180F891304D4B684604F1300536
:1079A00000934C4B01934C4B0293F36A5B68039337
:1079B00002F044FB02F03CF902F0DAFB01F0D8FBE4
:1079C000464802F0AFF9464802F032FB284609F07B
:1079D0006DF8284609F06FF802F0CAF921792520E0
:1079E00002F0D4F894F9140002F096F904F1500171
:1079F000E06C05F016FE074604F15801E06C05F056
:107A000037FE80461FB194F82430002B38D1B8F1EE
:107A1000000F37D094F82550A37F13B963885B0714
:107A200009D56FF00043D4E918129A4208BFB1F1AA
:107A3000FF3F29D185BB002F08BF474694F89330FC
:107A400003B9AFB1638813F0100511D1606CC0F3B6
:107A50000B2008F0BAFF94F8463084F84500C0F3D4
:107A6000032023F00F03184384F8460084F8935052
:107A700030680330FCF7DCFEB07404B0BDE8F08180
:107A80000125C9E74546C7E709F0B9FAD4E9182343
:107A9000904271EB0303CDD30122204605EA020197
:107AA000FEF73EFB68B1FCF7A5FE054609F0A7FA14
:107AB0000C4BA5FB03351B1845EB0105C4E9183534
:107AC000B9E7002DB7D040F6DE115CE79015002035
:107AD000516B00005D64000025630000D6BE898EF6
:107AE0005555550040420F0037B504461C4DFFF771
:107AF0003DFF04212078F9F715FF0621A8612078C1
:107B0000F9F710FFAB69E8612BB120B140F61621FF
:107B10002D20F9F77DF9204608F06CFD618811F001
:107B2000100118D000212046FEF768FD94F892302D
:107B30005BB16846FCF7E6FF38B1694604F13600F0
:107B400007F03AFC002384F89230204603B0BDE8E9
:107B50003040FEF76BBA2046FFF7BEFCE6E700BFF9
:107B600090150020024B9862DB6A1B68184700BF23
:107B70009015002043881A0710B504460ED5036AF5
:107B80003C220F49943042721B884381FF2380F8C6
:107B900027304FF6FF73038507F0E5FF6388204623
:107BA000DB0747BF236A3C223C224FF6FF7148BFE8
:107BB0001988FEF723FBFF2384F8913010BD00BF26
:107BC0002D0601000138022808B503D9C3212F2052
:107BD000F9F71EF913290A4B05D811290CD81029D9
:107BE00007D0D121F3E71529FBD103EB4003D88857
:107BF00001E033F8100008BD03EB40039889FAE771
:107C00005C6E0200F8B52F4B40281A8842EA000249
:107C10001A8005D104219868BDE8F840FBF76CBCD8
:107C2000802801D10521F6E700F00302032A04D1E0
:107C300040F6CA113120F9F7EBF810F0020418BF32
:107C4000D960C50705D5CA781961062A0DD00B2A57
:107C500018D02CB1DA68D278052A1FD00B2A2AD086
:107C6000820644BF08221A75F8BD9A6892F89F10E0
:107C70001929EED1002600270121C2E9406782F8C8
:107C8000A310E6E79A6892F89F10132901BF00211C
:107C900082F8A310012182F8E210DAE79A6892F8DC
:107CA0009F101729DCD1002400250121C2E942459B
:107CB00082F8A410D4E79A6892F89F101229CFD1C5
:107CC0000021F5E7C015002013B5044601A8FCF714
:107CD000D9FB20B940F2CA713120F9F799F8502246
:107CE0000021019809F04EFB0321019807F0F7FDF0
:107CF00001982146037823F010030370FCF742FF3C
:107D0000224601990548FDF7D9FAFCF7D1FB10B9D5
:107D100040F2D471E0E702B010BD00BFC4150020EE
:107D200070B5274CA36893F8D66293F8D752002E0B
:107D30003FD193F87C10002D3DD193F87D2083F83E
:107D40007C1083F87D20FF2283F87E201D4B1B686A
:107D50000BB1A0689847A36893F84C31012B02D06F
:107D600056EA050303D000211748FCF735FBA0684D
:107D7000443007F035FF0546A06800F27B11FDF79F
:107D800071F9A0680621FBF7B7FBA068443007F043
:107D900027FF8542044610D203F0D8F80146601B45
:107DA000192838BF192004F0D3F9B0FA80F040093F
:107DB00070BD3146BFE72A46C1E70120F8E700BFA2
:107DC000C01500207C030020C415002013460029A4
:107DD000A0F10E0208BF1F2110B5282A2BD8DFE81A
:107DE00002F0152A2A2A152A152A1B152A2A2A2AB8
:107DF0002A3F2A2A452A2A383838502A2A2A2A2A63
:107E00002A2A152A582A582A2A5815001A460021C3
:107E1000BDE8104008F0C5BE224CA36893F89E2030
:107E2000222A0AD1201DFCF7D7FAA368002283F882
:107E30009E2083F8DC20002010BD2F2AFBD193F870
:107E40009F30A3F12102062AEFD92F2BEDD02A2152
:107E5000E8E7154B1B68002BEDD0BDE81040184734
:107E6000124B1B68002BE6D01D20F6E7104B1B6859
:107E7000002BE0D00B480A4620218068BDE8104066
:107E800018470C4B1B68002BD5D00B48BDE81040A1
:107E900018470A4A1468002CCDD00A4601461846F5
:107EA0002346EBE7C0150020780300209003002054
:107EB00064030020A0030020C415002070030020EC
:107EC0001C4B024609799B6893F89E0022281DD01E
:107ED0002F281BD029281BD004281BD010281BD0EA
:107EE0001E281BD093F89F30242B19D0302819D08E
:107EF000352819D0362807D0372817D03B2817D077
:107F0000412814BFFE203520FFF760BF1620FBE795
:107F10002320F9E70E20F7E71220F5E71420F3E716
:107F20001720F1E72620EFE72E20EDE73020EBE7E2
:107F30003220E9E7C015002008B50C4B9B6893F888
:107F40003221FE2A04D040F2D9713120F8F760FFC7
:107F500083F8320111B9A3F8DE1008BD0022A3F89E
:107F6000D820012283F8DC20F7E700BFC0150020ED
:107F7000104B1A7DCAB970B99B6841F64B52D9694A
:107F8000914215D9B3F86C10B3F8502091420FD834
:107F90001846FBF71FBA1A88120708D59B6893F892
:107FA000A000083818BF012070470020704701204A
:107FB000704700BFC0150020164BDB6810B519795B
:107FC000436893F89E200A2A09D193F829218A420E
:107FD00005D1002283F89E2083F8DC2010BDD3F861
:107FE000902012F0080407D022F00802BDE81040EB
:107FF000C3F8902007F0C7BEFF2905D1342283F8CB
:10800000CC4283F89E20E9E740F2DE413120F8F7C8
:10801000FFFE00BFC015002037B50C794268362C32
:1080200092F89E305ED8222C07D8A4F10E02D5B269
:108030000F2D31D9002003B030BDA4F12302132A43
:10804000F8D801A555F822F04581000035800000E0
:10805000358000006381000035800000358000001D
:10806000358000003580000035800000358000003C
:1080700035800000F980000035800000718100002B
:1080800035800000878100003580000035800000C9
:108090009B810000F98000000F2ACBD801A555F87C
:1080A00022F000BFF980000035800000358000001C
:1080B00035800000F980000035800000F980000064
:1080C0003580000009810000F98000003580000043
:1080D00035800000358000003580000035800000CC
:1080E00059810000FF2CA5D1314B9B69002BA1D0F9
:1080F000012382F8CE329DE702460121204603B0DB
:10810000BDE8304008F04DBD222B01D02F2B91D17E
:10811000019007F025FE0198436893F89F20232AD9
:1081200088D093F8F3201A2122F0010283F8F3207B
:10813000426892F8F33023F0080382F8F330FCF73A
:108140004BF977E7292B7FF475AF1A4B1B68002B8F
:108150003FF470AF98476DE7332B7FF46BAF164B4E
:10816000F4E7164B1B68002B3FF464AF984761E7B8
:10817000372B7FF45FAF124B1B68002B3FF45AAFD5
:108180003021984756E73B2B7FF454AF0C4B1B68CC
:10819000002B3FF44FAF3221F3E7412B7FF44AAF7E
:1081A000074B1B68002B3FF445AF3521E9E700BFC3
:1081B000C0150020800300209403002098030020B5
:1081C00074030020F7B50546924C002840F0DD808E
:1081D00023881F0752D5A36893F83221222A13D08F
:1081E0002A2A01D01C2A05D1002283F854218A486A
:1081F00007F0B6FDA36893F83221FE2A11D14FF49F
:10820000AA613120F8F704FE83F85601834B1B68FE
:10821000002BECD0A06800F5AB7100F59C7098477E
:10822000E5E7FE2283F8322193F89F201B2A08D12C
:108230000026794883F8E16007F0A5FDA36883F87C
:108240009F60A36893F89E20342A3AD0402A41D0F8
:10825000212A0AD193F89F20A2F12101062901D9F0
:108260002F2A2CD12F2283F89E20A36893F8A020D8
:10827000082A02BF0222227783F832212388DE07F0
:1082800057D5A368276993F89F30123B0B2B0DD865
:10829000FB78023BDBB2092B00F2B780012202FA25
:1082A00003F340F23332134200F0AF803846FCF75C
:1082B00059FC98B93946584807F089FD89E02222CF
:1082C000D1E7012283F8CD22002283F89E2083F893
:1082D000DC20CAE7504807F043FDC6E7FE78012ED0
:1082E00001D9162E0FD1A36893F89E0007F060FD08
:1082F00048B1A36893F89E20212A04D0222A40D1B5
:108300002F2283F89E20112E67D058D8072E66D0D2
:108310000D2E66D03046FDF7D1F90346002855D121
:10832000FF2EC7D1A369002BC4D0A368012283F814
:10833000CE222388580706D5A26892F8A020072AE3
:1083400004BF0122227799070FD5E368DE780D2E4E
:1083500049D0112E49D0072E49D03046FDF7B8F943
:108360000346002845D02C4898472388DA060CD5C8
:10837000A36893F89F200B2A07D10C2283F89F2033
:1083800003E0162E0CBF20250225237D1B0713D5E5
:10839000A36893F89F30123B0B2B38D9002601A914
:1083A00003200196FAF788F9019B2BB11E720C226B
:1083B000A1680198FCF7E4FD284603B0F0BD142E37
:1083C000A8D1174B1B68002B3FF474AF21691248EA
:1083D00098470028ADD00546D7E7124BF6E7124B79
:1083E000F4E7124BF2E7124BBDE7124BBBE7124B1F
:1083F000B9E7FF2E06D1A268342182F8CC0282F8B8
:108400009E10B2E740F24451FBE60825BDE708257F
:10841000D2E700BFC0150020C4150020680300206B
:108420008C030020FF0C010019800000C17E0000B9
:108430006D0C01008B0C0100B97F0000024B002085
:1084400098611862704700BFC015002008B500226F
:10845000044B9A611A62FCF7B9FEBDE80840FDF7CB
:10846000FBB900BFC0150020024B9869003818BF47
:1084700001207047C01500202DE9F043814C0E46C5
:1084800087B00746B4F80080A16818F4007F01F1B6
:1084900090050CBFB1F8D220002328460DBF013251
:1084A000A1F8D23081F81732A1F8D22008F005FCEB
:1084B00028B1434601F5B9722846FDF73DFB2388F4
:1084C00003F4C06343B1A06890F8A230002B00F021
:1084D000AF80032B00F0B280A168238891F8A2201E
:1084E000012A04D11D0544BF022281F8A220002FD9
:1084F00040F07C81580657BFB1F830223A4601322D
:1085000092B2A1F8302203F00A020A2A0DD1E268E1
:10851000D278022A09D123F0080330462380FFF7DE
:1085200051FE06430823F6B223803046FFF74AFE89
:10853000A3690643F6B2002B5FD01422002101A8E4
:1085400008F020FFA36893F87D0001F08BFFA3687B
:10855000054693F87D0001F07DFF05F5FA754FF4AF
:108560007A71A268B5FBF1F51388054441F2707089
:10857000ADF80430B2F89830ADF80A50ADF80830D4
:10858000D369A3F57A75854295BFB3FBF1F340F249
:10859000E24103F55063B3FBF1F39BB2ADF8063053
:1085A00092F8CE3233B12069C31C049307F095F9D9
:1085B0008DF81400A26801A89DF80C3092F8CD2225
:1085C00062F300038DF80C30A3699847A36800227A
:1085D000049983F8CE2283F8CD2271B193F8CC228E
:1085E0005AB993F89E20342A07D09DF8142022B15E
:1085F0000878FF2827D11B2A2CD9A36893F83221A9
:10860000FE2A4FD1002E4DD193F8A020073A012A1F
:1086100048D993F840312BB3A3680121022093F885
:108620004121A3F8D66083F83421FFF785FC39E0B7
:10863000012180F8A210FAF75FFF4DE70223012124
:1086400080F8A230F7E70728D7D1022AD5D1487899
:10865000FF28D2D10120C3F8D01283F8CF2283F8AB
:10866000CC02CAE7A06890F89F30A3F11105EDB2E3
:108670000C2D40F28681D0F89030DA0704D53146CF
:108680000920D2E7C0150020990740F10E8131463C
:108690000C20FFF751FCA26892F8E33043F001038D
:1086A00082F8E330A568B5F8103295F814820133EA
:1086B000A5F81032B8F1000F00F0F482F9F7EEFFE0
:1086C00010B10023A5F81032A16891F8A230012B57
:1086D00040F22B8391F8A030082B40F0FB82B1F8D8
:1086E000D230022B40F22183B1F8D4500135ADB223
:1086F000B1F89830DFF8A0822B44A1F80832D8F8FE
:108700000030002B00F015834B8E012B40F21183BB
:10871000F9F7B8FF0246A068D8F80080B0F89810C2
:10872000C047A36800F10108B3F832901FFA88F837
:10873000A36893F81522002A52D1012D50D993F83D
:108740009F200AB10C2A4BD193F89E20002A47D1D2
:1087500093F8A020002A43D193F8A220022A3FD107
:1087600093F81722002A3BD1586904F0BAFD00287B
:1087700036D0A36893F83221FE2A31D1B3F80A2209
:10878000012A2DD9B3F810129A8C914228D2B3F84D
:108790002E0128BB013D521AADB292B2B5FBF9F5DC
:1087A000954228BF154605FB09881FFA88F893F8FB
:1087B0008B307BB9A268D2F884305BB1B2F8CE308E
:1087C000B2F898209B1A9AB21BB2002B02DD984592
:1087D000A8BF9046003DA36818BF012583F8125238
:1087E000A368B3F898008044A3F80C822288A36899
:1087F000550657BFB3F81C220022B3F80E125218C8
:10880000A3F81C2293F840312BB9A36893F8A03049
:10881000073B012B07D8A368B3F8D620B3F80E1294
:108820000A44A3F8D620A26892F8DC0030B1B2F86E
:10883000D830B2F80E120B44A2F8D83092F9E010FA
:108840000029C1BFB2F8DE30B2F80E525B19A2F8AF
:10885000DE3092F8C1305BB9002F40F0B582237F43
:10886000022B40F06A8292F83431062B18BF16238F
:10887000A26892F8C0202AB9A268484882F8C1309C
:10888000FCF786FFA06808F078FA454B1B681BB11F
:10889000444AA06811689847A368002283F813220D
:1088A00007B0BDE8F043FBF72DBE5A0702D53146AD
:1088B0001320BAE6190706D590F82831314680F81A
:1088C00034310720B1E61A0602D500211B20ACE6A0
:1088D00013F030013FD090F84331002B40F07A8202
:1088E000A36893F84231F3B1A06890F89F3000F587
:1088F000A17100F2D622262B2BD090F89E30A3F146
:10890000260CDCF1000343EB0C0307F072F9A268BC
:10891000D2F8903023F0200343F01003C2F89030D7
:10892000002382F84231A068D0F89030DA0640F196
:10893000518200F27B11FCF795FBA3680021152002
:10894000B3F86620A3F83421B3F86A20A3F83621DF
:108950006BE60123D9E713F0400201D0242064E63E
:1089600013F4807102D011461E205EE613F40072EB
:1089700001D02F2059E65B0540F12C8211463120B1
:1089800053E6123B0B2B54D8DFE803F00E5353533E
:1089900011195353535353449C030020C415002012
:1089A000600300203000002000210B203DE6FCF792
:1089B00061FF00283FF476AE0021042035E690F8F0
:1089C000C832012B08D100210520FFF7B5FAA368B2
:1089D000002283F8C82265E6A36893F8C832022B08
:1089E000D8B27FF45FAEA368062293F8E2501DB1BF
:1089F000002183F83421E8E7A648032107F0D2F9E3
:108A0000A368294693F8F23013F0040F14BF112025
:108A10000D20DAE70021062007E60021112004E6F8
:108A200092F84C31012B04D192F84D31002B00F01B
:108A3000E681A36893F89E20B2B993F89F20113A7B
:108A40000C2A40F2EC8193F8D020002A00F0E78154
:108A500001211220E9E500212D20E6E50021332047
:108A6000E3E500212020E0E50A2A40F0D48193F8D4
:108A70002921012183F8342123E7A36893F8523197
:108A80009BB1A36893F8E33013F003050DD10121E6
:108A90000C20FFF751FAA36893F8E32042F001029B
:108AA00083F8E32083F8525195E7A36893F84231A5
:108AB00053B3A36893F8433133BBA06890F89F3059
:108AC00000F5A17100F2D622262B1BD090F89E3023
:108AD000A3F1260CDCF1000343EB0C0307F089F84B
:108AE000A368002283F8422101211420FFF724FA11
:108AF000A368B3F86620A3F83421B3F86A20A3F87A
:108B00003621CFE50123E9E7A36893F84C21012A38
:108B100070D193F84D31002B6CD1A06890F89F5024
:108B2000A5F12103062B65D92F2D63D090F87C1079
:108B30004B1EDBB2032B09D890F87D20DFF858E1FB
:108B4000013A1EF803C0D2B2032A04D940F2173109
:108B50000620F8F75DF9BCF1020F90F84E3110D005
:108B6000BCF1030F0FD0BCF1010F04D1012B14BFD6
:108B7000002301234BB90B3D042D23D901211620DD
:108B800053E5022BF3E7042BF1E71EF8022090F8DF
:108B90004F31022A24D0032A24D0012AEBD1012B01
:108BA00014BF00230123002BE5D0B0F8983000F566
:108BB0003572B0F8500106F03AF90146A8B93548C7
:108BC000FBF70AFCA36893F89E20002A7FF46AADA5
:108BD00093F8CC32002B3FF465AD0121FF2024E552
:108BE000022BDDE7042BC6D1DFE7A368282283F838
:108BF0009E2057E5A36893F8563113B10121222036
:108C000013E5A36893F854313BB1244B1B6821480A
:108C10009847FE28D6D0012107E5A36893F85E3176
:108C200013B101211D2000E5A36893F85F3113B152
:108C300001212E20F9E4A36893F8613113B10121D9
:108C40003620F2E4A36893F8623113B10121302099
:108C5000EBE4A36893F8653113B101213820E4E413
:108C6000A36893F8633113B101213220DDE4A368D6
:108C700093F8643113B101213520D6E4A36893F849
:108C8000663113B101212620CFE4054B1B68002B70
:108C9000BDD197E7C41500207A6E0200A40300201E
:108CA00084030020F9F7E8FC08B1A5F81082F9F771
:108CB000FDFC00283FF408AD95F817320133DBB214
:108CC000022B85F8173282BF0023A5F8103285F8F1
:108CD0001732F9E491F8D0301BB191F89E30102B87
:108CE00023D1B1F8D45001F19000B1F8D220013570
:108CF0004B8EAD1A4FEA8308A5EB830507F0DDFF25
:108D0000A8B1D1F8C820531CD1F8C4209B1AA3EBFA
:108D10000803AB42B1F82E21A8BF2B46151F9D4278
:108D2000B8BF1D46012D3FF7E2AC0125E0E42B461C
:108D3000EFE74FF00109C846FAE4012B09D192F898
:108D4000A130002B7FF494AD0021A068FAF7D4FB8A
:108D50009BE55EB1F00635D4310735D4B20635D483
:108D6000B30735D140F64C113120F2E638B1B2F8F4
:108D7000D800B2F8DA30984201D3222378E50029EE
:108D800005DDB2F8DE10B2F8DA309942F5D2B2F869
:108D9000D610B2F8D43099420BD2A36893F8A2103F
:108DA000B3F8D22051B1B3F8D4309342CCD80823D1
:108DB0005EE592F84031002BDFD1EEE7052AC3D9FA
:108DC0003E2355E51E2353E53D2351E523234FE57F
:108DD0002A234DE5A26892F89F303A2B3FF43BAE30
:108DE00010D82B2B3FF43DAE322B3FF416AE232B85
:108DF0007FF41FAE92F84C31022B7FF411AE0021AC
:108E0000172012E43D2B3FF429AE422B7FF411AE24
:108E100000213A2009E40C2D3FF6D4AE42E40C2D9B
:108E20007FF640AC93F85331002B3FF426AE01217E
:108E30000E20FFF781F8A368002283F85321CAE5CA
:108E400073B56C4D00240126A8602E712C802C7502
:108E50002C77FF2380F81332AB681888FBF70CFBE4
:108E6000AB681888FBF736FBAB68B3F80A22EAB1A7
:108E700093F83221FE2A19D193F84031B3B1AB688F
:108E800093F8A020073AB24210D993F8412102206A
:108E9000A3F8D640314683F83421FFF74DF8AB688C
:108EA000022083F81242FEF70FFF04E0AB6893F84C
:108EB0003201FE28F7D1AC68638E04F19000B4F85B
:108EC0000E12012BB4F8102201F1FF3138BF01233B
:108ED00089B2B1FBF3F31344A4F81032B4F8D230E2
:108EE0000B44A4F8D23007F0E8FE20B1D4F8C43027
:108EF0000B44C4F8C430B4F80A320026012B9CBFDE
:108F00000133A4F80A3209B184F8176294F89F304B
:108F100084F81262A3F10B02012A1FD8B4F898302A
:108F2000B4F8D4229B1A190432D404F2D62104F1E5
:108F3000A60006F041FAAB6883F89F60FF2283F831
:108F4000FA20A968B1F80E2201F1900006F07BFA30
:108F5000A0B340F6D7013120F7F75AFF262B17D1DF
:108F6000B4F8D422B4F898309B1A1A0410D484F8B8
:108F70009F60FEF7D5FEAB68014630B983F84C011F
:108F800002B0BDE87040FFF777BA83F84C61D8E7CC
:108F900094F89E30262B01D0282BD2D1B4F89830EB
:108FA000B4F8D4229B1A1B04CBD4002384F89E303F
:108FB000FEF7B6FE01460028C3D1E1E70E4B0F498C
:108FC00000930F4A0F4B03C9F9F7BAF9296A19B18F
:108FD00095F8240001F0A8F8AB6893F89F30123B95
:108FE0000B2B04D802B0BDE87040F9F7A1B902B06C
:108FF00070BD00BFC015002079840000C41500209A
:10900000057C0000717F0000D0F8DC32C269934219
:1090100010B5044604D1D0F8E012426A91421FD044
:109020002288A3F57A7104F5E370A4F8D02141F207
:1090300070729142104995BF4FF47A7240F2E24249
:10904000B3FBF2F3B3FBF2F398BF03F550639BB2AB
:10905000A4F8D231D4F8E032C4F8D43106F08CFD53
:1090600002212046FBF7A4FC002384F89F30032351
:1090700084F8A23010BD00BFB5FE0000014B18748B
:10908000704700BF4C160020064B1B68D3F8000148
:1090900038B1D3F8040120B1D3F80801B0FA80F058
:1090A00040097047C41C0020034B00221A705A70FC
:1090B00010229A70704700BFCC160020F8B5064603
:1090C000022014460D4600F069FA114B114A01279F
:1090D000191D5C609A6002F1807203342D011F70CB
:1090E000DC601D83C3E904260022243303F80A2C24
:1090F0000D2203F8092C084A1268C2F830150749F6
:10910000C2F80875C2F8383503C983E80300F8BD12
:10911000CC1600200300000BC41C0020E06F0200EE
:1091200008B5022000F03AFA0D4B01221A70002215
:109130000C4B1B68C3F80021C3F80421C3F80821B5
:10914000094AC3F88020094BC3F88C20A3F580237B
:10915000C3F88C21A3F580530822C3F8042508BD69
:10916000CC160020C41C00200300008000300850F2
:10917000144A08B5137803B3134B19680023C1F8D8
:1091800080301249C1F88C30A1F58021C1F88C31B2
:1091900008210F4BC3F80815FFF776FF40B10123F4
:1091A0005370938EFF2B05D9BF213B20F7F730FE7C
:1091B000102350709370002313700020BDE8084006
:1091C00000F0ECB9CC160020C41C00200030085080
:1091D000002004500A4B1A7872B10A4B1B68D3F86E
:1091E00000215AB1D3F8040120B1D3F80801B0FA34
:1091F00080F04009C0B2704758787047022070472D
:10920000CC160020C41C0020064A08B513782BB1E8
:10921000FFF73AFF20B192F8340008BD9078FCE7E0
:109220001020FAE7CC1600200A4B02211A6800230E
:10923000C2F88030084AC2F88430A2F58022C2F811
:109240008431A2F58052C2F8081502F58022C2F8D6
:1092500008357047C81C002000300850024B00221F
:109260001A705A709A707047041700202DE9F8435D
:10927000054601200C46914698469DF8206000F076
:109280008DF905F003012A4F41EA084329483A685D
:1092900043F0807380F80480C2F80435FFF7C4FF00
:1092A000E3683A6893FA83FCA36880F805901FBAD4
:1092B000636819BA2368C2F810C51BBAC2F81475DE
:1092C000C2F81815C2F81C35D4E9043719061B0A70
:1092D00009BA43EA076394F82070002F23F0004393
:1092E000E76914BF4FF0004C4FF0000CA4693FBA7F
:1092F00043EA0C03022E24BAC2F820751BBAC2F846
:109300002445C2F82835C2F82C150CD80A4B022D7A
:10931000C5709B5DC2F848354FF00103437000D81B
:109320000370BDE8F8834FF4F1713C20F7F770FD4E
:10933000C81C002004170020E86F0200694B2DE9CB
:10934000F74F5A7805460C4622B94FF404713C2079
:10935000F7F75EFD93F803C0C21C01F1030A00F1A8
:1093600001091CF0FB0E019203F1080703F1380616
:109370005D4A4FD1497803F1400BC3F8109003F1D7
:1093800018098846A3F868100191A3F8548008F1E1
:1093900004089C6492E80300C3E916EE86E8030023
:1093A000D2E902018BE803000021DFF840B183F825
:1093B0005610D2E90401C3E913BA87E803004C4907
:1093C0004FF00E0A596183F857A0D2E90601EA1C52
:1093D0009A620022C3E9085B89E80300A3F82C80A5
:1093E00083F82E2083F82FA0C3E90CEEA378AB708E
:1093F000404B1B68C3F83065C3F83875394B012200
:109400003C499A70BCF1000F4AD11B78002B40D127
:10941000E1219CE792E8030003F1180EDFF8D08009
:109420001C62C3F8148087E80300611C1961D2E94B
:109430000801C3E910988EE80300DFF8B0E003F1FB
:1094400048082D49C3E909EA4FF0000AC3E90B1A9D
:10945000D2E90401C3F834A083F85EA086E80300D3
:10946000D2E90601EA1C9A655A79A3F85C200E221B
:10947000C3E9145E88E8030083F85F20C3E918AAF3
:10948000A378AB701B4B1B68C3F83075C3F8386505
:10949000B4E70B68C3F804C11A6003B0BDE8F08FED
:1094A000BCF1040F05D11A700B680021C3F8041138
:1094B000F2E71B7813B940F20D1148E70A68002360
:1094C000C2F804310D4BC2F880300D4AC2F8843026
:1094D000A2F58022C2F8843102220A4BC3F8042587
:1094E000DBE700BF04170020EC6F02000100000D55
:1094F0000100000CC81C0020E803000E01000080E1
:109500000030085000200450054808B503781BB10E
:10951000FFF78AFE0023037000234370837008BDA9
:109520000417002008B5084B1B68D3F8042122B9A2
:1095300040F27D213C20F7F76BFCD3F800040038A3
:1095400018BF012008BD00BFC81C0020024B01222B
:109550001B685A60704700BFC81C002038B5074B15
:109560000024074D1B68C3F800452B68C3F800456D
:10957000FFF7CAFF2B68C3F8804038BDC81C002025
:10958000C41C0020044B4022C3F88820BFF34F8F37
:10959000BFF36F8FFFF7E2BF00E100E010B50446B4
:1095A000FFF7DCFF012C03D0022C07D084B910BDDB
:1095B000094B02221B68C3F80025F8E7074B03227A
:1095C0001B68C3F8002502F10042C3F88020EEE7D3
:1095D00082213D20F7F71CFCC81C0020C41C002081
:1095E000074B0022C3F80022C3F81822C3F8202238
:1095F000C3F80C22C3F81422C3F81C22704700BF22
:1096000000A0085010B50D4C01F03F01D4F8203EE9
:1096100041F40C3123F4702341F4207143EA0243F6
:10962000074AC4F8203E136A23F00303184310626C
:10963000C4F8000DC4F8101D10BD00BF00A00850F4
:1096400078170020064B10B50024C3F8704322465B
:1096500021462046FFF7D6FF024B83F8644010BD39
:1096600000A0085078170020024B00221A809A7040
:109670001A717047781700200A4B9B78012B02D093
:10968000022B03D07047420702D57047830707D4E7
:10969000054B0022C3F8402503F5A04301221A61BF
:1096A000704700BF781700200050085000280CBFFA
:1096B0000423022307B58DF8043000238DF806300B
:1096C00001F044FC01284FF0FF3088BF00208DF8E6
:1096D000050001A803F090F820B140F6BE213E201D
:1096E000F7F796FB03F0A0F858B15723ADF8023016
:1096F000BDF802309BB25A1E92B2ADF80220002B88
:10970000F6D1034B012283F8652003B05DF804FB1A
:109710007817002038B5144D0346084695F84920BF
:1097200022B940F651013E20F7F772FB6BB9012ACE
:109730006C6C95F8481005D100F02AFF20442B6B83
:10974000C01A38BD07F0DAFBF8E7012B0AD1012A6D
:109750006C6C95F8481002D100F00CFFEEE707F0B2
:10976000D8FBEBE70020EAE77817002008B50D4B9F
:1097700083F8240001380C4B03280DD8DFE800F0F3
:109780000206080A0322C3F8002508BD0422FAE7EE
:109790000622F8E70522F6E740F677513E20F7F774
:1097A00037FB00BF7817002000A0085008B5144B05
:1097B00093F85530D90721D59A0711D5114BD3F815
:1097C000002442F00102C3F80024D3F8203503F04E
:1097D000F603022B12D140F20F613E20F7F718FB7F
:1097E0005B070BD5074B084AC3F80821A3F5A04334
:1097F000D3F8403113B140F21661EEE708BD00BF67
:109800007817002000A008500B00008007B50B4A15
:1098100001AB92F9252000F0FFFE9DF9040000F055
:1098200045FE9DF8050000F089FF20B14FF4BC61B2
:109830003E20F7F7EDFA03B05DF804FB781700203F
:10984000124A128D952A08B503461ED9104863B9ED
:109850002831C1600F4900F059FF0130012814D9A7
:1098600040F237713E20F7F7D3FA012B0AD12931A4
:10987000C160084900F050FF0130012805D940F2CD
:109880004171EFE740F24571ECE708BD7817002021
:10989000400000201470020008B50E4B1A8D952A66
:1098A00016D99B78012B09D100F03CFF013001282B
:1098B0000ED940F6A2013E20F7F7AAFA022B07D1F3
:1098C00000F036FF0130012802D940F6A801F2E786
:1098D00008BD00BF78170020064B034440F4090080
:1098E0001A7D40F04000044BC3F80827C3F8400538
:1098F000704700BF1470020000A0085010B50C465D
:10990000FFF734FF2046FFF7E7FF084B5A78012A9C
:1099100003D12146D878FFF779FF054AD2F8003401
:1099200043F01003C2F8003410BD00BF78170020C8
:1099300000A0085007B50DF1070002F069FF20B143
:1099400040F6F6213E20F7F763FA0D4A9DF80730FE
:109950009278012A04D0022A0ED003B05DF804FBED
:1099600013F0040FF9D1074B0022C3F8402503F58B
:10997000A04301221A61F0E713F0020FF2E700BFE3
:1099800078170020005008502DE9F04107460C469A
:1099900016463B4DFFF78AFE002F4ED195F82680E4
:1099A0003046FFF7E3FE40464146FFF795FF30465D
:1099B000FFF72CFF01232978324A9942AB702BD153
:1099C00002EB4602938F4FF47A7203F5FA73B3FBFE
:1099D000F2F3E41A296B2C4E2C4B0C44C6F840458C
:1099E000C6F8C0312B78002B40D195F8553043F0A4
:1099F000020385F855300125FFF7D8FEF564D6F847
:109A00004C359C4239D938462146FFF719FFFFF7FC
:109A100091FF2846BDE8F08102EB8602936C4FF47B
:109A20007A7203F5FA73B3FBF2F3E41A0029D1D189
:109A3000174B164AC3F80021CCE7012F11D195F836
:109A400026103046FFF75AFF0223AB702B78012B0C
:109A5000C0D0293C002BBDD10D4B0C4AC3F80421CA
:109A6000B8E740F2DA713E20F7F7D2F9012BC2D104
:109A700095F8553043F00403BBE70020CAE700BF68
:109A80007817002014700200005008500B0000806E
:109A900000A0085008B568220021034807F072FCB6
:109AA000BDE80840FFF7E0BD78170020962808B50C
:109AB00004D940F206213E20F7F7AAF9034B952876
:109AC00018858CBF00200120187008BD7817002071
:109AD000024B0344187D00F51660704714700200B5
:109AE000014B93F84800704778170020024B586CE0
:109AF0001B6BC01A704700BF78170020094A136B10
:109B0000106C92F84810C01A074B03EB8103DA6D12
:109B10001B6F801A4FF47A7203F2F313B3FBF2F364
:109B2000C01A7047781700201470020008B5FFF7BC
:109B3000E5FF034AD2E90E31C01841F1000108BD2A
:109B40007817002010B50F4C94F848104B1EDAB26D
:109B5000032A04D940F2AA213E20F7F759F9236BD2
:109B6000206CC01A084B03EB810103EB42034FF456
:109B70007A72C96DB3F89830401AB3FBF2F3184407
:109B800010BD00BF78170020147002000139C9B25F
:109B900008B50329124B83F854001AD8114B40F032
:109BA0000070114A03EB810140F44030D1F8A0303D
:109BB00043F4801343F48473C2F8203EC2F8280EA5
:109BC000D2F8203503F0F703032B07D140F2FF2131
:109BD00001E04FF43A713E20F7F71AF908BD00BFD3
:109BE000781700201470020000A0085008B50A463B
:109BF00003460C490C48C1F870031878032804D0B8
:109C00004FF455713E20F7F703F9012A59780CBF3C
:109C100008220022FFF7F6FC044B012283F864209F
:109C200008BD00BF00A00850060000807817002083
:109C30002DE9F0412F4F4FF48068C7F89080BFF3B3
:109C40004F8FBFF36F8F2C4D012340F203122B4C2B
:109C5000C5F8A4300026C5F8442E40F25B62C5F872
:109C6000482E0322C5F8403E84F82430C5F800256C
:109C7000C5F804374FF40023C5F80034204B187C96
:109C800000F06CFD02F08EFD1E4B1F4AC5F8383304
:109C90001E4BC3F8C820013AC3F8C42040F6FE7238
:109CA0001B4BC5F814331B4BC3F80425A4F84860BC
:109CB000666484F8556001F02DFFC4E90E0107F0D9
:109CC0000CFA9623206323852670D5F8003D84F88E
:109CD000646023624FF48073C7F89081C5F88834BC
:109CE000A36EC7F8108003B19847BDE8F04100F0BB
:109CF00001BD00BF00E100E000A00850781700207F
:109D00004000002003000080060000800050085042
:109D10000100008000200850014B83F825007047A7
:109D200078170020020E034B0002C3F8342EC3F84C
:109D30002C0E704700A0085038B504460068FFF7A5
:109D4000F1FF094B6268094DC3F84C2E237A85F860
:109D50002630617AA07AFFF719FF607AFFF706FDD7
:109D6000E37A85F8253038BD00A008507817002028
:109D7000014B83F826007047781700202DE9F04149
:109D80002A4E05460F4696F85530DB0704D440F2BC
:109D90006A713E20F7F73CF8254CFFF787FCD4F8B2
:109DA000003443F00103C4F8003496F8553043F012
:109DB000020386F855304DBB96F826803846FFF7EB
:109DC000D5FC40464146FFF787FD3846FFF71EFDAC
:109DD0000123184AB370D3642360164B2846D3F886
:109DE0004C452146FFF72CFDFFF7A4FD306B241AEC
:109DF000CDB9114901EB87074FF47A71B86C00F5C2
:109E0000FA70B0FBF1F02044BDE8F081012DE4D1FF
:109E100096F826103846FFF771FD0223B370054B04
:109E2000DD646560D9E704F12900EDE778170020CB
:109E300000A0085000500850147002000C4A92F81C
:109E4000553043F0020382F855300A4B0A4A40B9B4
:109E5000C3F80021D3F8002442F00802C3F800241C
:109E60007047C3F80421D3F8002442F00402F5E758
:109E70007817002000A008500B00008008B5FFF7FD
:109E800083FD58B9064B0122C3F8400503F5A043F2
:109E900002201A61BDE80840FBF792B808BD00BF78
:109EA000005008502A4B4FF4807273B5D3F88844A1
:109EB0004FF48061C3F8902402F1E022254E04F4AF
:109EC0008074C2F890114FF400222349C3F8002493
:109ED000002286F85520C1F84025C3F80821C3F8B0
:109EE0000021C3F80421D3F82015C9B2D9B1FF214C
:109EF0008DF80710C3F8202201221A619DF807206F
:109F000012B1D3F820223AB19DF807305BB940F680
:109F100091013E20F6F77CFF9DF80720013AD2B26E
:109F20008DF80720EAE7FFF7B7FC094D0023C5F8D5
:109F30002032FFF799FB96F864300BB1FFF782FBF4
:109F40001CB14FF48073C5F8883402B070BD00BFF7
:109F500000A008507817002000500850F8B50022E3
:109F60002E4B2F4EC3F84825C3F84425C3F840258F
:109F7000C3F84C25FFF796FF00F0C2FB96F865305A
:109F80004BB102F03FFC20B140F25F513E20F6F7AA
:109F90003FFF86F86500002002F040FC044610B147
:109FA00040F26251F2E71D4D1E4FC5F8C401C7F8DB
:109FB0000801C7F80001C7F80401C5F8C800C5F8D2
:109FC000C40002F007FC184B40F6FE72C7F8384395
:109FD000C7F81443C5F8C041C3F808254FF48062A0
:109FE000124B3476C6E91044C5F84845C5F84445D7
:109FF000C5F84045C5F84C45C5F84841C5F8444149
:10A00000C5F84041C5F84C41C3F89020BFF34F8FCD
:10A01000BFF36F8FC3F89021F8BD00BF0050085008
:10A020007817002000A008500020085000E100E050
:10A03000014BC3F84C0E704700A0085038B50446D9
:10A04000074802F0EBFB20B140F6F6013E20F6F7A0
:10A05000DFFE044D94E80F0085E80F0038BD00BF17
:10A0600079960000E4170020064BC3F8D00E064B8B
:10A0700093F85520186542F0010283F85520FFF748
:10A0800095BB00BF00A008507817002008B5124B00
:10A090001A6B10445A6C824204D340F608113E20D9
:10A0A000F6F7B6FE0122D8611A760C4B5A64D3F843
:10A0B00044150531814206D303F5A043D3F80C12B1
:10A0C00001B91A6108BD0022C3F84421044AC3F84B
:10A0D0004405C3F8C421F5E7781700200050085064
:10A0E0000900008038B50E4C0222034694F849500E
:10A0F0002276012D94F8481094F82420208D0CD15C
:10A1000000F054FA074A0023E061C2F84431636C5E
:10A11000E1690B44C2F8443538BD00F061FAF1E75B
:10A12000781700200050085040F00043074AC2F85A
:10A130000C320B600123064A03FA00F0054BC3F80A
:10A140000405D36C1843D064704700BF00A00850CA
:10A150007817002000200850044BC3F8940ED3F861
:10A16000002442F04002C3F80024704700A00850C9
:10A17000054BD3F8002422F04002C3F8002400224B
:10A18000C3F8942E704700BF00A00850044BD3F8CA
:10A19000183703F07F035B4203700120704700BF54
:10A1A00000A00850104B1A8D952A10B588BF0022C8
:10A1B000044698BF01220846D9701A7084B901225A
:10A1C0005A709A78022A0DD193F82610FFF71EFBD9
:10A1D000064AD2F8003443F01003C2F8003401E01C
:10A1E00002225A7010BD00BF7817002000A008504E
:10A1F000024B0022C3F84025704700BF00500850B2
:10A20000044B30B5D3E916451B6EC0E900450B6021
:10A2100030BD00BF781700202DE9F843884D012399
:10A22000884CE3642B6BD4F84C7595F85490FF1A66
:10A2300006F0E5FE2F66C5E91601FFF72DFB824A01
:10A240000023C2F80831C2F80031C2F80431D2F854
:10A25000001421F01D01C2F8001485F855302B7E42
:10A2600023B1D4F84431003B18BF0123AC78012C52
:10A2700049D1D2F81832002B0CBF0024082414F066
:10A280000B0F06D1704BD3F8203213B144F01004F9
:10A29000E4B2FFF7A5F904F01803102B05D1AB7851
:10A2A000012B04BF44F02004E4B2664B95F849103A
:10A2B000D3F8482502296A64D3F84435AA782B6478
:10A2C00095F8243001D0022A0AD1D91E012907D8D5
:10A2D0005D4BD3F81C3E13F0060F0CBF0423032381
:10A2E0006E7885F8483085F849201EBBFFF7BCF929
:10A2F0002E7695F864300BB1FFF7A4F9E10762D52B
:10A30000EB6E98476FE0022C12D14F4AD2F8181228
:10A31000D2F80C2E002908BF0024D0075CBF44F0FF
:10A320000404E4B2002BAAD044F00104E4B2A6E78E
:10A330000024A4E714F0110F21D1B6F101082B7904
:10A340002E7818BF4FF00108012B1CD0022B2FD004
:10A350009BBB298D4046FFF7DDF90146FFF784F9E5
:10A36000012E07D13B378F422AD8364B00222E7060
:10A37000C3F84021EA784046FFF780FD01E0FFF78F
:10A3800091FD0026B5E73148FFF7D6FC95F8493036
:10A3900023B940F261713E20F6F73AFD012B04D15A
:10A3A000FFF7D0FB69690144D8E7FFF7A7FBF9E79E
:10A3B0002648FFF7C1FC6969D0E740F68121EAE74A
:10A3C000214B1E6195E7A20720D52B6D31465B78A6
:10A3D0004B452B6F84BF44F00404E4B284F00400C6
:10A3E000C0F380009847AB78022B0DD12B7E5BB178
:10A3F000022B144A18D16B6CE9690B44C2F844353E
:10A40000104B134AC3F8C421BDE8F88314F0280F99
:10A4100006D084F020016B6F3046C1F34011E1E7B4
:10A42000E306E0D5AB6F6CE7012B02D040F661414B
:10A43000B1E7EB69696C8B42E0D840F66241AAE76C
:10A44000781700200050085000A008508017002006
:10A4500009000080024B03EB8003D86D704700BFFA
:10A4600014700200024B03EB8003D3F884007047A2
:10A4700014700200F8B501230D4647780146437079
:10A48000044628461646FEF759FF074B1A68D2F8CD
:10A490000431002BFBD0677016B9EB78A370AB705A
:10A4A0007B1E58425841F8BDC81C00202E3008B50C
:10A4B000362854D8DFE800F05053535353534D53CC
:10A4C000535353535353535353534B535353535364
:10A4D0004953535347534553435341533F3D3B39EE
:10A4E000373533312F2D2B2927252321591C570090
:10A4F00039231F4AC2F8103708BD2D23F9E7282356
:10A50000F7E72323F5E71F23F3E71B23F1E71823DE
:10A51000EFE71523EDE71323EBE71123E9E70F231B
:10A52000E7E70D23E5E70B23E3E70A23E1E7092348
:10A53000DFE70823DDE70723DBE70623D9E7052369
:10A54000D7E70423D5E70323D3E70223D1E7012389
:10A55000CFE74FF49873CCE74FF48873C9E7BE2177
:10A560003F20F6F755FC3F23C3E73323C1E700BF85
:10A5700000A00850054B4FF47A72023833F81130BE
:10A5800003F2E733B3FBF2F318447047D8700200CC
:10A59000054B4FF47A7233F8113003F57A73B3FB3D
:10A5A000F2F31844704700BFD870020038B51D465A
:10A5B0000A4B33F8111003EB82030535DC684FF4C6
:10A5C0007A73214401F6B73103FB00141046B4FB43
:10A5D000F3F42C44FFF73EFF204438BDD87002004E
:10A5E00070B5064608461546FFF73CFF094A02EBE0
:10A5F0008502D3684FF47A7203F6B73302FB063351
:10A600001C1A2846B4FBF2F4FFF724FF053020445F
:10A6100070BD00BFD87002002DE9F74F244C0746EB
:10A6200098460D46164600F0B9F823788146BB429D
:10A6300011D16378AB420ED194F90230B3420AD102
:10A64000E378834207D1A388A8F8003094F9060084
:10A6500003B0BDE8F08F781EC0B203280ED8DFF833
:10A6600054C00DF10703324629461CF8000000F0E3
:10A670009BF8824638B13D21752002E040F26B41E3
:10A680000620F6F7C5FB9DF907B02846FFF720FA2C
:10A69000534602464146584600F056F8B8F8003096
:10A6A000A071A38027706570A67084F80390CDE731
:10A6B00054000020F870020010B5034C636813B119
:10A6C00098470023636010BDF4170020014B186009
:10A6D0009980704700180020024BD86019745A8284
:10A6E000704700BF2C180020014B1B681B681847DF
:10A6F000AC030020014B1B685B681847AC030020CB
:10A70000014B1B689B681847AC030020014B1B687A
:10A710001B691847AC030020014B1B685B69184795
:10A72000AC030020014B1B689B691847AC03002059
:10A73000014B1B68DB691847AC030020014B1B6809
:10A74000DB6A1847AC03002010B4034C2468E468AB
:10A75000A44610BC604700BFAC03002000220E4995
:10A7600038B50446134644FA02F0D5B20132C007A8
:10A7700042BF581CCD54C3B2042AF4D1C3F1040221
:10A78000042B054D4FF0FF01D2B288BF0022E8181C
:10A7900006F0F8FD2C7138BD1C1D0020014B187D02
:10A7A000704700BF68180020042810B511D883B185
:10A7B00004280CBF10242824A1420AD2064C54F8C5
:10A7C000200018B141568A42A8BF0A4600201A70DC
:10A7D00010BD6FF01500FBE768180020072803463E
:10A7E00011DC10F12D0F10DB2E30094A40B2105C45
:10A7F00002EBC00292F93C209A4207D0002918BF10
:10A800000130C0B270471A2070470020704700BF67
:10A810004C710200072808B507DCFFF7DFFF044B87
:10A8200003EBC00393F93C0008BD0820FCE700BF20
:10A830004C710200024B01229A601A60704700BFFF
:10A8400000E01050054B01225A60DA600022C3F884
:10A850001021C3F80021024B1A70704700E010501D
:10A860007D180020014B01221A7070477D180020CE
:10A87000044BD3F8100101281CBF034B187800F0DB
:10A880000100704700E010507D180020024BD3F803
:10A89000080400F00100704700E01050024BD3F8AC
:10A8A000480400F00100704700E01050024BD3F85C
:10A8B0004004C0B2704700BF00E010500749024694
:10A8C000D1F84C04D1F84C1410F4803005D0D0B23B
:10A8D00001F003031B1A58425841704700E0105022
:10A8E00038B51A4BD3F80C34DA0304D44FF48F7113
:10A8F0006D2001F033FD164A0124164B106A536691
:10A9000020F03F0094645464136CDB03FCD4136A9E
:10A91000116C03F03F03C1F30A01C1F5806181EAC4
:10A92000E1750B29A5EBE17509DD3F2B04D001335F
:10A9300003431362172DE6DC0023936438BD0B310B
:10A94000F8DA002BF8D0013BF2E700BF00E010502E
:10A95000000812500100008038B50A4C23781BB162
:10A9600000232370FFF7BCFFEFF3108572B6637806
:10A970000BB9FFF767FF05B962B6034B00225A66B1
:10A9800038BD00BF801800200008125070B5094D76
:10A9900001260446AE70FFF76BFF28B9064BEE7038
:10A9A0006C60C3F8046370BD002CFCD0A04700238A
:10A9B0006B60F8E78018002000E01050024B002286
:10A9C0009A70DA705A60704780180020014B188125
:10A9D000704700BF80180020014B9889704700BF66
:10A9E00080180020014B1889704700BF8018002094
:10A9F00008B509B3F8B14FF0FF331A46E0FB013256
:10AA00000E498A4204D940F2D3116D2001F0A6FC10
:10AA1000180D4FF22441C3F30F1340EA0230B0FB8C
:10AA2000F1F203EB0040064B03FB1200B0FBF1F028
:10AA300040EA0240013008BD0846FCE73F420F00F3
:10AA4000000024F410B5EFF3108472B6064A537870
:10AA50000133DBB253705378012B01D1FFF7EAFECB
:10AA600004B962B610BD00BF8018002010B5EFF326
:10AA7000108472B60F4B5A7822B94FF4F8716D20DA
:10AA800001F06CFC5A78013AD2B25A705A7852B935
:10AA90009A7B32B1084AD2F80C24D20306D45B78F0
:10AAA0000BB9FFF7CFFE04B962B610BDD87B01F039
:10AAB000E7FDF8E78018002000E0105010B5FFF720
:10AAC000C1FF0C4CFFF7D4FE60B1237C3BB90A4BAD
:10AAD00001229A61042363740023A37410BDFFF75D
:10AAE000C5FFF9E7032301226374034BC3F8042372
:10AAF000F2E700BF8018002000E0105038B5134C7A
:10AB000001232370237CC3B9E37CB3B1A27C013B56
:10AB10009A4212DAFFF7ACFE054601F047FDE37CEE
:10AB2000012B82BFA37C0133A37455B16369C31A9F
:10AB30000133022B09D935B16061BDE83840FFF718
:10AB4000BDBFA369F3E7A061F7E738BD8018002017
:10AB500037B5184C237C63B9E06900F00300FFF7B8
:10AB6000ADFE30B1EFF3108372B6627C1AB103B957
:10AB700062B603B030BD0122627403B962B6082325
:10AB80000D4DC5F808334FF42073ADF80630BDF80D
:10AB900006309BB25A1E92B2ADF80620002BF6D1B9
:10ABA000C5F80C3184F82030FFF788FF0823C5F87A
:10ABB0000433DEE78018002000E010502DE9F0415A
:10ABC000324CA37B002B5ED0314BD3F80071D3F80D
:10ABD0000861D3F8142112B9D3F8182142B1002228
:10ABE000C3F81421C3F81821C3F8102101F062FB47
:10ABF0005FB1274B0122C3F80823E3782BB100256E
:10AC00006368E5700BB198476560214D3EB1002344
:10AC1000C5F808310423C5F80833FFF799FFD5F8C4
:10AC20000C8194F82060F6B247B1637C032B05D108
:10AC3000237C93B9042363740123AB61B8F1000F43
:10AC400014D0134B0022C3F80C21637C042B09D0D1
:10AC500040F2AA216D2001F081FBFFF707FF0223DC
:10AC60006374EBE702236374FFF700FF5EB1002318
:10AC700084F82030637C022B01D1FFF71FFFBDE871
:10AC8000F041FFF7F3BEBDE8F08100BF801800205F
:10AC900000E0105010B5044CE06900F00300FFF72D
:10ACA0000DFE0028F8D010BD80180020F8B505462C
:10ACB00050B10278022A07D8437842B9013B1F2BD2
:10ACC00002D88378212B07D96FF015006BE0002B99
:10ACD000FAD18378002BF7D16E4B2022C3F8A02045
:10ACE000BFF34F8FBFF36F8F6B4EC3F8A0214FF0B0
:10ACF000FF336A4CC6F808330023C6F80031C6F8A3
:10AD00000831C6F80C316370AB88A381FFF7BEFD34
:10AD100010B10123A370637040F256332381D6F83B
:10AD20000C3413F480333FD0FFF79CFD5C4801F0F6
:10AD30007BFC594E6023E0730022C6F804332B7865
:10AD4000A978012BE2612374E174A27444D0022B30
:10AD50003BD0002B42D1FFF7A1FD002848D0FFF7E0
:10AD6000A5FDE36903F00303984241D1AB79002BC1
:10AD700039D1FFF78FFFE37C63B12B7853B9FFF72D
:10AD800077FD054601F012FC6FF00043002D7ED0E8
:10AD9000C4E90503012320220020A3733D4B607406
:10ADA000C3F8A0211A62F8BDC6F81031FFF742FDC2
:10ADB000394AD2F81031002BFBD0FFF791FDFFF795
:10ADC00041FD384B00225A66B0E7FFF73BFED6F84C
:10ADD0000C34DA03FBD50223E361BCE74FF47F7147
:10ADE0006D2001F0BBFA2C4B0422C3F80423C2E708
:10ADF000294E012373610023C6F80831237FC6F86A
:10AE0000403406F0E2F988B10123C6F84C3501233D
:10AE100033610423C6F80433AB79002BABD1D6F8E9
:10AE200004335B070FD440F2B331D9E706F0CFF912
:10AE30000028E9D106F0CDF90028E5D106F0CBF9DC
:10AE40000028E1D1E3E7184B1F691A6907F01007E2
:10AE500042F010021A61D6F808310BB906F0BFF9BA
:10AE60000D4E01E006F0B9F9D6F80831002BF9D003
:10AE7000FFF710FF27B90C4A136923F01003136181
:10AE80000423C6F808330023C6F8083173E7C4E981
:10AE900005307FE700E100E000E01050801800205E
:10AEA00059A900000008125000ED00E0064B1A7886
:10AEB00010B5044632B901221A70FFF7C3FD2046CF
:10AEC000FFF764FD002010BDA218002010B5054C4E
:10AED00023782BB1FFF772FD00232370FFF7C6FD27
:10AEE000002010BDA2180020014B1879704700BF48
:10AEF000A8180020044B1A79824283BF1B683022B5
:10AF000002FB003000207047A81800201F2810B551
:10AF10009BBF1824044B002060439FBF1C1819508E
:10AF20000120626010BD00BFB018002008B5064BBC
:10AF300093F80023202A03D12D21022001F00EFADC
:10AF400083F8280308BD00BFB018002008B5064BE1
:10AF500093F80023202A03D13321022001F0FEF9C7
:10AF600093F8250308BD00BFB0180020094A10B5AA
:10AF700092F80033202B03D13E21022001F0EEF99C
:10AF800018214B430321D018D3584068BDE8104026
:10AF9000184700BFB01800200B2808B504D940F2AC
:10AFA0000E51064801F0D0F90001002300F1A04045
:10AFB00000F56220C0F82C3508BD00BF94CF020018
:10AFC000B0F5B47F08B504D14FF49461044801F0A2
:10AFD000BBF900F1A040002300F56220036008BD2A
:10AFE00094CF020008B54FF4E0620D4B0820C3F87F
:10AFF0003823FFF7D1FF4FF49070FFF7E1FF0920EE
:10B00000FFF7CAFF4FF49270FFF7DAFF0A20FFF74D
:10B01000C3FF4FF49470BDE80840FFF7D1BF00BFF5
:10B0200000200E50084B2022C3F89020BFF34F8F12
:10B03000BFF36F8FC3F890210122044B5A604FF089
:10B04000FF32C3F80823704700E100E000500850C9
:10B05000054BD3F85007D3F8541711F0404FF8D1EF
:10B06000C1F31301704700BF00200E5002282DE9E4
:10B07000F84317461E4604D940F2A7116E2001F08E
:10B080006DF948B91E4B4FF00042C3F8A0212022B1
:10B090001C4BC3F890211A611B4B0125DFF860801F
:10B0A0001C5C05FA04F92046C8F83893FFF774FFD2
:10B0B000A00000F58070FFF783FFFFF7C9FF87420C
:10B0C00076EB01031AD30B2CC8F8349304D940F261
:10B0D000EF310E4801F038F9B6F5801F02D340F287
:10B0E000F531F6E72401284604F1A04404F5622472
:10B0F000C4F82075C4F82465BDE8F8830020FBE798
:10B1000000200E5000E100E05C72020094CF0200CB
:10B11000022810B504D94FF4DA716E2001F01EF93F
:10B12000094A08B9C2F8A001084B1C5C0123A340DE
:10B130002046C2F83833FFF72FFFA000BDE81040CB
:10B1400000F58070FFF73CBF00200E505C720200DB
:10B1500008B5FFF747FF024B0022C3F8A02108BD46
:10B1600000200E5008B5FFF75DFF114BD3F8042502
:10B1700022F00302C3F80425D3F8082542F00302A5
:10B18000C3F80825202292FAA2F2B2FA82F2092A22
:10B1900004DD40F29131074801F0D6F8C3F81025DC
:10B1A0000122DA604FF00042C3F8802008BD00BFE2
:10B1B0000050085094CF020070B5194C2026194A4F
:10B1C000D4F81035184D03F001031370D4F810357E
:10B1D00043F00103C4F81035FFF7C4FFC5F89C60C5
:10B1E000BFF34F8FBFF36F8FFFF7FCFE0023C5F84F
:10B1F0009C610E4AC4F8A0314FF00043C2F8803081
:10B20000A2F58022C2F88031012302F57832C2F81B
:10B210000435A2F58022C2F80435EE6170BD00BF8E
:10B2200000200E50E11B002000E100E000400C5027
:10B230000E4B70B51B5C01250D4E04469D40D6F8A3
:10B240003023154211D09B0003F5807000F1A0431C
:10B2500003F562231B6843B1FFF7B2FE2046C6F830
:10B260003853BDE8704000F04FBE70BD5C72020004
:10B2700000200E50034BD3F8043313B1072000F025
:10B2800043BE7047005008500028ADBF00F1604039
:10B2900000F00F00044B00F56140B4BF185C90F85B
:10B2A00000034009704700BF14ED00E01822034B73
:10B2B00050431A181B585068184700BFB018002098
:10B2C0000A4B03F8110093F8420083F84210C2B20F
:10B2D00020284FF0200016BF03EB420283F84110F4
:10B2E000517003EB41025070704700BFE81B002013
:10B2F000F8B503780D4620271B491C46944208D018
:10B30000202C01D10020F8BD01EB440627467478BB
:10B31000F4E7202CF6D09C424FEA4402124B134E25
:10B3200015BFD2189B1803EB47035B7816BF527802
:10B3300003705A707DB126B1002140F2F320AFF3C3
:10B3400000802B78A34206D126B1002140F2F620DE
:10B35000AFF300802F7026B1002140F2FB20AFF345
:10B3600000800120CFE700BFE81B002000000000A4
:10B37000064B0022C3F81825054B93F8581019B155
:10B3800083F8582011F008BC704700BF00B004508B
:10B39000E81B002008B5044BDB6D23B19847BDE8DE
:10B3A000084001F059B808BDE81B002008B520B9D5
:10B3B000024B0BB1AFF3008062B608BD0000000085
:10B3C0002DE9F8431B4C4FF020081B4E94F84150D8
:10B3D0001A4F202D01D1BDE8F88314F81530013B38
:10B3E000DBB2052B04D816F80390B9F1080F04D18D
:10B3F00040F25151012000F0B1FF0FB1AFF30080D6
:10B40000EFF3108072B604EB45035B7884F84130AB
:10B4100094F84230AB4208BF84F84280FFF7C6FF81
:10B4200001232846494604F81530FFF73FFF94F8FA
:10B430004150CEE7E81B00205F72020000000000D0
:10B44000202A70B5054604D14FF4C071012000F0E8
:10B4500085FF2029144B14BF03EB410193F84040B2
:10B4600003EB420018BF4C7840780CBF83F84000D3
:10B47000487020460146064603F8105003EB400092
:10B480008A424078F6D193F8425003EB410183F8A9
:10B490004260EAB2202D16BF03EB420283F841401E
:10B4A000547020224A7070BDE81B002010B5094C72
:10B4B000D4E91223B3F1FF3F08BFB2F1FF3F07D039
:10B4C00005F079FD4FF0FF324FF0FF33C4E912234E
:10B4D00010BD00BFE81B002010B5054C94F850309B
:10B4E0002BB10220FFF714FE002384F8503010BD6A
:10B4F000E81B002010B50F4CFFF758FF24B10021C6
:10B5000040F21440AFF300800B4B93F84130202BF6
:10B5100009D024B1002140F21B40AFF30080074B5B
:10B52000187801F0ADF824B100214FF48460AFF336
:10B53000008010BD00000000E81B0020E01B002080
:10B5400010B5084CD4E91223B3F1FF3F08BFB2F1A4
:10B55000FF3F05D105F02DFDFFF77AFDC4E912018B
:10B5600010BD00BFE81B002038B5104B1B78202B06
:10B570000CD00F4BD3E9044598696A3445F10005B6
:10B58000241845F100052046294638BD10F1410434
:10B59000137B41F10005012BF5D0FFF769F9002875
:10B5A000F1D105F00EFD0419EBE700BFB01B002040
:10B5B000B81B00202DE9F04705460C4617464FF012
:10B5C0001809DFF83880DFF838A0202C08D009FBF4
:10B5D00004F6284606F10801414405F01EFD10B1AD
:10B5E0000120BDE8F08746443C706B7B727D9A4237
:10B5F000F7D90AEB44046478E7E700BFB0180020ED
:10B60000E81B00202DE9F0472023DFF8488006469C
:10B610000D4617464FF01809DFF83CA098F8404057
:10B620000B70202C08D12B783A46214630463B70CF
:10B63000BDE8F047FFF7BEBF09FB04A03146083064
:10B6400005F0EBFC0028EED02C7008EB4404647885
:10B65000E7E700BFE81B0020B01800202DE9F74FF6
:10B6600087180E4643F10008D1E90023974278EB92
:10B67000030337D3DFF874900DF107020DF10601D3
:10B680003046FFF7BFFF70BB9DF807104FF0180A58
:10B69000337B0AFB0191D1E902B508691BF129044A
:10B6A00045F10005041945F10005012B13D00B7D70
:10B6B000012B10D105F085FCA4EB0B0282420ADAC3
:10B6C0009DF807300AFB0393D3E9024505F079FCA6
:10B6D000041945F10005A74278EB050302D3C6E93A
:10B6E0000045C9E7002003B0BDE8F08FB018002086
:10B6F0002DE9F04F18264F4C8DB005465E43884625
:10B7000006AFA2193444083294F814A00FCA0446B4
:10B7100087E80F000F4605F054FC651B064600F154
:10B720001C0B67EB0808BAF1010F11D0FFF7A0F866
:10B73000414AD2E91292B2F1FF3F08BFB9F1FF3F8F
:10B74000019274D0009005F03CFCDDE9003263B159
:10B7500022463B460020FFF789FC814690B94FF016
:10B76000000948460DB0BDE8F08FB4EB090967EB5E
:10B770000202814572F10003EAD25D4578F10003CF
:10B78000EDD3E5E7BAF1010F08D05D4578F100038C
:10B7900004D2FFF7D5FEFFF79FFE1CE0FFF786FE01
:10B7A000BAF1010FF7D05D4578F10003F3D3A21B86
:10B7B0004FF0020067F10003FFF758FC20B940F298
:10B7C000DB11012000F0CAFD1B4B93F8502012B989
:10B7D000012283F85020B4F119024FF0010067F103
:10B7E0000003FFF743FCC0B1FFF7C2FD00234FF099
:10B7F000FF304FF0FF3102AD8DF828308DF824A0D6
:10B800000E4C0293CDE904010FCD0FC40FCD0FC430
:10B8100095E8030084E80300A3E70123084AC2F87F
:10B820001835054A82F8583011F0B0F9DEE70028E3
:10B830008ED1A2E7B0180020E81B0020B81B002022
:10B8400000B00450F8B5174D002442F22003164A08
:10B850004FF0FF304FF0FF31144F2646A5F840302F
:10B860002023146085F842303B7082F8204085F830
:10B87000523085F85040C2E90201C5E9120105F8CD
:10B8800014600134202CFAD1094800F0CDFE094B98
:10B890003C70187085F85860FFF78EFC012385F81E
:10B8A0005330F8BDE81B0020B81B0020B01B00205F
:10B8B000C1B30000E01B00202DE9FF47FFF7C8FBE4
:10B8C000744F05460E46FFF74DFCFFF741FC4FF065
:10B8D000FF334FF0FF327048C7E9022397F820305A
:10B8E000F3B9BA6940F2F964D7E904311B3341F185
:10B8F00000019B1802F5DF6241F10001B2FBF4F296
:10B900009B1841F100019D4276EB010308D307210A
:10B910000078FFF7CBFC40F23921012000F01EFD3A
:10B9200090F80080B8F1200F02D140F24321F4E7F3
:10B930005A4C202394F840A0037084F85230BAF196
:10B94000200F4FF000033B601ED0DFF85491182207
:10B9500002FB0A92937D012B16D1137D012B78D027
:10B96000FEF786FF002874D105F02BFB45194FF038
:10B97000180346F1000603FB0A93D3E90212A94219
:10B98000B24128BFC3E90256DFF81491454E94F83E
:10B990004050202D12D0FFF75BFB20224FF0180EF5
:10B9A0000EFB0593D3E902C3604571EB030352D24A
:10B9B000202A03D020210420FFF742FD0EB1AFF36F
:10B9C0000080FFF745FB94F84050202D4BD1FFF746
:10B9D0006DFDFFF781FDFFF7BBFB84F85250FFF7C9
:10B9E000C7FC00234FF0FF32CDE902334FF0FF33A5
:10B9F000CDE90023022368468DF80830FFF7CAFC22
:10BA000014F81830022B03D141460620FFF758FCEA
:10BA1000FF2384F8433094F84130202B03D0224B8D
:10BA2000187800F02DFE214994F86030D1F84827AD
:10BA300022F001021343C1F8483794F854302BB177
:10BA40001B4B0122DA61002384F8543004B0BDE8B6
:10BA5000F08729358BE704EB45032A465B78202BDA
:10BA6000A8D01D469CE701222B46FFF741FE94F823
:10BA7000402020B920210420FFF7E2FC87E70023C3
:10BA800084F85220CDE90233D7E90423CDE900231D
:10BA90000123B0E7B81B0020B01B0020E81B0020EA
:10BAA000B018002000000000E01B002000200E5015
:10BAB00000E01050F8B50D46044605F088FA002362
:10BAC000094911F81320D8B24AB91822074E5A432F
:10BAD000B718B45001227D6001F81320F8BD01337E
:10BAE000202BEED11846F9E7E81B0020B018002003
:10BAF0001F28034609D8064911F810200020012A02
:10BB000004D101F81300104670470020704700BFB1
:10BB1000E81B0020014BD3E904017047B81B00204B
:10BB20002DE9F043037885B004461BB1002005B031
:10BB3000BDE8F083284B5868C0F30800002843D1C3
:10BB4000264D4FF0000925B1002140F27730AFF3C8
:10BB50000080DFF88C8088F8439025B1002140F206
:10BB60007B30AFF30080FFF773FA6B46224607463F
:10BB70000E4605F072FA25B1002140F28230AFF393
:10BB800000806A4638463146FFF7EEFC009B3A4695
:10BB90008342019B8B41334638BFCDE900016946A2
:10BBA0004FF0FF30FFF75AFDDDE90023C4E904231D
:10BBB00025B100214FF46470AFF3008098F8433052
:10BBC000002BC0D10120B2E71038FFF75DFBC0B2F7
:10BBD0000028B5D1AAE700BF00ED00E0000000009A
:10BBE000E81B00207A4B2DE9F04F044658688DB0D1
:10BBF0008A46C0F3080098B11038FFF745FB10F0F3
:10BC0000FF070ED1734B1B78202B04D14FF48661B4
:10BC1000012000F0A3FB0F7857B140F23341F7E762
:10BC200008279AF80030012B02D940F23741EFE79C
:10BC3000694E26B1002140F23A40AFF30080012363
:10BC40004FF0000B654D36B1002140F243400193A7
:10BC5000AFF30080019B1846FFF7A8FB85F843B0BF
:10BC600026B1002140F24740AFF300800DF11009EA
:10BC7000FFF7EEF952464B4605F0EFF926B10021E9
:10BC800040F24D40AFF30080554B0BB1AFF3008055
:10BC9000EFF31088434672B695F8431001F0FF02A7
:10BCA0000029D0D115F814300192013B012B08D99D
:10BCB0004046FFF77BFB019A164630460DB0BDE8C3
:10BCC000F08F0DF10F020DF10E014846FFF79AFCBF
:10BCD000064640B921460420FFF7F2FA4046012605
:10BCE000FFF708FCE9E73F4B4FF0180C9DF80EA05A
:10BCF0000CFB043C99E80F000CF1080C8CE80F00D9
:10BD0000002F3ED0BAF1200F3BD1324B1B78202BB5
:10BD100037D1354B0BB1AFF30080FFF799F9049A97
:10BD200010F11C0C41F100036245059A9A410AD3B7
:10BD300095F85220202A0ED02C4AD2E904E2E6459A
:10BD400072EB030307D221460420FFF7B9FA4046FD
:10BD5000FFF7D0FBB1E723460222FFF7C9FC00281A
:10BD6000F1D0002308A885F85240CDE90A331F4BD3
:10BD7000D3E90423CDE9082301238DF82830FFF708
:10BD800009FB9DF80E109DF80F20914218D0052058
:10BD9000FFF756FB05EB4403BAF1200F587017BFAD
:10BDA0009DF80E3085F8404005EB43035C7003239B
:10BDB00005F81430002FCAD1FF2385F84330C6E7B9
:10BDC000202916BF05EB410195F840004878E1E7CE
:10BDD00000ED00E0B01B002000000000E81B002088
:10BDE00000000000B018002000000000B81B002078
:10BDF0002DE9F0433D4F85B0044627B1002140F2C4
:10BE0000B340AFF300803A4B0BB1AFF30080EFF3D8
:10BE1000108872B6374D15F81430032B07D0002662
:10BE20004046FFF7C3FA304605B0BDE8F08395F809
:10BE30004030A34224D1304B1B78202B20D105EB7E
:10BE40004403660093F80190B9F1200F22D1FFF767
:10BE50002DFBFFF741FBFFF77BF985F85290FFF7C9
:10BE600087FA00234FF0FF32CDE902334FF0FF3362
:10BE7000CDE90023022368468DF80830FFF78AFADF
:10BE8000224600211D48FFF733FA064600BB40F268
:10BE9000E6410DE01A4B0BB1AFF300802E44FFF7E3
:10BEA000D7F802227378FFF723FC20B940F2DD4176
:10BEB000012000F053FA737885F852300023CDE961
:10BEC0000233104BD3E90423CDE900230123D2E749
:10BED0000123404605F81430FFF768FA002FA2D07E
:10BEE000002140F2EC40AFF300809CE7000000002E
:10BEF00000000000E81B0020B01B0020281C0020D0
:10BF000000000000B81B002070B586B0072873D869
:10BF1000DFE800F004927D727272729E4D4C4E4DBD
:10BF2000D4E91223B3F1FF3F08BFB2F1FF3F05D1BF
:10BF300005F03FF8D5E90423C4E91223474E3378CE
:10BF4000202B2FD1464BD3F8482702F0010284F86A
:10BF50006020D3F8482742F00102C3F8482794F83C
:10BF60004030202B04D14FF4F771012000F0F6F996
:10BF700004EB4302527884F84020FF2284F84320E7
:10BF800002223370684604F8132000234FF0FF327A
:10BF900085F82030CDE902334FF0FF33CDE900239F
:10BFA000FFF7F8F92B7F012B28D0FEF761FC014643
:10BFB00020BB94F861300133DBB2312B84F861305F
:10BFC00002D940F21E51D0E71822684605F0DAF98E
:10BFD0004FF47A73694630780193FFF703FE10B986
:10BFE00040F22251C1E795F82040012385F8203026
:10BFF000FFF762FC85F8204006B070BD0021307864
:10C0000084F8611006B0BDE87040FFF74FB9114CDD
:10C0100094F850302BB1FFF793FA002384F8503096
:10C02000EAE74FF0FF310C4B4FF0FF30C3E902015C
:10C0300005210A4B1878E5E701230A4AC2F81835AA
:10C04000044A82F8583006B0BDE8704010F09EBD3A
:10C050000421EEE7E81B0020B81B0020B01B0020E5
:10C0600000200E5000B00450134B10B51A78202A4F
:10C0700004D140F2DD51012000F070F90F49D1E9FF
:10C080000243B3F1FF3F08BFB4F1FF3F02D040F2DB
:10C09000DE51F0E718240A4B04FB0233D3E90223F4
:10C0A000BDE8104082184FF0020043F10003C1E9DF
:10C0B0000223FEF7DBBF00BFB01B0020B81B00202F
:10C0C000B0180020F8B51E4B1D78202D04D140F289
:10C0D000E751012000F042F91A4918271A4A91F84D
:10C0E0004030202B29D007FB0324667D864204D8EC
:10C0F00091F8540028B100201EE001EB43035B7867
:10C10000EFE707FB0522114BD2E902511E681369C4
:10C110005B19D4E9022441F1000113F1290541F131
:10C120000001AA4274EB010106D3D31A06F11902E9
:10C13000293B9A4200D8981BF8BD4FF0FF30FBE72F
:10C14000B01B0020E81B0020B0180020B81B002006
:10C150002DE9F743DFF8B490054699F80030202B1D
:10C1600004D140F21561012000F0F8F8182849D9EF
:10C17000274C00234FF0FF36A7693A1843EB030022
:10C18000964283413ED3234E96F854307BB94FF00C
:10C190002008A26161770DF1070296F8401004F1C2
:10C1A00010008DF80780FFF705FA10B9A76102208B
:10C1B00029E00220FEF7ACFF4FF0FF324FF0FF33D3
:10C1C00099F80070C4E902239DF80720202A16D0B0
:10C1D00041460520FFF734F906EB470778702068E1
:10C1E00028442060FF2386F843309DF80730202B39
:10C1F00003D0094B187800F043FA002003E096F8CA
:10C200004000E9E7012003B0BDE8F083B01B002047
:10C21000B81B0020E81B0020E01B0020F8B5214ED1
:10C22000044616F8103023B940F24B61012000F0AB
:10C2300095F81D4D25B1002140F25160AFF300800B
:10C24000012716F81430012B15D1184B0BB1AFF3A1
:10C250000080EFF3108672B615492246481EFFF79C
:10C2600047F83046FFF7A2F825B1002140F26A6096
:10C27000AFF30080F8BD043B022B09D806F8147018
:10C28000002DDED0002140F26160AFF30080D8E7DE
:10C2900025B1002140F25D60AFF3008004F09DFF06
:10C2A000EEE700BFE81B00200000000000000000D7
:10C2B0002A1C002008B50B4B0BB1AFF30080EFF345
:10C2C000108072B6084B1B78202B4FF0010315BF6E
:10C2D000064A074A82F85430D361BDE80840FFF7A8
:10C2E00065B800BF00000000B01B0020E81B002064
:10C2F00000E01050BFF34F8F0549064BCA6802F4A7
:10C30000E0621343CB60BFF34F8F00BFFDE700BF78
:10C3100000ED00E00400FA05094B01221B685A6099
:10C320004FF0FF32C3F808238022064BC3F8882061
:10C33000BFF34F8FBFF36F8FC3F88821704700BFE3
:10C34000CC1C002000E100E008B572B6024B5B682F
:10C3500003B19847FFF7CEFF601C00201FB572B6EF
:10C36000134B5D688DB9FFF7C5FFB4FBF6F4D3B28C
:10C370000132002CF9D103F110026A4402F80C4C8E
:10C380000A2233B901A8A847EDE7044600220A268D
:10C39000EDE7013BDBB203F110040DEB0406B0FB4B
:10C3A000F2F402FB1400303006F80C0C2046E8E7EB
:10C3B000601C0020F8B5244E05460C46174633781D
:10C3C000002B3ED100F0C4F900F09EF918B19A217B
:10C3D0001120FFF7C3FF04F0E9FD1C4B7760012734
:10C3E000002D08BF1D461A4B34814FF48062C3F8FC
:10C3F000A470184BC3F89020BFF34F8FBFF36F8F1B
:10C400002846C3F89021FFF787FF04F0DCFD0546BE
:10C41000A8B9FFF717FA04F0D8FD04F0DFFD002CEF
:10C420000BDB04F01F036409A4009F4004F1604487
:10C4300004F56144C4F880712760012333702846F5
:10C44000F8BD4FF0FF35FAE7601C0020667202006D
:10C4500000A0085000E100E0074BB3F90830002BC2
:10C4600009DB5A09012103F01F03403201FA03F3EB
:10C47000024941F822307047601C002000E100E0D2
:10C48000014B1878704700BF601C00202DE9F74F62
:10C490008B460746924699463E4C3F492678F6B26F
:10C4A000FF23237006B16370DFF8F080EFF3108292
:10C4B00072B60023D8F800500120C4F804B06860B8
:10C4C000C5F80031C5F80431354BA360C4E905A3B4
:10C4D0003B68C5F810357B68C5F81435BB68C5F8EE
:10C4E0001835FB68C5F81C352E4BC5F830351033B0
:10C4F000C5F83835286002B962B62B4DD8F800303F
:10C50000D3F8000110B9D3F8040130B3B9F1000F2A
:10C5100008D00C9A32B1D3F84005C9F80000D3F81E
:10C520003C051060D3F80431002BBFD196B9637875
:10C53000DBB266700325D8F80000C0F808538025E8
:10C54000C0F80461C0F800611748C0F8885126702F
:10C55000002BA3D103B0BDE8F08F0869C206CFD588
:10C560008023C5F88831EFF3108072B60322D8F823
:10C570000030C3F80423D3F800213AB9D3F80431CA
:10C5800023B9019004F029FE034901980028B5D190
:10C5900062B6B3E76C1C002000ED00E0CC1C00206C
:10C5A0001000000B701C002000E100E01B4B4FF45A
:10C5B000000270B5C3F89820BFF34F8FBFF36F8FA1
:10C5C000174D0021174CC5F80011C3F898212669B2
:10C5D000236906F0100643F0100323610123C5F818
:10C5E00004332B60D5F80031A3B11EB9236923F0C1
:10C5F000100323610A4B0122D3F808055A60C3F8DF
:10C6000008230022C3F800214FF40002034BC3F8B3
:10C61000982170BD04F0E1FDE4E700BF00E100E017
:10C6200000700D5000ED00E002460C49052038B5C1
:10C630000138C0B2FF2803D148216920FFF78EFEE0
:10C6400001EBC0031D7905F0FF04002DF0D141F886
:10C65000302001225C719C711A7138BD901C002041
:10C66000042808B503D94F216920FFF777FE034B53
:10C6700003EBC0000023037108BD00BF901C002025
:10C68000042808B503D958216920FFF767FE094B34
:10C6900003EBC0000379012B01D05921F4E7437962
:10C6A00082790133DBB29A4218BF4371BDE808407A
:10C6B000FFF7D2BE901C002070B50625114C002655
:10C6C000013D15F0FF0500D170BD94F8281004EB72
:10C6D000C1031A79012A09D158799A79904205D073
:10C6E0005A79D2B29A7154F83130984794F8283078
:10C6F0000133DBB2042B94BF84F8283084F828601F
:10C70000DEE700BF901C0020044B1A681C2A03BF00
:10C710005868B0FA80F0400900207047BC1C002027
:10C72000044B1A68292A03BF5868B0FA80F0400900
:10C7300000207047BC1C0020044B1A68272A03BF46
:10C740005868B0FA80F0400900207047BC1C0020F7
:10C7500008B5104B1049D3F840230A60D3F844338E
:10C760004B60FFF7DDFF10B9FFF7E6FF48B10B4B59
:10C77000C1E9023303F580530B61A3F5E0434B613C
:10C7800008BD074BC1E9023303F580530B61A3F5E4
:10C790008043F4E700C0FF00BC1C002000A0045050
:10C7A00000600450094B0A4AC3F800230132C3F861
:10C7B0000C230132C3F818230132C3F820230132BD
:10C7C000C3F81C230132C3F81021704700A00850A1
:10C7D00004000080074B0022C3F80023C3F80C2399
:10C7E000C3F81823C3F82023C3F81C23C3F810216F
:10C7F000704700BF00A00850014B1B681B6818471A
:10C80000F4030020014B1B685B681847F403002009
:10C81000014B1B689B681847F4030020014B1B6801
:10C820001B691847F4030020034B1868034BC01A18
:10C8300018BF0120704700BFF4030020707202008F
:10C8400053B94AB9002908BF00281CBF4FF0FF3177
:10C850004FF0FF3000F00CB8ADF1080C6DE904CEDC
:10C8600004F0D3FDDDF804E0DDE9022304B07047F5
:10C87000704700BF38B505460C46F4F797FD30B158
:10C880003E2D04D12046BDE83840F4F7CFBD38BD79
:10C890001FB5014601A800F006F801A803F029F928
:10C8A00005B05DF804FB0B880022C3F30B03838003
:10C8B0004B884272C3804B78C3F30113012B02D023
:10C8C000022B18BF134604310372016070478B8836
:10C8D000043010B500F8043C0C4610F8033C03F09B
:10C8E000F00300F8033C8A88C2F30322134300F8E4
:10C8F000033C03F0CF03CA8800F8022CCA8800F872
:10C90000033C120A00F8012C0A7A120102F03002EC
:10C91000134303F03F0300F8033C4A7A43EA8213CF
:10C9200000F8033C0968814205D0E288FB2A28BF51
:10C93000FB2204F0FCFCE0880430C0B210BD8B8800
:10C940000A46043010B400F8043C10F8033C03F02D
:10C95000F00300F8033C8988C1F303210B4300F87E
:10C96000033C03F0CF03D18800F8021C10F8011C2F
:10C9700001F0C00100F8011CD48800F8033CC4F3A6
:10C980000524214300F8011C01F03F01147A240121
:10C9900004F03004234303F0BF0300F8033C547A4F
:10C9A00000F8011C43EA841303F07F0300F8033C02
:10C9B0001168814203D0D28810BC04F0B8BC10BC0E
:10C9C00070472DE9F8430B7805460C46013B822B56
:10C9D00000F29682DFE813F099009D00A100520159
:10C9E00094021A01200126012C013201360138017E
:10C9F00048014E0183009402A6009402AA003C0163
:10CA000042015C01620156019402680194027B01BB
:10CA1000AB01B101B7019402BD01C901CF01FF0112
:10CA20000502590237024B0253023D0245020B0236
:10CA3000110217021D02230229022D0231028E0269
:10CA40005F0265027D026B029402940294029402DA
:10CA50009402940294029402940294029402940226
:10CA60009402940294029402940294029402940216
:10CA70009402940294029402940294029402940206
:10CA800094029402940294029402940294029402F6
:10CA900094029402940294029402940294029402E6
:10CAA00094029402940294029402940294029402D6
:10CAB00094029402940294029402940294029402C6
:10CAC00094029402940294029402940294029402B6
:10CAD00094029402940294029402710277020E234B
:10CAE000B1F803200B7042F283039A4209D1062366
:10CAF00063706678214628460236324604F017FCF9
:10CB00005AE03121C720F4F783F90C230B70082376
:10CB1000EEE71A230B700123EAE73E230B70022392
:10CB2000A370E6E73E230B700B23F9E72920F4F707
:10CB30007DFC28B13E232370222363702923EFE775
:10CB40000A20F4F773FC3E2305F1080204F1080102
:10CB50002B70A0B30A23AB70E378EB70A3882B7122
:10CB6000A3881B0A6B71A379AB71E379EB71A3689E
:10CB7000AB608B8893801F22D4F80E30C5F80E303E
:10CB8000638A6B8263696B61238B2B83638BAB76C8
:10CB9000638B1B0AEB76A38B2B77A38B1B0A6B771C
:10CBA000E38BAB77E38B1B0AEB7794F8203085F8A7
:10CBB00020306A70023296B23046BDE8F883012315
:10CBC000AB70E378EB70A3882B71A3881B0A6B71A1
:10CBD000A379AB71E37903F00103EB71A368AB6058
:10CBE0008B8893801322638BAB73638B1B0AEB736D
:10CBF000A38B2B74A38B1B0A6B74E38BAB74E38B3B
:10CC00001B0AEB7494F820302B75D2E73E230B708F
:10CC100004234B70142383E73E230B700C234B70CB
:10CC200004237DE73E230B700A234B70032377E731
:10CC30003E230B700D234B70052371E705232370F2
:10CC4000042355E70823FAE730230B7003234FE74B
:10CC50003E230B700B234B70072361E73E230B70C1
:10CC600006234B700C235BE713230B708B789B0020
:10CC700001333DE757230B70022339E73E230B7046
:10CC80000D234DE73E230B7001234B70112347E723
:10CC90003E230B7006234B70122341E73E230B709B
:10CCA00009234B7013233BE73E2303702420F4F742
:10CCB000BDFB002815BF24230E2313260F26324662
:10CCC000A11CE81CAB7004F032FB721C71E73E2320
:10CCD00003702520F4F7AAFBC0B125230A26AB7008
:10CCE000D4F80230C5F80330D4F80630C5F8073060
:10CCF0006389A5F80B30F01CE27A04F10C0128449A
:10CD000004F015FBE27A0132324452E70F23072682
:10CD1000AB706388A5F8033023796B716379AB71CD
:10CD2000A379EB71A37A2B72E37A6B72E3E73E236C
:10CD30000B7003234B701023F2E63E230B70052388
:10CD40004B702023ECE63E230B7009234B7021230C
:10CD5000E6E63E2303702620F4F768FB002815BFA3
:10CD60002623182317261326A9E73E230B70042336
:10CD70004B702723D4E63E234FF000088146037012
:10CD8000282346468370D1F8023049F8033FAA7938
:10CD90005FFA88F39A4205D8721D92B2002A3FF4D6
:10CDA000A8AE06E7B21D331D08F10108A118A2586C
:10CDB00009EB030049F80320063131F8023C063044
:10CDC00020F8023C10F8017C3A46063704F0AFFA2E
:10CDD0003E44B6B2DBE73E230B701D234B70192394
:10CDE0009EE63E230B7007234B701A2398E63E23E2
:10CDF0000B7020234B702C2392E63E230B704C23A8
:10CE00004B702D238CE63E230B7004234B702E2396
:10CE100086E63E230B7022234B702F2380E63E23B1
:10CE20000B7016234B7030237AE63E230B703123B0
:10CE300076E63E230B70322372E63E230B7002230C
:10CE40004B7033236CE63E230B7014234B7022236C
:10CE500066E63E230B700B7C5B000F334B701D238B
:10CE60005EE63E230B7003234B701E2358E63E23E1
:10CE70000B700B7D5B0013334B701B2350E63E237E
:10CE80000B7003234B701C234AE63E230B700523D3
:10CE90004B701F2344E6FF230B700B234B70A22320
:10CEA0003EE6FF230B7005234B70A32338E6FF23D8
:10CEB0000B700D234B70802332E6FF230B700D2384
:10CEC0004B7082232CE6FF230B7002234B708323CD
:10CED00026E6FF23C21C037081238370D1F8033040
:10CEE00003F1280153F8040B8B4242F8040BF9D1EB
:10CEF00029225EE63E230B700C234B7023230FE6A2
:10CF000040F23221FEE508B510B1FFF7C1FC10B9BF
:10CF10006FF0150008BD0020FCE710B50C4648B1C5
:10CF200041B1F4F7CFF90028207014BF00206FF052
:10CF3000220010BD6FF01500FBE708B5F4F754FAB6
:10CF4000002008BD01F010B908B5F4F75FFA002021
:10CF500008BD01F07DBD01F09FBD03460222002007
:10CF60001A70052258709A708C22D8705A71082253
:10CF700018719A715922DA716FF068021A725A7236
:10CF80006B229A726FF01E02DA72704701F04CB990
:10CF900010B50446FFF70AFBB0F5007F09DA10F57B
:10CFA000007F08DD031EB8BF03339B1000202370F1
:10CFB00010BD7F23FAE76FF07E03F7E7F7F7BEB8FF
:10CFC0001FB5002341F64B524178CDF80A30D0F816
:10CFD0000230934295BF4FF47A7240F2E242B3FBC3
:10CFE000F2F3B3FBF2F398BF03F5506302789BB200
:10CFF00042EA0122ADF80230ADF80020ADF804306D
:10D00000C279837943EA0223ADF80630427A037A83
:10D01000684643EA0223ADF8083001F0C3F905B0D1
:10D020005DF804FB01F0AEBD0078003818BF0120A8
:10D0300001F0A2B9F7F7AEB88178008801F06DBDB4
:10D0400001F089BD37B505460C4600880DF1060193
:10D0500001F097F92B882380BDF80630638003B078
:10D0600030BDF7F79FB801F0BABD01F066B801F026
:10D07000D0B808B5F4F7D2F9002008BDF6F71CBE09
:10D0800001F0E4B8F6F7F6BF01F0AFB801F060BC0C
:10D0900001F0BBBB01F08FBC00F0FEBF01F003B894
:10D0A00001F00FB801F02BB801F0DDB901F0DCB8E8
:10D0B00001F02EBA01F0A4B801F050B803880B803B
:10D0C00001F0ABBC03880B8001F0B5BC01F0F1B8F6
:10D0D000F6F76CBE01F025B901F01BBC01F03EBAB9
:10D0E00001F04BBC01F0A6BB01F0D7BB01F0C0BB07
:10D0F00001F0C8BB01F05EBA01F06ABA01F054B8A1
:10D1000001F063B8F6F78EBDF7F764B801F04ABDD9
:10D11000F6F7DCBDF6F778BEF8B5941C0E4605466A
:10D1200017460C446343B3F5004FA8BF4FF0FF33DD
:10D1300010F003019CB203D0AD211420F3F768FE78
:10D14000B4F5004F01D9AE21F7E71022043004F006
:10D1500019F9EF746C802E80F8BD70B50688C5880B
:10D1600003898E42C5F30E02C3F30E0403D2CF210E
:10D170001420F3F74DFE5D40C5F30E030BB92D04EB
:10D1800009D4A24209D2C37CA41A0233E41AA142F0
:10D1900003DD00238374184604E014320123815216
:10D1A0008374104470BD023101444A43B2F5004F0C
:10D1B000A8BF4FF0FF3290B2173020F00300B0F557
:10D1C000004F34BF00B24FF0FF3070474088173037
:10D1D00020F00300B0F5004F34BF00B24FF0FF3035
:10D1E00080B2704738B503888B4204D240F20711F1
:10D1F0001420F3F70DFE857C65B1C388C3F30E03DD
:10D200001433C25A8A4207D3C152811DF4F7D6F9AA
:10D2100000238374284638BD0025FBE703461430FD
:10D22000F0B59C88A5B2C4F30E06DC88AC4202D1EE
:10D230000020D881F0BD5F89DC7C855B3C44ED1B20
:10D240000234ADB2344420440C88AC4288BF0D8017
:10D250005C89B4FA84F4640914700A88DA81E9E715
:10D26000F8B582880026C38904460D4692B20E6046
:10D27000CBB14189C2F30E020B4414329BB2871822
:10D28000825A4381934204D94FF4AA711420F3F7D0
:10D29000BFFD04D1011DF4F791F946812F600023F1
:10D2A0000120E381F8BD1846FCE770B50446084646
:10D2B000A38804F1140622899BB2C2F30E059A4298
:10D2C0000DD021B1A91CE27C314404F030F804F106
:10D2D00008012046755BF4F771F9284670BD0025FA
:10D2E000FBE78388C0889BB2C31A584258417047F5
:10D2F000828873B595B2C488C2F30E02AC4202F1C3
:10D30000140212D04189C689835A314499420EDBF6
:10D310000DF10601ADF80650F4F750F9BDF806001E
:10D32000001B18BF012002B070BD0020FBE70120E8
:10D33000F9E770B505890346C4881430C5F30E02B9
:10D34000C4F30E066C40C4F30E0525B9240402D5BF
:10D350000020188270BDB2421C8806D9DD7C921B69
:10D360000235521B9442A8BF14469D890DB1825BC1
:10D37000A41AA142ECDCDA7C3544198202322A4438
:10D380001044E7E738B5038ACBB18B4217D3C38883
:10D390008489C3F30E031433C5180CB9C4546C70DC
:10D3A0000C448481C45A2144C15222B1811DF4F736
:10D3B00005F90023838100230382012038BD00206A
:10D3C000FCE78388C2889BB29A4206D0428922B980
:10D3D000C3F30E0314331844704700207047C37C16
:10D3E000088802330B44136070470230704738B529
:10D3F0008388C2889BB29A4209D043893BB9C589C8
:10D400003DB9011DF4F7DAF8C581012038BD0020CF
:10D41000FCE71846FAE703881380C388C3F30E03BA
:10D420001433034480890B6070470368002223B9DA
:10D43000C0E90132031D0360704759681B680A4444
:10D44000F5E7072938B5034604D84FF4EC711520E9
:10D45000F3F7DEFC0068A8B1D0E900248C4212D0BA
:10D460002AB901F10805AC4204D210460AE003468D
:10D470001046F1E7425045181A68641A12686C6049
:10D4800042501D6038BD1A60FCE70023C1E900323C
:10D4900003680B600160704730B590B18478B1FBD0
:10D4A000F4F304FB131300EB430252898A4201D1C7
:10D4B000D8B230BDC27822B900F10A03D0B284429A
:10D4C00001D8FF20F5E733F8025B0132A942F5D11C
:10D4D000EFE78278038805324B4303EB420318449D
:10D4E000704713B500230446CDE900338DF80600DC
:10D4F0006846F4F751FA08B102B010BD2146BDF8F4
:10D500000400F4F725FA0028F2D040F21521172084
:10D51000F3F77EFC70B51E460D460921FFF743FE6A
:10D520000446324609212846FFF73DFE002C03DB66
:10D53000002801DB204470BD4FF0FF30FBE7D31D16
:10D5400023F0070370B5083390B110F0070403D03F
:10D5500058212220F3F75CFC04604FF6FF75C2806F
:10D5600000F108040A468180013A92B2AA4203D12E
:10D5700003FB01F0083070BD0668266004601C449F
:10D58000F2E7012303707047F8B5054608461E46CA
:10D590001146002814BF00240224FF23AB702B196E
:10D5A0001B7D012B04D001342B191B7D012B19D1BC
:10D5B00005EB44073B8B3A8C9819904204DD002020
:10D5C0002C4438832075F8BD05EB8404324660682E
:10D5D000184403F0ACFE3A8B16443E830023AB7034
:10D5E0000120F0E70020EEE7002910B514BF00236A
:10D5F0000223FF218170C1180C7D012C07D10C334F
:10D6000020F8132002230B750023837010BD013313
:10D61000C1180C7D012CF2D04FF48C710920F3F766
:10D62000F7FB024630B5837803F0FF00F3B9137DB2
:10D63000022B19D0537D022B19D10346012089B149
:10D640000024D5180C332C7522F81340131803242A
:10D650001C7502EB80035B680B6000F10C0332F871
:10D6600013308B80012002E00123E8E7002030BD69
:10D6700030B58378E3B9837D022B17D0C47D022CAB
:10D6800016D1032381B1002205190C342A7520F824
:10D690001420C2180324147500EB83020C33526863
:10D6A00030F813300A608B80012002E00324E9E7A0
:10D6B000002030BD037D012B01D1008B7047437DDD
:10D6C000012B0CBF408B00207047837D012B01D1C3
:10D6D000808B7047C37D012B0CBFC08B002070472F
:10D6E000038B23B9408B003818BF012070470120FD
:10D6F0007047838B23B9C08B003818BF0120704757
:10D7000001207047027D022A01D1008B7047437DC2
:10D71000022B01D1408B7047032AF6D0032BF9D09E
:10D7200000207047827D022A01D1808B7047C37D23
:10D73000022B01D1C08B7047032AF6D0032BF9D0FE
:10D74000002070472DE9F0410646069898460D46A0
:10D75000430711469DF81C7002D010F0030003D05F
:10D7600025214C20F3F754FB4FF48B72FFF7E7FEB3
:10D77000002F06AB044600FB08F114BF002018463A
:10D78000F3F73EFF17B9069B33602C60BDE8F081CC
:10D79000F4F7F2BA69B1C31E012B09D9CB1E012BD4
:10D7A00006D9012805D001290CBF012002207047AD
:10D7B0000420704710B50446F7F7B8FC48B1237849
:10D7C00003F00303032B04D10120BDE81040FDF753
:10D7D000ADBB10BDF4F71CBB10B50446FCF742FE10
:10D7E00000F544434FF47A70033C4933012CB3FBFA
:10D7F000F0F394BF282000208033184410BD10B5EA
:10D80000044690F87D00FFF7E7FF01462046BDE89B
:10D81000104002F082BAC31E012B70B506460D46B9
:10D8200010D9FCF71FFE00F522434FF47A74B13390
:10D83000B3FBF4F43046FCF70DFE05F19B032344E3
:10D84000184470BD6724F5E7002313B51A4680F825
:10D850004432A0F89032194600930446F5F718F9BF
:10D8600020B140F2F3113020F3F7D2FA0122C4F8CC
:10D870004002C4F8380284F84422A4F85602A4F8FE
:10D88000540284F85902B4F89820A4F89202013A9C
:10D89000A4F8982002B010BD70B5044690F8683125
:10D8A00003F0FF01E3B96FF00043D0E958529A4208
:10D8B00008BFB5F1FF3F01D1002070BDD0E9565639
:10D8C00002F0D8FFA430D4E958325B1B62EB0602A9
:10D8D0001B1A62F10002002AEEDA2046FAF74AF932
:10D8E0000120EAE7F8B5044618B9D7213020F3F74C
:10D8F0008FFA072900F2AA80DFE801F0043E3E3AE1
:10D90000A82E9EA6FAF72EF9D4F84C01A438FEF7FB
:10D91000ABFB10B940F25121E8E7204603F037F89D
:10D920000546F0B90146204602F0A4FF00F1A40626
:10D93000D4F84C01B04209D2301A0321192838BF5B
:10D940001920FEF705FC051E18BF0125C4F84C611F
:10D95000204603F04FF835B12046BDE8F84003F00B
:10D960004AB80025F4E7D4E95623C4E94E23F8BDAC
:10D97000BDE8F840FCF750BC02F0CBFF00230546A1
:10D980000E4684F8483184F85131D4F81C31EBB19B
:10D9900050EA01031AD00721A5FB012301FB06333E
:10D9A000D4E94E10521843EB0003D4E956018242E9
:10D9B0008B410BD2012304F5A47784F8503138460B
:10D9C000FEF7AEF820B940F292618FE70223F2E74A
:10D9D0002046FFF761FF034694F8180133B9394632
:10D9E000FEF700F938B940F296617FE7FEF780F85C
:10D9F000002384F84031D4E95601D4E94C32834203
:10DA000072EB0107B3D255EA0607B0D0C01A33460D
:10DA100061EB02012A4603F023FC05FB01F300FB46
:10DA20000633A5FB00500344D4E94C02451943EBEF
:10DA30000203C4E94C539AE790F81801FEF758F82E
:10DA4000002384F8403192E7F4214FE7F8214DE7B5
:10DA5000F8B50D460023D0F81C11044680F820319B
:10DA6000D0E9566781F8162280F840310121D0F8BC
:10DA70001C01F6F79DFFD4F81C01C0E99E6794F8DD
:10DA80001831C0F8945280F85C32C0E9A267FFF701
:10DA9000DBFE20B140F20A713020F3F7B9F9FCF750
:10DAA0005DFABDE8F840FDF707BFD0F81C017047EC
:10DAB00010B5044690F84031EBB1FF2380F868318F
:10DAC000012102F09AFF94F84031A3B194F81801B3
:10DAD000FEF78EF994F81801FEF7A0FB94F81801F0
:10DAE000FEF706F820B940F2DF113020F3F790F985
:10DAF000002384F84031002010BD10B590F8682153
:10DB000042B990F8202142B1D0E94931994202D975
:10DB1000FAF730F80022104610BD0122FBE740F270
:10DB2000E31108B502F001F9B0F5296F28BF4FF4F1
:10DB3000296080B208BDF8B5044621B1012931D071
:10DB400040F29F712BE0C68C36B1F7F7F5FAE58C01
:10DB5000B0FBF5F606FB15062046D4E94C5702F05B
:10DB6000D8FE00232D18204684F848314FF00203D8
:10DB700047EB0101AD19A4F8503141F10001C4E9AE
:10DB80005651C4E94C51FFF787FE70B904F5A471F2
:10DB900094F81801FEF726F838B940F2E961302010
:10DBA000F3F736F9002380F82031FCF7D7F9BDE808
:10DBB000F840FDF781BE90F84001003818BF012001
:10DBC000704790F854300246590705D590F8560032
:10DBD000431E58425841704713F00300FBD092F89F
:10DBE000550000F0FD00F3E790F87000003818BF12
:10DBF0000120704710B50E21F3F756FE044618B900
:10DC000084215320F3F704F94FF4AA72002103F0A2
:10DC1000B9FB0123142284F8AF3084F8B02084F8D3
:10DC2000083110BD30B100F5005090F8C601003841
:10DC300018BF0120704730B100F5005090F8C601C0
:10DC4000003818BF0120704738B50C4605460E2134
:10DC50006438F3F7C1FE2C23A08023706B7AE37045
:10DC6000002B40D115F81C3CA37135F8103CA4F8EA
:10DC7000073015F81B3C637215F81A3CA37215F8AF
:10DC8000193CE37215F8183C237315F8173C6373BD
:10DC900015F8163CA37315F8153CE37315F8143CFE
:10DCA000237435F80E3CA4F8113035F80C3CA4F878
:10DCB000133015F8133C637535F80A3CE38235F8E8
:10DCC000083C238335F8063C638335F8043CA38382
:10DCD00035F8023CE38315F8123C84F8203015F83F
:10DCE000113C84F8213038BD0346104691F8672076
:10DCF000D20902D0FF22DA7770470C21F5F73CBD3C
:10DD000010F0FD0F14BF0120002070476FF4506326
:10DD1000C318062B9ABFA0F550604FF47A7340F2F7
:10DD2000E2435843704790F83032DBB290F8C0209D
:10DD30002AB913F0FB0F14BF012000207047002008
:10DD4000704790F84432DBB290F8C0202AB913F043
:10DD5000FB0F14BF0120002070470020704713B54F
:10DD600001210020F3F7DEFD044688B901210846B1
:10DD7000F3F7D8FD0446C0B90023CDE900330323EF
:10DD80008DF806306846F3F707FEC8B100200AE0B8
:10DD9000C830FFF729FF0028E8D02046FFF711FF21
:10DDA0000028E3D0012002B010BDC830FFF71CFFEF
:10DDB0000028E1D02046FFF704FF0028DCD0F1E77F
:10DDC000009C2046FFF7F7FE0028DBD0204602F03B
:10DDD000A3FD0028D6D0E5E7002307B5CDE9003341
:10DDE00003238DF806306846F3F7D6FD08B100200E
:10DDF00004E00098FFF7DFFE0028F4D003B05DF8E0
:10DE000004FB07B5002340F6881201A9FCF79CFC2F
:10DE100003B05DF804FB10B5044638B1F6F7AEFA6E
:10DE200034EA00030CBF0120002010BD0120FCE7F4
:10DE300070B505460C46FFF7BEFEF0B9284602F065
:10DE4000B9FCD0B904212046F3F76CFD064678B939
:10DE500006212046F3F766FD054680B903212046DA
:10DE6000F3F776FD88B141F299713920F2F7D0FFCE
:10DE7000403002F0CFFF0028EAD00C2010E0403004
:10DE800002F0C8FF0028E9D0F7E73EB104212046A0
:10DE9000F3F75EFD10B14FF4BD51E6E70DB9002078
:10DEA00070BD06212046F3F753FD0028F7D041F25C
:10DEB000A771DAE738B505460C462AB11F2901D803
:10DEC000002038BD1220FCE7F3F782FEA04211D3F8
:10DED000284602F06EFD08B11F2CF3D8284602F048
:10DEE000C4FC48B12146284602F0F8FC0028E7D1DE
:10DEF0004520E6E70720E4E74220E2E738B505469B
:10DF000002F0B3FCE8B12846FFF755FE08B900203F
:10DF100038BD2846FFF7C9FD04462846FFF7C8FD6F
:10DF200088B9002CF3D02088F6F796FA02212088D1
:10DF3000F3F70EFD0028EAD041F6C9113920F2F7B7
:10DF400067FF4220E4E70C20E2E7034640681B78C5
:10DF50000BB9FFF7E8BEFFF7F4BE10B50446FFF7B4
:10DF60003BFF58B901210020F3F7DCFCE8B901219F
:10DF70000846F3F7D7FCF0B9012013E0F6F7D6F91D
:10DF800068B1F5F789FC044602F0FDFC58B920465B
:10DF900002F0F5FC80F00104E4B204F00104002C6E
:10DFA000E0D1002010BD0024F7E7C830FFF71CFEC9
:10DFB0000028DCD0F5E7C830FFF716FE80F001003E
:10DFC000C0B2EFE72DE9FF4107468846008802A965
:10DFD00001F001F9064618BB039C94F89F3103F049
:10DFE000FF061BB1B8F1020618BF012694F89F3056
:10DFF000232B94F8F33043EAD3030CBFC6F101029C
:10E00000002203F0010313433CD0BD7815B9F6F7A5
:10E01000B5F90546F878B8BBF6F7B0F925B9092681
:10E02000304604B0BDE8F0810028F8D094F8812093
:10E0300032B115F0020500F00200F0D00028EED059
:10E04000FF2284F84D21DEB994F84C2102F0FF063E
:10E05000B2B984F84F0101A984F84C8184F84E517B
:10E06000BA888DF805002046A4F850218DF8045098
:10E07000ADF8062001F031F9002384F84D31CFE7E7
:10E080003A26F9E71A26CBE7002DCFD1C7E708B526
:10E09000F6F72AF9002008BD10B50446F7F746FE4A
:10E0A0002070002010BD10B5FFF759FE044630B9AE
:10E0B000F7F736FE2046F6F797FB204610BD0C20FA
:10E0C000FCE738B50546FFF74AFE0446A8B92878AC
:10E0D000012803D9FF280BD0122038BDFFF710FE0E
:10E0E000691CF7F729FE002814BF00200720F4E779
:10E0F0000120F6F779FB2046EFE70C20EDE738B575
:10E100000546FFF72CFE0446A8B92B78012B03D94E
:10E11000FF2B0CD0122038BD1846691CFFF7F0FD0C
:10E12000F7F73AFE002814BF00201220F3E7F6F7B5
:10E130005BFB2046EFE70C20EDE703466FF00201A2
:10E14000302210B50E2404700020DC705924597060
:10E150009A701C7158719971DA7110BD082108B557
:10E16000F3F7A2F8002008BD73B506460C460088F8
:10E17000694601F030F80546A0B9B3786BB9019B48
:10E1800093F88030A370338894F902002380F6F767
:10E190006BFCA070284602B070BD7F20FFF731FEF7
:10E1A000A070F0E70225F5E710B504466FF07F0098
:10E1B000FFF727FEF6F758FC20707F20FFF721FEBF
:10E1C000F6F752FC6070002010BD10B50446F6F75B
:10E1D0008DFC00EB80035B002380F6F78DFC00EBE9
:10E1E000800300205B00638010BD10B50446F5F786
:10E1F00053FB02F0C1FBF6F737FC2070002010BD86
:10E200000A4600F1100108B5072302F0D4FF0020F0
:10E2100008BD10B5014604460020F6F7B3F908B969
:10E220002060A080002010BD10B50446F6F756F817
:10E2300028B900202146F6F78DF9002010BD0020F6
:10E24000FFF78BFE0028F4D10C20F7E710B5044649
:10E250000120FFF782FE28B101202146F6F77AF966
:10E26000002010BD0C20FCE7F7B50C4605466946BA
:10E27000008800F0B0FFA21C034690B9019901F19B
:10E28000A70781F8FA30386810603879107128884B
:10E29000208091F8FA6006F0FF00002EF1D103B063
:10E2A000F0BD00230220C4F80230137123706370A4
:10E2B000F5E7F7B506460C460088694600F08BFF87
:10E2C0000546A0B9019F87F87E5097F87C00F5F7C6
:10E2D0000DFAA07097F87D00F5F708FAE07097F84E
:10E2E0007E3003F0FF00002BEDD13388238003B094
:10E2F000F0BD10B583880446022B10D8C078FFF714
:10E300008AFD08B9112010BDA078FFF784FD002810
:10E31000F8D020460121BDE81040FFF753BE12207F
:10E32000F1E713B58378C17803F00104027903F0B3
:10E33000020351EA040C1DD052EA030C1AD0002C3F
:10E3400018BF0021002B037818BF00228DF802109F
:10E350008DF80320427843EA0223ADF80030437978
:10E360008279684643EA0223ADF80430FFF7C1FF23
:10E3700002B010BD1120FBE708B5F4F777F90020D3
:10E3800008BD13B50C46694600F025FF30B9019B66
:10E390009DF80020B3F8983012B9238002B010BD68
:10E3A0000133FAE7F0B5002185B005460088F3F7A0
:10E3B000B9FA044618B90226304605B0F0BDFFF799
:10E3C000B2FC0028F7D0AA881046FFF79FFCE3694B
:10E3D00007466988984220460CBF638E0123039349
:10E3E000AB8902936B8901932B890093EB88F5F736
:10E3F000DBF980B394F84C3203F0FF066BBB0D21C0
:10E400002088F3F78FFAFFF716FC50BB41F64B5309
:10E410009F4209D8642F22D9B4F87C2040F202230D
:10E420009A421ED1642301E040F2E243A4F8503244
:10E430000023C4E99537EA79AB7943EA0223A4F8CB
:10E440005C322B7A6A7A43EA0223A4F85E32FF2315
:10E4500084F84C32B0E73026AEE73A26ACE7122615
:10E46000AAE70C26A8E713B5044600F0CCFE002866
:10E470004CD02046FF24F6F755FB0023CDE90033AE
:10E480006846F3F789FA50B300244FF44033CDE9DE
:10E490000043FF246846F3F77FFA20B300204FF4CF
:10E4A0008023FF24CDE900036846F3F775FAF0B145
:10E4B00000214FF4C023FF24CDE900136846F3F791
:10E4C0006BFAC0B100224FF42023FF24CDE90023D2
:10E4D0006846F3F761FA90B1002002B010BD009BCE
:10E4E00083F84442CCE7009B83F89240D2E7009B3C
:10E4F00083F83440D8E7009B83F83440DEE7009B84
:10E5000093F83020032AE3D19C77E1E71220E4E777
:10E5100013B50088694600F05EFE0146D8B99DF843
:10E520000030019C8BB19DF80030012B03D1019884
:10E53000FFF707FC70B194F8533103F0FF0253B9B1
:10E54000FF2384F85331114605E02046FFF7EBFB2B
:10E550000028E8D10221084602B010BDF0B589B00C
:10E56000044600200E46F5F7DBFE01AA234604F11F
:10E57000180C17461868083353F8041C15466345F1
:10E5800003C52A46F6D11B782B7000238DF81D3069
:10E590008DF81E30237D022B0AD0637803F0180318
:10E5A000082B05D031463846F5F75CFC09B0F0BDC4
:10E5B0001220FBE710B5032104460078F3F7B2F907
:10E5C00020B12178BDE81040FFF732BC422010BDD9
:10E5D00013B500200024F5F7A3FE0323CDE9004482
:10E5E0008DF806306846F3F7D7F910B1204602B02F
:10E5F00010BDBDF804100098FFF71AFC002818BFE2
:10E600000446EFE72DE9F341054690F80180032128
:10E610000078F3F787F90446002800F08780F5F7C3
:10E6200085FE08B3204602F085F9EE78864228BFC1
:10E630000646B6B2B8F1040F5DD0E06CFFF73AF8C9
:10E640008719BFB2F5F772FEB8B9EB7873B92046F7
:10E6500002F070F9874210D9204602F0AAF950B9A9
:10E66000072002B0BDE8F081EE78E3E7204602F033
:10E6700073F90028EBD11220F3E7F5F757FE39467E
:10E6800002462046FFF716FC0028EAD1A8F1030352
:10E69000012B2DD8204602F08CF96B78032B2DD15D
:10E6A00008F0FD07012F3AD1204602F082F9002838
:10E6B00033D1B8F1010F08BF02273A46E16C684632
:10E6C000F3F79EFA33466A680121E06CFEF75CFFBF
:10E6D0000028C5D06B78023B012B07D8E06CFEF711
:10E6E000E9FF01210246E06CFEF77EFF0020B8E75B
:10E6F000002ECFD1BFE7002ECCD0BCE70028BAD186
:10E70000042BCDD12046FFF756FA0028B3D0E06C99
:10E71000FEF7E6FF0028C3D1ADE70027CDE7B8F14B
:10E72000040FCFD1204602F06BF9DFE7422098E7D3
:10E730002DE9F3470746467890F8039003210078C7
:10E74000F3F7F0F8044600283BD0F5F7EFFD30B1C1
:10E75000204602F018F9002808BF4FF00009E06CCD
:10E760001FFA89FAFEF7B1FF00EB09081FFA88F8D3
:10E77000F5F7DCFD60B1F5F7D9FD414602462046CC
:10E78000FFF798FB054668B1284602B0BDE8F08760
:10E79000FB78002BEFD0204602F0F5F80028EAD1F4
:10E7A0001225F1E7042EFBD0032E10D0B9F1000F93
:10E7B000F6D02046FFF7FFF938B10C25E4E7042234
:10E7C0000EE04225E0E70725DEE7012E0CD12046CA
:10E7D00002F0EFF80028F2D1012E0CBF062205222C
:10E7E000E16C6846F3F70CFA53467A680021E06C56
:10E7F000FEF7CAFE0028E6D0023E012EC4D84246EB
:10E800000021E06CFEF7F0FEBEE713B50446F5F715
:10E8100043F84FF440736846ADF8003000238DF89C
:10E82000023014F8013B8DF803300194FFF780FFAC
:10E8300002B010BD13B504460020F5F771FDE37872
:10E84000FB2B13D82278043468468DF803308DF8FA
:10E85000002014F8022C8DF8022014F8032C0194E7
:10E860008DF80120FFF764FF02B010BD1220FBE716
:10E8700010B504460020F5F753FDF3F7A9F9208001
:10E88000002010BD10B504460020F5F749FD032017
:10E89000F2F7C8FF2070002010BD73B504460020B9
:10E8A000F5F73EFD6378F3B10025EBB203219E003E
:10E8B00004EB83039878F3F735F840B32378012B02
:10E8C0000AD1B11C2144F5F7D9F838B9013562787D
:10E8D000EBB29A42E9D801E013B1122002B070BD48
:10E8E000FFF70CFBF1E72378002BF6D1CDE90033DD
:10E8F00003238DF806306846F3F74EF808B1002080
:10E90000ECE70098FFF7FAFA0028F4D0E6E7422097
:10E91000E4E738B5032105460078F3F703F8044629
:10E92000A0B1FFF748F928B92046691C01F0F9FFAA
:10E93000002038BD204602F026F808B10C20F8E788
:10E94000204602F01CF80028F8D1EDE74220F0E75D
:10E9500013B50446F4F7A0FF684614F8013B8DF8A0
:10E9600003304FF440730194ADF8003000238DF86C
:10E970000230FFF747FE02B010BD13B50446002079
:10E98000F5F7CEFCE378FB2B13D8227804346846E5
:10E990008DF803308DF8002014F8022C8DF8022039
:10E9A00014F8032C01948DF80120FFF72BFE02B020
:10E9B00010BD1220FBE773B50546F4F76DFF044662
:10E9C0002B7863B100230DF1010101208DF8003097
:10E9D000F5F7D8FD18B16846FFF79BFFA0B90026F0
:10E9E00020468DF8006001F0D2FFB0428DF8036040
:10E9F00014BF80233346ADF801302B78012B05D1AD
:10EA000069462046F5F73AF802B070BD1BB92046BA
:10EA1000FFF774FAF8E71220F6E710B50221044672
:10EA20000088F2F77FFF20B1A11CBDE8104002F082
:10EA3000B1B9022010BD08B502210088F2F772FFBB
:10EA400020B10021BDE8084002F0A4B9022008BDB1
:10EA500037B504460D4600880921F2F763FF10B16F
:10EA60000C2003B030BD0B212088F2F75BFF00289B
:10EA7000F6D10C212088F2F755FF0028F0D1694625
:10EA8000208800F0A8FB0028EBD123882B80019B75
:10EA9000B3F8CC306B80E4E737B504460D46008808
:10EAA0000921F2F73FFF10B10C2003B030BD0B215C
:10EAB0002088F2F737FF0028F6D10C212088F2F7E2
:10EAC00031FF0028F0D1238898B22B8063880BB9DE
:10EAD0001220EAE7694600F07EFB0028E5D1648851
:10EAE00042F21071019AA3B2D5694B43518E69432A
:10EAF000958C05FB01118B42EAD3D569D169A942F6
:10EB0000FBD1013B0025A2F8CC400B44C2F8C45015
:10EB1000B3FBF1F3C2F8C830C7E710B50C460221C9
:10EB2000F2F700FF88B1022C11D804F00103C4F3FE
:10EB3000400480F8153280F8144223B190F8123264
:10EB40003BB1F4F75DFC002010BD0220FCE7122071
:10EB5000FAE71846F8E710B504460078FF280AD00F
:10EB60000321F2F7DFFE58B16378A27843EA02236B
:10EB7000C384002010BDB4F80100F4F781FDF8E76C
:10EB80004220F7E710B504460078003818BF01208E
:10EB9000F4F796FD2078003818BF0120F4F714FC34
:10EBA000002010BD10B50446F5F7C0FB50B1F4F7D6
:10EBB00073FE6178C1F3400201F0010101F024FF0E
:10EBC000002010BD03212078F2F7ACFE0028F0D120
:10EBD0004220F6E70820F5F7AFBB02F005B908B50B
:10EBE000C3780246013BD8B2042801D9FE2806D1D9
:10EBF0001378042B03D1F4F75DFD002008BD12202B
:10EC0000FCE710B5044604B910BD23689847646852
:10EC1000F9E703680BB9016070471A465B6813B1E6
:10EC20008A42FAD170478A4218BF5160704708B5CE
:10EC3000F4F774FBF8F706FC20B14FF4957101204E
:10EC4000F2F7E6F80320BDE80840FEF74ABC08B535
:10EC50000220FEF746FC0020FEF743FCF2F746FFD9
:10EC6000F5F7EAFBF3F738FB20B14FF4857101208B
:10EC7000F2F7CEF808BDFFF7EABF08B5FFF7D7FFF8
:10EC8000F9F7DCFB20B140F23F110120F2F7C0F8A8
:10EC900008BD02F094B90B46152203F8032BD0F8F7
:10ECA0000920C1F80320427B1A71704730B585B046
:10ECB00004460D46F5F7CCFF80B36FF4CB7302A981
:10ECC0001C442088ADF8000000F085FA18B12E2110
:10ECD0007E20F2F79DF8039B0221684693F8782086
:10ECE0008DF8022093F87920B3F87A308DF803205C
:10ECF000ADF80430FFF766F908B14421E8E78DF874
:10ED000008009DF808308DF80900002063F3070023
:10ED10009DF8093063F30F2005B030BD36232B700A
:10ED2000D4F80930C5F8033004238DF80830E8E73B
:10ED300008B5436893F89E201AB185217E20F2F72A
:10ED400067F8212283F89E2008BD034610F00100D9
:10ED500005D19A0702D403F00400704702207047DF
:10ED60002DE9F84F894605460846904600F08CFE8E
:10ED70008246484600F08CFE8346FFF7E6FF0646D3
:10ED80005046FFF7E2FF46EA00070446FFB2003FA5
:10ED900018BF0127F5F7F2FA00EA0B00C0B200280D
:10EDA00008BF0026F5F7EAFA00EA0A0095F87C2089
:10EDB000C0B2002808BF0024B24214BF334600236B
:10EDC00088F8003095F87D20A24208BF0024234334
:10EDD00088F801400CD1484600F05CFEB5F8983048
:10EDE000DB43184447F6FD7380B2984288BF002782
:10EDF000BEB995F87C00F4F789FC03280ED195F88C
:10EE00004C31012B0AD1B5F8502195F87C30012AFC
:10EE100009D1032B09D0032388F800303846BDE818
:10EE2000F88F042EEAE7042BF8D00423F4E7042932
:10EE300005D101280CD1032113805180704703298B
:10EE400006D1012804D0042101201380518070478D
:10EE500000207047012806D0022804D0033801287A
:10EE60008CBF002004207047F8B5446806460F4662
:10EE700094F89F50A5F12103062B47D92F2D45D09B
:10EE8000002D41D194F89E30262B3FD0084600F04B
:10EE9000EEFD28B939463046BDE8F84000F097BF8E
:10EEA0007B7903F0070384F875303B7903F007039F
:10EEB00084F8743094F84D31D3B994F84C31012B67
:10EEC00016D094F87D3094F87420D91E012998BF8B
:10EED00004239A4214D194F87C30DA1E012A94F863
:10EEE000752098BF04239A420AD1022384F84C313A
:10EEF0002323304684F89F3000F03BFF2846F8BDBE
:10EF00003046F5F787FAF3E70125F7E72025F5E71F
:10EF10002DE9F743456804460F4695F89F3095F86C
:10EF20009E80242B2CD19F35384600F0B5FD00285B
:10EF30004DD0384600F0A8FD8146384600F0A8FDC7
:10EF40000146FFF702FF666848B396F87C309842A6
:10EF500025D096F84C21012A0CBF96F84E2196F840
:10EF60007820114233D0B8F1220F18D096F87520CE
:10EF7000114214D153B940F203210620F1F748FFA2
:10EF8000B8F1220F40F0C3809E35CDE7032B01D0AE
:10EF9000032832D1984294BF00200120B8B94846D6
:10EFA000FFF7D3FE00284BD096F87D30834247D040
:10EFB00096F84C31012B0CBF96F84F3196F879300A
:10EFC00019EA030F14BF01230023002B38D1636813
:10EFD00093F84C21012A19D11E212046F5F7FCF99E
:10EFE000B8F1220F20D1FA786368182A83F8292112
:10EFF00010D040F269217E20C0E7042BCAD004283B
:10F00000C8D098422CBF00200120C7E7002283F817
:10F010004C21E5E70A2283F89E2093F8DC30002B90
:10F020003CD140F27121E6E7002320462B7000F02E
:10F03000AAFE3946204603B0BDE8F04300F0C7BE43
:10F04000304601AA3946FFF78BFE666880BB96F80A
:10F050004C31012B29D1B6F8983006F5357296F867
:10F060007C10B6F85001FFF7E2FE0646C0B9014633
:10F070002046F5F7B1F92E70636803F19F029542BF
:10F0800002D1002283F89F20636803F19F0295421A
:10F090004FF0000538D1204600F075FE002037E023
:10F0A0006368282283F89E20E6E786F84C01E3E7B0
:10F0B000384600F0EFFC6368A6F8D402B3F8D42217
:10F0C000B3F89810013A521A47F6FD7192B28A428B
:10F0D00006D92822204683F8C120F6F759FBD3E74A
:10F0E00093F89F200E2A02D00B3A012A01D82A2237
:10F0F000F0E79DF8042083F8D6229DF8052083F8D8
:10F10000D72226232B70BFE783F8DC50C6E7022006
:10F1100003B0BDE8F08308B5436893F89F20232A25
:10F1200005D022B14FF461717E20F1F771FE2422E7
:10F1300083F89F2008BDFF23437100230371036000
:10F140004371704743791BB903680BB101221A6000
:10F150007047F5F771B9704730B542400C781878B0
:10F160005D784440487868409D78044488786840D9
:10F17000DD780444C87868401D795B7904440879D7
:10F18000497968404B4004442344D3420CBF0120DA
:10F19000002030BD034600200139C9B2FF2900D14B
:10F1A00070475A5C82F001021044C0B2F4E708B51F
:10F1B000F5F70EFA082803D0BDE80840F5F72ABA9B
:10F1C00008BD08B501F06FFE18B1BDE80840FAF7B8
:10F1D0001BB8082008BD70B50D4600210646F2F7A1
:10F1E000A1FB0446686010B10020287070BD0221A8
:10F1F0003046F2F797FB686018B1012320462B7068
:10F20000F4E70220F2E770B5047934F01F040ED160
:10F21000461E051D16F8010F00F091FD0444AE4294
:10F22000E4B2F7D1012C94BF0020012070BD002072
:10F23000FCE7F8B505460C46D0E90476FCF770FC0F
:10F2400020B94FF481712920F1F7E2FDF4B1D5E93D
:10F250000431DA1B61EB0603012A73F100014FF060
:10F26000000115DB6FF00100904271EB030302DA3D
:10F270004FF48671E7E7631E1344B3FBF4F35C437A
:10F28000E41946F10006C5E904461C462046F8BDCF
:10F290000C46FBE7CB1E012B0FD8032915BF4FF4FB
:10F2A000167396234022102203F5BC73984212D99C
:10F2B000C01A90FBF2F080B27047022905D13C28B9
:10F2C00009D93C38C0F38F007047702803D97038D3
:10F2D000C0F3CF0070470020704703460868986766
:10F2E00070470229024608B515D006D801290AD070
:10F2F00040F27D112920F1F78BFD03390129F7D860
:10F3000040F6A66008BD40F6C41340F2E240002A71
:10F3100018BF1846F6E740F6C410F3E7A0F5A27050
:10F32000884294BF091A491A1868012900EB510054
:10F33000186098BF0020136888BF0120A3EB510319
:10F340001360704708B501F0C0FDBDE80840F5F74F
:10F350008BBBC3B293FAA3F3000A90FAA0F01B0E82
:10F36000000E43EA002070470131821DF8B5C9B292
:10F370000023012512F8010B884216D312F8066CFF
:10F38000002405FA04F7E0B237421CBF01F1FF3157
:10F39000C9B269B10134082CF3D10133DBB2052BBA
:10F3A000E8D199214620F1F733FD091AC9B2F4E7F3
:10F3B00000EBC300C0B2F8BD0B6870B5C0F80130F7
:10F3C00004460B79451C861D03F01F03437100237F
:10F3D000C37215F8010B00F0B2FC2871B542E37A54
:10F3E0001844E072F5D170BD81EA114189B270B55F
:10F3F0000446C57A032682EA0100FFF7AAFF013E10
:10F4000000EB001016F0FF0601EB000290B2F4D101
:10F4100041402522B1FBF2F302FB1313C3F3C402F4
:10F42000D8B203F0070322445678012202FA03F30C
:10F430001E4207D169432046C1F30741BDE8704031
:10F44000FFF792BF70BDF8B590F8215004466B1ECF
:10F45000242B56D8002A56D0807D18B1012846D0DA
:10F460001F2019E094F82310012694F8223002FBA3
:10F4700003132522B3FBF2F102FB1133DBB204EBE1
:10F48000D30284F82330D17D03F0070206FA02F29A
:10F49000114202D084F82430F8BDB3FBF5F205FB2D
:10F4A000123304F11C0102460133D8B211F8013BBA
:10F4B000834219D311F8067C002306FA03FCDDB25F
:10F4C0001CEA070F1CBF00F1FF30C0B220B905EBEA
:10F4D000C20284F82420DFE70133082BEDD101328A
:10F4E000D2B2052AE2D1BBE7C01AC0B2F7E722893F
:10F4F00004F11600096AFFF777FF84F82400002062
:10F50000CAE71220C8E71046C6E7034612EA010020
:10F5100003D013F03F0018BF0120704740787047B8
:10F520000B68C0F803308B88A0F8073070470B6871
:10F53000C0F809308B88A0F80D3070470378890136
:10F5400023F0400301F040010B4303707047037840
:10F5500003F07F0343EAC113037070471F2A38B5D5
:10F560000546144603D9BF212A20F1F751FC063481
:10F57000093001F0DCFE6C7038BD1F2A38B5054635
:10F58000144603D9E1212A20F1F742FC0634093060
:10F5900001F0CDFE6C7038BD30B50378024603F043
:10F5A0000F03032B40D0052B1FD1C37F90F8200001
:10F5B000034392F82100034392F82200034392F898
:10F5C000230020F01F0018432DD05378222B0CD19C
:10F5D000B2F81930B2F81740907D41B1B3F5506FD1
:10F5E00005D940F607518B420ED900201BE0991F28
:10F5F00040F67A4589B2A942F7D8411E0729F4D8C6
:10F600008342F2D9A342F0D3B2F81B30B3F5FA7FAC
:10F61000EBD2B2F81D0040F676430A3880B2984229
:10F620008CBF0020012030BD4078A0F10C0358426F
:10F630005841F8E72DE9F04190F8038005460E4661
:10F6400018F03F0700F09180072900F28E80DFE874
:10F6500001F004101A242E38424C01790122404650
:10F66000FFF753FF00280CBF344605242046BDE8B1
:10F67000F081017902224046FFF747FF0446002847
:10F68000F4D0052462E0017904224046FFF73DFFF3
:10F6900004460028EAD0052450E0017908224046BB
:10F6A000FFF733FF04460028E0D005243EE001794F
:10F6B00010224046FFF729FF04460028D6D0052433
:10F6C0002CE0017920224046FFF71FFF0446002866
:10F6D000CCD034461AE0017940224046FFF715FFAE
:10F6E00004460028C2D0052408E0017940224046A3
:10F6F000FFF70BFF00280CBF0524062420222979E0
:10F700004046FFF702FF08B11234E4B21022297913
:10F710004046FFF7FAFE08B10334E4B20822297923
:10F720004046FFF7F2FE08B10234E4B20422297920
:10F730004046FFF7EAFE08B10134E4B2022229791B
:10F740004046FFF7E2FE08B10634E4B2012229790F
:10F750004046FFF7DAFE08B10634E4B2072E85D141
:10F76000231F9F42B8BF002480E700247EE770B5C6
:10F770000C46064611461D4624B940F2E9212A20CE
:10F78000F1F746FBFFF756FF10B940F2EA21F6E722
:10F79000031F2B443F2B02DD40F2EB21EFE72A460B
:10F7A00021463044BDE8704001F0C1BD10B50446AB
:10F7B000FFF740FF00B1204410BDC07800F03F00CB
:10F7C0007047C37803F03F0343EA8113C370704767
:10F7D000C1F3800330B5C1F38014C1F34005234465
:10F7E000C1F3001404EB44042344C1F3401404EBBC
:10F7F000C40403EB4403C1F300042C44C1F3C0056B
:10F80000134404EB44042C4403EB440313F0FF03C0
:10F810001CBF01330171C17818BFDBB221F03F0179
:10F8200003F03F042143C170591C41701AB10433E5
:10F830009B1A013AC25430BD70B5C47806461546CD
:10F8400004F03F041319FE2B04DD40F247312A2057
:10F85000F1F7DEFA0135201D2C44304401F067FD3C
:10F86000747070BD2DE9F047C678012201793046E9
:10F87000FFF74BFE022205463046FFF746FE2022E8
:10F8800082463046FFF741FE082207463046FFF722
:10F890003CFE102281463046FFF737FE0422044624
:10F8A0003046FFF732FE402280463046FFF72DFEFD
:10F8B00005EB0A0307EBC707404404EB44044F443D
:10F8C00003EB430320443B4400EB430010F0FF00F4
:10F8D0001CBF0130C0B2BDE8F087407870470378A4
:10F8E00001F0030123F003030B430370704700781A
:10F8F00000F0030070470378490123F0200301F072
:10F9000020010B43037070470078C0F3401070472C
:10F910000B78837070471B2A08B504D940F2524116
:10F920002A20F1F775FA42700330BDE8084001F073
:10F93000FEBCB0F807007047B0F809007047C1720C
:10F94000090A01737047B0F80B00704770B5B0F842
:10F950000730B0F80950B0F805600479B0F80B0032
:10F9600091B1B3F5506F0FD940F60752934218D8B2
:10F97000B5F5FA7F15D20A3840F6764380B2984240
:10F980008CBF0020012070BD9A1F40F67A4192B2D0
:10F990008A4206D8621E072A03D89C4201D29E42A0
:10F9A000E5E70020EFE70B6843600B7903727047CF
:10F9B00043680B60037A0B717047B0F80900704719
:10F9C000007970470B6843604B68836070474368F9
:10F9D0000B6083684B6070470B8883817047838915
:10F9E0000B8070470B68C0F80E304B68C0F81230BF
:10F9F0007047D0F80E300B60D0F812304B60704773
:10FA00000B68C0F816307047D0F816300B6070479E
:10FA1000FFF7D8BF0B68C36070470079704701716A
:10FA2000090A417170478171090AC17170470172F9
:10FA3000090A417270478172090AC1727047043025
:10FA400001F1200351F8042B994240F8042BF9D11D
:10FA50000B880380704738B515460446FFF7EFFF63
:10FA60002B68C4F826306B68C4F82A3038BD037997
:10FA7000024613F0070004D0507910F0070018BFB9
:10FA800001207047017170470079704741717047DC
:10FA900040797047C08870470279437902F00702C5
:10FAA00003F00703511E0A40591E0B4013430CBFBD
:10FAB0000120002070470171704700797047417143
:10FAC000704740797047FB2908B504D940F2E671C8
:10FAD0002A20F1F79DF9417008BD037843B14068D1
:10FAE00090F8123223B1002380F81232F3F788BC69
:10FAF000704708B5017A19B101290DD0002008BD61
:10FB000003680221C2888088F5F750F80028F6D1F2
:10FB1000F5F748FA0120F2E70368C288F3E7022309
:10FB20000B7001238B707047F5F7B6B910B521B98A
:10FB30004FF41C711020F1F76BF94A600B72EFF370
:10FB4000108472B6031D0B6042681AB1127A012A42
:10FB500008BF036003681960016004B962B6BDE8BC
:10FB60001040F5F7E1B90222F5F70ABA0322F5F7DA
:10FB700007BA0422F5F704BA0222F5F745BA1423AE
:10FB80000B706FF4BD7318440388A1F80330B0F80C
:10FB90005030A1F80530B0F85430A1F80730B0F873
:10FBA0005230A1F80930B0F85630A1F80B30704748
:10FBB00008B5CB1E012B04D8800100F5747080B20B
:10FBC00008BD012902D10E30C000F8E7022902D198
:10FBD0000F308000F3E740F265210620F1F718F9B5
:10FBE00040687047033901298CBFC08A4FF42960EF
:10FBF000704770B590F87C608D88033E0C89012EAB
:10FC000004D943B11678033E012E04D8B5F5296F07
:10FC100038BF4FF4296590F87D60033E012E04D96A
:10FC200043B15378033B012B04D8B4F5296F38BF97
:10FC30004FF42964CB884A88A0F86830A0F8642083
:10FC4000A0F86650A0F86A4070BD38B5CB1E0446D7
:10FC5000012B10D9C38B458C9D4228BF1D46207AAD
:10FC6000FFF7A6FF6389AB4228BF2B46984238BFF7
:10FC7000184680B238BD4FF42965F0E72DE9F04110
:10FC8000064690460C46B0F8500011461F46FFF756
:10FC90008FFF0546414606F14400FFF7D6FF854237
:10FCA0003946A7F1030728BF0546B6F85800FFF705
:10FCB0007FFF012F0346ADB28CBFB6F85A004FF458
:10FCC0002960834228BF0346A01D9BB280B22B440B
:10FCD0001844BDE8F08110B441F64B51C46990F866
:10FCE0007D308C4294BF4D21962190F87C2010BC31
:10FCF000FFF7C4BF70B541F64B53C6690C461546B5
:10FD00009E428CBF96264D26FFF7E5FF30442844DF
:10FD1000A04294BF201A002070BD38B50D4604469D
:10FD2000FFF7D9FF2844A06438BD006801F19C03A7
:10FD3000984283BF401A9C3840080020704700F06A
:10FD40005503400800F05500184400F033038008C4
:10FD500000F03300184400F00F0303EB101070475D
:10FD60004368002283F89E2083F8DC20A3F8D82083
:10FD7000704743680022A3F8DE2093F8E0200132A8
:10FD800083F8E0207047426808B592F8E030013B04
:10FD90005BB2002B82F8E03003DA34214A20F1F71D
:10FDA00037F808BD436883F82B1183F82A21704780
:10FDB000A0F10B03042B08D9A0F12103062B04D9D1
:10FDC000A0F12F0358425841704701207047426804
:10FDD000D2F8903010B513F008040AD143F00803AC
:10FDE000C2F89030CB7882F82831FFF7C2FF204666
:10FDF00010BD0120FCE738B505460C46B1F8681087
:10FE0000FFF70DFEB4F836112846FFF70CFEB4F8E4
:10FE100064102846FFF70BFEB4F834112846BDE8FD
:10FE20003840FFF708BE10B5446894F8A030073B8F
:10FE3000012B07D90846FFF7C3FD072384F8A1006B
:10FE400084F8A030002010BD426892F8A030073B33
:10FE5000012B84BF082382F8A0307047F8B54768AB
:10FE600004460D4697F89F6016BB0846FFF7A5FDB0
:10FE70006168A7F8D402B1F8D432B1F89820013BF8
:10FE80009B1A47F6FD729BB2934207D9282320465E
:10FE900081F8C130F5F77CFC3046F8BD01F2D6217F
:10FEA0002846FFF785FD63680B2283F89F20F3E760
:10FEB0000126F1E70B46082203F8032BD0F80920AE
:10FEC000C1F80320D0F80D205A60427C1A7200233A
:10FED000CB707047F8B5436806460D4693F89F40CF
:10FEE000002C66D193F881102846FFF72FFD28B922
:10FEF00029463046BDE8F840FFF769BF7268B5F89B
:10FF00000D30B2F89810A2F8D432C9430B4447F62A
:10FF1000FD719BB28B4207D92823304682F8C1304D
:10FF2000F5F736FC2046F8BD2846FFF702FD6FF4D2
:10FF30005063776841F64B52C3189BB2062B96BFAD
:10FF40004FF47A7340F2E243A0F550605843904278
:10FF5000C7F8DC022B798ABFC3EB431203EB8303A0
:10FF600003EB820341F64B5295BF03EB830303EB94
:10FF700083039B005B0088BF9BB29042284694BFDE
:10FF8000642240F2E242A7F8D632B5F80530534376
:10FF9000C7F8D832FFF7D0FCA7F8E0022846776808
:10FFA000FFF7D1FC73680E22A7F8E20283F89F20C6
:10FFB000B8E70124B6E70B230B70D0F80930C1F87D
:10FFC000023070470B460C2203F8022BB0F80920D0
:10FFD0004A80C27A9A70704738B54368054693F8EC
:10FFE0009F4034B1123C0B2C94BF082401242046BE
:10FFF00038BD93F8A420002AF9D0D3F8383133B9AA
:020000040001F9
:10000000FFF7B7FE6B68122283F89F20EFE70C2200
:100010000A21FFF7C7FE6B683222284683F89F202B
:10002000FFF7A7FEE3E708B5436893F89F20162A79
:1000300004D040F279111F20F0F7EAFE012283F884
:10004000E120172283F89F2008BD436893F89F2082
:10005000132A05BF14220020022083F89F20704736
:10006000436810B593F89F300446192B07D1FFF76A
:100070008AFE63681D22002083F89F2010BD0220A5
:10008000FCE708B5436893F89F20122A04D04FF488
:10009000D1711F20F0F7BCFE012283F8E12013226A
:1000A00083F89F2008BD08B5436893F89F20172A5E
:1000B00004D04FF4D5711F20F0F7AAFE192283F85F
:1000C0009F2008BD0B46072210B503F8032B0446FA
:1000D000D0F80920C1F80320D0F80D205A60B0F8FC
:1000E00011201A81C27C9A7210F8523C4BB1A0F5D3
:1000F000D972A0F591717238FDF7F6FD002304F86E
:10010000523C10BD08B5436893F89E201AB1BC213B
:100110001C20F0F77DFE042283F89E2008BD08B560
:10012000027843684AB993F89F201AB1C4211C2071
:10013000F0F76EFE83F8E02008BDD3F89010CA07F0
:1001400001D4C921F3E793F8E020013A52B2002A22
:1001500083F8E02001DACB21E9E721F00101C3F8BF
:100160009010E9E70E23A0F5B9700B7003884B805F
:1001700070474368017893F89E2061B9052A08BF4B
:1001800000224FF0000002BF83F8D02083F8DC206B
:1001900083F89E207047102AF1E738B50378456848
:1001A0002BB995F89F00012380B1012015E0D5F807
:1001B000903013F00404F8D1FFF7DBFDD5F8903050
:1001C000204643F00403C5F8903006E085F8E0309F
:1001D0000223A5F8DE0085F89F3038BD0378426819
:1001E00013B982F8E0307047D2F8903023F004035E
:1001F000C2F89030FFF7C7BD08B5436893F89E205A
:100200001AB171214B20F0F703FE0278002A0CBFCF
:100210000522102283F89E2008BD10B5D0E90D42BA
:10022000A24206D38B8C121B498E05334B4393425B
:1002300002D3012380F8403010BD01230B7000234E
:100240008B7030F8E43CA1F80330437A4B7143895A
:10025000CB8083890B81704708B5436893F8E3200E
:1002600091070ED493F89E201AB174214020F0F724
:10027000CFFD0121A3F8D82083F89E1083F8DC106D
:1002800008BD027842B993F89F200AB983F8E020AC
:10029000002283F85221F3E7D3F890108A07F7D5AC
:1002A00093F8E020013A52B2002A83F8E02001DA04
:1002B0008621DBE721F00201C3F89010E8E710B5D2
:1002C0000B7901284C790A6843EA0421104608BFDB
:1002D00041F4803110BD07B5FFF7F1FF0DF10702C2
:1002E000F5F7C8FC03B05DF804FB0B46062203F8E3
:1002F000032BB0F80920A1F80320C27A9A70704746
:100300000B46172203F8032BD0F80920C1F803206D
:10031000D0F80D205A607047392301F8033B00F1F3
:100320000903293053F8042B834241F8042BF9D1F7
:100330001B880B807047F0B50646BDF8147001F5B8
:10034000A571D92E344607F0010507F0020028BF39
:10035000D9243034A4B2FF2C28BFFF24BF0700F0FB
:10036000AF8048B3042A21D0032A22D0022A0CBF2E
:100370004FF496744FF414740C44D11EC9B29C34DB
:10038000022934BF282000200129044440D804F564
:1003900035649834002D48D0042A40D0032A41D037
:1003A000022A0CBF6421C0210819F0BD41F2D024FB
:1003B000E2E740F2CE54DFE783B1042A08D0032AF3
:1003C00009D0022A40F6480408BF4FF48564D3E7F9
:1003D00044F29024D0E741F2BE14CDE7042A05D1BF
:1003E0000534A4B2A40104F5C874C5E7032A05D1F5
:1003F0000534A4B2240104F5BF74BDE7022A0BBF83
:100400000B340A34A4B2A4B20CBFA400E400B3E7D6
:10041000022A0CBFB4204FF4B0700444B9E74FF483
:10042000CA61C1E740F2AE21BEE793B1042A0AD007
:10043000032A0BD0022A40F648000CBF4FF4856116
:100440000146601812E044F29021FAE741F2BE1131
:10045000F7E7F12E354628BFF125042A1ED105F114
:10046000130080B2800100F5C8752819D92E9CD9D7
:10047000D93EF721B6B2002B56D0F636042AB6FB89
:10048000F1F64BD0032A4CD040F2725340F6921151
:10049000022A18BF0B4603FB060086E7032A05D194
:1004A0001335ADB22D0105F5BF75DEE7022A0BBF8E
:1004B00019351835ADB2ADB20CBFAD00ED00D4E7C3
:1004C0008BB1042A09D0032A0AD0022A40F6480038
:1004D0000CBF4FF485640446B3E744F29024B0E7C0
:1004E00041F2BE14ADE7042A05D10534A4B2A4013B
:1004F00004F5C874A5E7032A05D10534A4B2200188
:1005000000F5BF749DE7022A0BBF0B3404F10A0506
:10051000A0B2ADB20CBF8400EC0092E744F2DA3333
:10052000B9E741F20833B6E7B6FBF1F3042ADBB2D0
:100530001CD0032A1DD040F2725140F69214022AB8
:1005400018BF214601FB0300C3EB4311C3EBC103FA
:10055000F61AB3B2002B3FF428AF0833042A9BB23B
:100560000AD19B0103F21A4318441EE744F2DA3120
:10057000E8E741F20831E5E7032A03D11B0103F55F
:100580004673F1E7022A0BBF9B00DB0003F5BB7348
:1005900003F5CD73E8E78B88F7B513F01806074627
:1005A0000C4625D1086820B940F2DA312D20F0F749
:1005B0002FFC00F0B1FA217C657C032908BF0421DF
:1005C000032D08BF0425F5F765FCA38801462A46DC
:1005D000384600933346FFF7AEFEA430D4E9022339
:1005E000824273F100032CBF0120002003B0F0BD54
:1005F0000120FBE710B50446F4F79EFD82B204F13A
:10060000690104F13600FEF7EFFE84F8440010BDE6
:1006100037B504460D46FFF7EDFF01222B46617901
:10062000204603B0BDE83040F5F7A8BC38B513222A
:100630000B460C4603F8032B00F10902293052F84F
:10064000041B824243F8041BF9D1127802211A706C
:100650000123A588A3712846F1F764F9B8B1E378BE
:1006600063B10088F3F7F8FE02212846F1F770F92C
:1006700068B140F227212D20F0F7CAFBF3F778FE8E
:100680004B0404D52846BDE83840FDF7B3BA38BD61
:1006900038B5CB690446104641F27072A3F57A75FD
:1006A000954295BF4FF47A7240F2E242B3FBF2F307
:1006B000B3FBF2F398BF03F5506304F1A8029BB2B9
:1006C000A4F8B4308B8CA4F8B630CB8CA4F8B83036
:1006D00091F8063284F8BA30A37F63B394F8683097
:1006E000012B28D194F86E3003F0C003402B22D1A7
:1006F000D4F86930C4F8A830B4F86D309380082875
:10070000236A04F1AE019A7803F1030584F8A1206D
:1007100004F1A202D3F8033018D0C4F8AE30AB888D
:100720008B8004F1A101F4F76BF840B940F69B31DE
:100730002D20F0F76DFB0023C4F8A830DEE794F815
:10074000A13043F0020384F8A13038BDC4F8A230D0
:10075000AB8893800023C4F8AE308B80F5E70B465E
:10076000162210B503F8032BD0F80920C1F8032096
:10077000427B1A71CB78BBB130F8BC3C1B0713D459
:10078000B1F8054002212046F1F7CCF860B10088AD
:10079000F3F762FE02212046F1F7DAF820B140F2C9
:1007A0006D212D20F0F734FB10BD0121F5F726BF98
:1007B000FFF7FBBF08B590F89C300BB1012008BDD6
:1007C00090F8D430002BF9D190F8C63003F0FF0038
:1007D000002BF4D0F3F7AAFD80F00100C0B2EEE7E1
:1007E00030B54FF4B87285B00D460021044600F0D4
:1007F000C9FDFF2323701323638042F21073E38447
:10080000F1F7BAF900220146E0646846F1F7F8F919
:1008100000220121E06CFCF7E7FE0422E16C68464F
:10082000F1F7EEF90022E06C1146FCF7DDFE04F171
:100830003000257500F020F902A8F4F763F920B91B
:1008400040F212312D20F0F7E3FA02A904F136004C
:10085000FEF7B2FD04F18000FEF76DFC05B030BD7F
:10086000FF23C86C0B70FCF78CBE0078FF3818BFF4
:1008700001207047F7B5044630300E4600F04CF9C1
:1008800061880746CA0605D52822F7F79BF96D301F
:1008900003B0F0BD8B07E06C0FD5FCF743FF0546B6
:1008A00021793846F5F7F6FA6388014662790093B4
:1008B00028463346FFF73FFDE9E7FCF723FFEEE765
:1008C0004388092B10B5044607D1F6F7C5FE20462C
:1008D0000121BDE81040F6F7FFBD10BD03460846F4
:1008E0005A8812F0180F30B587B010D103F13001DB
:1008F000ADF80420D3E902459B8800916946ADF824
:100900001030CDE90245FFF746FE07B030BD0120AB
:10091000FBE7D0E902017047407D003818BF012095
:1009200070470B68C0F817308B88A0F81B30012384
:1009300043777047438813F0100005D013F0040F7D
:1009400014BF00201F2070479A0704D4DB0701D48E
:10095000F1F73EB9EE20704708B5FFF7EBFF00381E
:1009600018BF012008BD0023A0F8483043881D2B84
:1009700008BF00214174704790F914007047408807
:1009800000F0010070474088C0F340007047408885
:10099000C0F3C000704710B54488C06CE30654BF74
:1009A000C4F340040024FCF7A4FE002C08BF01207F
:1009B00010BD4088C0F3001070474088A0F10903C3
:1009C0005842584170474079704710B50446F4F7D3
:1009D000B3FBC0F30B00A042F9D010BD90F8683013
:1009E00001624B72D0F86930C1F80A30B0F86D304E
:1009F000CB8170477047F5F747BC80F8901070477F
:100A0000FF2380F89330704780F8241080F8252069
:100A10007047C0F34002C0F3800300F001001344AC
:100A200018447047022808B507D0042807D00128C9
:100A300007D039212E20F0F7EBF9262008BD27201A
:100A4000FCE72520FAE78278034612F0010002D085
:100A5000D978C9070FD5900702D5D978890709D564
:100A600012F0040007D0DB7813F0040F14BF00204D
:100A700004207047022070470023C0F80230012391
:100A80004370037070478170704710B54270144610
:100A900001708078FFF7BDFF484304FB00F2FE2A97
:100AA00003DD5C212E20F0F7B3F910BD0023C370E5
:100AB00043710371704710B50446FFF7C4FF6379B3
:100AC00062780133DBB29A4263710CD1E378002281
:100AD000A17803436271DBB29942E37001BF2379CD
:100AE000E27001332371BDE81040FFF79BBF38B5BA
:100AF00004468078FFF78DFF0146E078FFF789FF15
:100B00002378227965789B1A6B4359436379C91A14
:100B100000FB1510C0B238BD014608B58078FFF75C
:100B200078FF4A780B7853435843C0B208BD08B5E4
:100B3000427903462AB1FFF786FFBDE80840FFF778
:100B400071BFC07881070BD410F00100F5D19B78FC
:100B50005A0707D413F0020F0CBF01200220ECE764
:100B60000220EAE70420E8E7042806D1920102F512
:100B70003472803201FB02F07047032803D1120166
:100B800002F5E772F5E702280BBF0B320A3292003A
:100B9000D200EEE740F2EE20704740F25A3358435D
:100BA000704738B51728536814460D4693F89E20B1
:100BB0000BD80D280DD90E3809280AD8DFE800F027
:100BC0000E09090918092009093E2E2827D03628C0
:100BD0002ED04FF40F713120F0F71AF9042A05D105
:100BE0002046FFF7BDF82046F4F768FF002038BD27
:100BF000102AFBD120460021BDE83840FFF7B9BAE2
:100C00001E2AF3D12046FFF7ABF8002DEED0626824
:100C100092F8F23023F0200382F8F230E6E7352A2A
:100C2000E4D1002283F85F212046FFF799F8DDE741
:100C3000362ADBD1002283F86121F5E793F89F2063
:100C4000242AD3D10025204683F89F50FFF79BF834
:100C5000636893F84C31012B03D129462046F3F702
:100C6000BBFB6368002283F84C21BFE708B54368EB
:100C700093F89F20172A04D040F2E4413120F0F786
:100C8000C7F81B2283F89F2008BD08B5436893F876
:100C90009F20322A06D1002283F89F20BDE8084019
:100CA000FFF771B8172A03D11B2283F89F2008BDD4
:100CB00040F2F9413120F0F7ABF8037D63B9C37B13
:100CC00090F85200A3F11102032A05D928B11D2B77
:100CD0008CBF00200120704701207047037D63B95D
:100CE000837B90F85200A3F11102032A05D928B1A1
:100CF0001D2B8CBF002001207047012070474268E7
:100D000070B592F8F2300D460446084643F00403ED
:100D100082F8F230FEF7D5FE06462846FEF7CDFEF5
:100D200022463146BDE87040F7F750B838B50C465A
:100D30000546D1E90501F0F7C5FE94F85C022028CC
:100D40000BD0FBF76BFA94F85C02FAF7D1FE20B9EE
:100D500040F639013120F0F75BF80F212846F0F713
:100D6000F7FD10212846F0F7F3FD28461121BDE8D4
:100D70003840F0F7EDBDF1F753BC0022A0F89E20FB
:100D800080F8A22090F8133213B10221F2F7B4BB1D
:100D90000321FBE738B50446084694F8C83213B17E
:100DA0000C25284638BD94F89F30163B012BF7D808
:100DB00094F8EC3203F0FF05002BF1D191B194F8D7
:100DC0002E3223B940F6A1113120F0F721F8052386
:100DD00004F5887204F21E2100F0EDF9012384F875
:100DE000C832DEE70223FAE7F4F750BA70B50E46D0
:100DF00004210546F0F796FD044648B90621284629
:100E0000F0F790FD20B116B190F8BD3003B904465B
:100E1000204670BD037C0BB900207047037C012B7A
:100E2000FAD0007C073818BF0120704708B5027C53
:100E3000012AD3B204D0FFF7EDFF00F0010008BD96
:100E40001846FAE7007DA0F1FF0358425841704769
:100E50001D2310B50446C370F3F7B6FA207110BD18
:100E60001E2310B50446C370F3F7AEFA207110BD0F
:100E7000012343810023C381838170470123438081
:100E8000038000238380C3804FF44863038170474D
:100E900008B5F8F7FFFDF8F775FBF8F705F9BDE8B9
:100EA0000840F8F7DBB9C82108B5F8F793F902282C
:100EB00007D1013911F0FF01F7D1F5213B20EFF700
:100EC000A7FF431E5842584108BD07B501ABF9F7CB
:100ED000A3FB03B05DF804FB38B504461546F8F7EC
:100EE00019FC01462A462046BDE83840F8F7C6BF3F
:100EF00019B943780BB1C3788370704710B50446B5
:100F00000846F9F7AFFA4FF47A73B0FBF3F0201A02
:100F100010BD10B504460846F9F7A4FA4FF47A73E9
:100F200000F2E730023CB0FBF3F0201A10BD08B528
:100F3000FBF70EFCBDE8084000F038B8801A00F35B
:100F4000070038B50D46144659B240B2F9F762FCB5
:100F50000023287020446B7040B238BD002303602A
:100F600070477047002070474FF0FF3070474FF0D8
:100F7000FF3070477047002070474FF0FF307047D8
:100F80000020704700207047002303707047002244
:100F9000FFF7D4BF002070474FF0FF3070474FF08D
:100FA000FF3070474FF0FF30704770477047F9F7D8
:100FB0001FBDF9F747BDF9F759BDF9F79FBDF9F71F
:100FC0000BBDF9F70FBDF9F771BEF9F7C1BDF9F720
:100FD00061BE08B5F9F7FAFC002008BD70B5002421
:100FE000F9F782FF05462646E0B2854200D870BD7B
:100FF000F9F780FF0134868480F82660F4E7FAF779
:1010000027B808B50020FAF713F90120FAF710F90C
:101010000220BDE80840FAF70BB9034670B59A689C
:10102000D0E90050D1E90046521940F10000944245
:1010300076EB00020DD3087B012809D01B7B012B26
:1010400009D1641BFFF7BDFF8442B4BF002001201B
:1010500070BD0020FCE70120FAE72DE9F843B2F863
:1010600008801C4692F80090054698FA98F80F46BA
:10107000164600211022184600F084F9A4F80C80CE
:1010800084F80E90B9F1000F13D115F11C00D6E9C8
:10109000042347F10001824273EB010133BF4FF497
:1010A0007A73C4E900237368C4E90057A360BDE8FC
:1010B000F883224628463946FAF756FA73682A46D4
:1010C000A3603B46C4E9000121463069FAF7C6FA3D
:1010D0000028ECD1C4E90057E9E70020704710B5BB
:1010E000029C241841F10001A01A61EB0301B0F148
:1010F000004F71F1000304DB40F274610120FBF743
:101100002DF910BD01F11003013813F8012D8B42A8
:1011100000F8012FF9D170472DE9F04713F0010FC6
:101120008EB004460D4617469A46DDE9168913D05F
:1011300006A8FFF7E7FFA30724D002AA04F11005D1
:101140002068083454F8041C1346AC4203C31A4602
:10115000F6D106AD02AC16E013F0040F0DD106ABCC
:101160000E4601F1100C1D463068083656F8041C76
:101170001A46664503C21346F6D1214602A8FFF778
:10118000C1FFE7E706AD1AF0020F4346CDF8009025
:101190000BD0294620460AAAFBF778F90AA9384657
:1011A000FFF7B0FF0EB0BDE8F0873A46294620466B
:1011B000FBF76CF9F6E713B50024CDE90044FFF71F
:1011C000ABFF02B010BDFBF777BA002070470020DC
:1011D0007047002070470020704720BF704720BF35
:1011E00070479142F8B503D373219620FBF7B6F808
:1011F000B2FA82F33BB1C3F1200499409A4020FA3D
:1012000004F4984021434FEA124C93B2040C87B285
:10121000B1FBFCF50CFB151E05FB03F64FEA0E4E69
:101220000EEB1040864205D9361A96428CBF022634
:101230000126AD1B04EB0141280405FB1211B1FB93
:10124000FCF40CFB1411634307EB01418B4205D9FD
:101250005B1A93428CBF02220122A41A2043F8BDDC
:101260002DE9F0411D4607460E46144652EA050395
:1012700003D1CA219620FBF771F885B9914204D2B7
:10128000FFF7AFFF2946BDE8F08108462946FFF782
:10129000A8FF05462246384604FB1561F0E7B5FA7B
:1012A00085F8B8F11F0F01DDE721E3E701234008CE
:1012B00003FA08F3C8F11F0840EAC670A3FB021244
:1012C000710803FB0522FFF78CFF30FA08F04FF09E
:1012D000000102D0013861EB010100FB05F3A0FB26
:1012E000042C04FB0133BF1A634466EB0306A742D8
:1012F00076EB0503C7D3013041F10001C3E7431A80
:10130000934200EB020310B508D3013902469A421A
:1013100007D011F8014F02F8014BF8E70A448A425E
:1013200000D110BD12F8014D03F8014DF7E7F0B5FB
:1013300081EA00040346A5070BD0013B0A44914211
:101340001BD1F0BD002AFCD011F8014B013A03F883
:10135000014B9C07F6D122F003041D1F96080F19BC
:10136000B94205D16FF00305234405FB0622E4E7EB
:1013700051F804CB45F804CFF2E711F8014B03F81C
:10138000014FDCE770B5C9B20446A30711D141EAA9
:101390000123960843EA034522F0030323449C42B9
:1013A0000DD16FF0030404FB06221A44934209D1C5
:1013B00070BD002AFCD0013A04F8011BE5E744F8AF
:1013C000045BECE703F8011BF0E700280CBF6FF0AB
:1013D000150000207047002070470723037000208D
:1013E00070470020704700207047034611F8012B1A
:1013F00003F8012B002AF9D17047034613F8012B9B
:10140000002AFBD1181A013870472DE9F0478646AB
:101410008C460846089E154674461946002B40F037
:10142000C1808542B2FA82F245D94AB1C2F12003A5
:1014300000FA02FC954094402EFA03F343EA0C0CA8
:101440004FEA154EA8B2230CBCFBFEF80EFB18CCDD
:1014500008FB00F943EA0C43994528D9EB1808F139
:10146000FF3704D2994502D9A8F102072B44A3EB18
:101470000903A4B2B3FBFEFC0EFB1C330CFB00F013
:1014800044EA0344A04214D92C190CF1FF3304D2CE
:10149000A04202D9ACF102032C44241A43EA0740CB
:1014A0001EB1D440002334607360BDE8F087474626
:1014B000DDE76346F1E792BB431B01214FEA154E7E
:1014C000AFB2200CB3FBFEFC0EFB1C330CFB07F889
:1014D00040EA0343984561D9EB180CF1FF3004D280
:1014E000984502D9ACF102002B44A3EB0803A4B247
:1014F000B3FBFEFC0EFB1C330CFB07F744EA034472
:10150000A7424DD92C190CF1FF3304D2A74202D9BE
:10151000ACF102032C44E41B43EA0040C0E7C2F1F3
:1015200020039540944020FA03F12EFA03F34FEA8A
:10153000154E9040AFB20343B1FBFEFC0EFB1C10F6
:10154000190C0CFB07F841EA0041884522D96918BB
:101550000CF1FF3004D2884502D9ACF102002944D5
:10156000A1EB08019BB2B1FBFEFC0EFB1C110CFBB6
:1015700007F743EA01439F420ED9EB180CF1FF3104
:1015800004D29F4202D9ACF102012B44DB1B41EA99
:10159000004193E76046E3E76146F7E76046A4E76A
:1015A0006346B8E7834206D916B9002108467CE7AE
:1015B000C6E900E0F9E7B3FA83F78FB9834201D3B4
:1015C000724508D8BEEB020460EB030301209C4681
:1015D0001EB9002169E73846FAE7C6E9004CF8E78A
:1015E000C7F1200CBB400EFA07F522FA0CF42EFAD4
:1015F0000CF1BA401C4320FA0CF3B8404FEA1449EE
:1016000001431FFA84FEB3FBF9F809FB18300B0CF9
:1016100008FB0EFA43EA00439A4540D9E31808F163
:10162000FF3004D29A4502D9A8F102002344A3EB6B
:101630000A0389B2B3FBF9F809FB183308FB0EFE65
:1016400041EA03418E452CD9611808F1FF3304D2D9
:101650008E4502D9A8F10203214443EA0040A1EBE0
:101660000E01A0FB02984145CE46434602D306D167
:101670004D4504D20138B9EB020E68EB0403002E8D
:10168000A7D0B5EB0E0261EB030101FA0CFC22FAC4
:1016900007F3F9404CEA0303C6E9003199E74046F5
:1016A000C5E74346D9E700002DE9F04F0026324F49
:1016B000DFF8C880DFF8C8B0DFF8C8A0DFF8C8904E
:1016C00091B0F3B25A1C00257A718DF82D304FF489
:1016D000007220232946CDE90C230BA84246CDE910
:1016E0000E358DF82C508DF82E5005F071FC044607
:1016F00078B1264BCDE90360CDE9015301222B4699
:1017000028462149009511F012FC204611B0BDE891
:10171000F08F40F20923ADF81C3041F2FF33009006
:10172000ADF824300222034607A9D8F80000CDF80E
:1017300020B00A9712F080FD04460028E5D1ADF8EC
:1017400018008DF81A0006A958F8040B05F06EFC75
:1017500004460028D9D1751C034603224946CDE929
:101760000365CDE9010A009011F0E1FB142D07F1AA
:101770001307CAD02E46A4E7E4070020B85B002078
:10178000BE8C0200C18C02003C6B0200A08C0200E7
:1017900084B030B58DB011AC1328054684E80E0036
:1017A0003FD813222346214902FB001215A853F803
:1017B000044B834242F8044BF9D11888002410806E
:1017C0009B781B48937040F20923ADF81830194BF1
:1017D0000094079341F2FF33ADF8203005EBC503C9
:1017E00005EB4303194440F20323ADF8283041F6DA
:1017F0000D03ADF8143005AB09910B93032223467A
:1018000050F8250006A912F017FD50B10A4B01222D
:10181000CDE901432046234608490395009411F081
:1018200086FB0DB0BDE8304004B07047E4070020EF
:10183000B85B0020BE8C0200E78C02003C6B02000B
:101840002DE9F341104D00242F464FF0130808FBFB
:1018500004F2E6B2731C6B71BB18D86801340090B7
:10186000188A997CADF804008DF80610B9583046F6
:101870005A689B68FFF78CFF142C05F11305E6D11D
:1018800002B0BDE8F08100BFE407002030B50025BC
:101890001E4B85B0032228461D490293CDE9005511
:1018A0002B4611F044FB284604F0E4FA0446F0B954
:1018B000184B0322CDE9010315490346009011F0AE
:1018C00036FBFFF7F1FE50B1134B0390CDE9014316
:1018D0000122234620460E49009411F028FBFFF711
:1018E000AFFF002147F612200FF014F9F9E70B4B78
:1018F0000390CDE9015328462B4601220449009567
:1019000011F015FB204605B030BD00BF0F8D020061
:101910003C6B02005F8D0200758D0200408D02005D
:10192000F8B50F4600293BD006680122304611F079
:1019300045FB01460446304611F008FBC3070DD4B1
:10194000AF23184A1849194811F01CFD39461848A8
:1019500011F018FDAF21134811F00BFD2146304660
:1019600011F00AFB251829460022304611F0EEFA44
:101970002D1AAC420BD0B7230A4A0E490B4811F07E
:1019800001FD39460C4811F0FDFCB721E3E7214683
:10199000304611F0F7FA2146BDE8F84011F033BCAB
:1019A000F8BD00BFAB8D0200CE8D0200DF8D0200BE
:1019B000FC8D0200348E02005A8E02002DE9F8439D
:1019C0000F4606681446B2684B1EB2F5004F34BF8E
:1019D000042108213B4010D0C7F1000909EA07099A
:1019E000494503F1FF3028BF494618420CD11F4634
:1019F000DCB900252846BDE8F8838F4213D821467C
:101A0000BDE8F84311F041BC2E494FF4A2732E4AB1
:101A10002E4811F0B7FC2E4811F0B4FC4FF4A2711F
:101A2000294811F0A6FC9946E2E7B2EBD40FE0D9C1
:101A3000E319591A104611F0CBFA0146304611F05D
:101A400021FB80460028D4D0B36809EBC005B3F56C
:101A5000004F34BF042308231D4435447B1E1D441E
:101A6000B5FBF7F57D43A5EB09052946304611F096
:101A7000A5FA2C44073424F00704A41B804507462C
:101A80004FEAE40408D202464146304611F034FBE6
:101A90004146304611F075FB3946304611F06CFA7C
:101AA0003844844208D239463046224611F024FB9D
:101AB0002146304611F065FB01223946304611F0CF
:101AC00061FA97E7968E0200AB8D0200DF8D02006F
:101AD000B18E0200B2F5802F2DE9F04110D2042A18
:101AE00028D843494FF4F973424A434811F04AFC5D
:101AF000424811F047FC4FF4F9713E4811F039FCAF
:101B00000823D21ACC1D114424F0070421F0070148
:101B1000091B17294FEAD1060ED8394940F2FB13A9
:101B2000344A354811F02EFC344811F02BFC40F2B9
:101B3000FB11E2E70423E4E7002704603146304666
:101B4000A660E76011F04DFA0121421D8046304643
:101B500011F03EFA9200D51DED082844B0423AD863
:101B6000B8F1FF3F3946A2F1100204F11000B8BFEE
:101B70003A4614F07EFA2A463946204611F01AFAFF
:101B80003B463A463946204611F0EBF9A6EB0508EC
:101B900020463946012211F0F5F94246294611F056
:101BA00009FA2B463A462946204611F0DAF9314621
:101BB000204611F0FFF943463A463146204611F0DF
:101BC000D0F931462046012211F0DCF92946BDE862
:101BD000F04111F0D6BA0B494FF40373054A064899
:101BE00011F0D0FB054811F0CDFB4FF4037184E7F1
:101BF000CE8E0200AB8D0200DF8D0200EF8E020060
:101C0000088F0200318F02002DE9F04F91B0009350
:101C100002F004030293C2F3C203013384070546B2
:101C20000E46DDF868800392059340F0F681041DAE
:101C300030B1072909D86FF01B0011B0BDE8F08F53
:101C400001F00706341DC6F108064FF000094FF0F9
:101C5000040B009B4F46013B01934FF0FF324B4674
:101C6000DA46CDF810900DB1009921600598002852
:101C700000F3D78098480099814203D39748814266
:101C8000C0F0CF800399A4EB050E89074FEA9E00B0
:101C900040F1E2804FF0000CCCE07A285AD84B2873
:101CA0000CD8472856D829282AD8252851D051D8C9
:101CB000202877D023384342434173E04C382E2804
:101CC00048D8DFE800F06F4747474747474747474F
:101CD000474749474747474747474759474949596A
:101CE00059596F496C476F471849184747807D49D4
:101CF000474749477D00002000234FF0040B39E09F
:101D000001212A38C0B201FA00F010EA0E0F49D1C1
:101D100010F0625C30D110EA010343D06046013C10
:101D20005C44B4FBFBF40BFB04F4002D60D0AAEB85
:101D3000050CA444B4453FF67EAF00286AD1BAF141
:101D4000040F45D158F8040B20604FF0040A043406
:101D500028E0013A002325E0019B13F8013C6C2B9D
:101D600033D10020019B13F8023C6C2B0346C4D1F5
:101D70004FF0080BDA46D2E708F1070828F0070809
:101D8000073424F00704F8E802AB35B10698204484
:101D9000B0423FF650AFC4E900AB002308344FF027
:101DA000080BDA46019911F8010F0191002800F0A3
:101DB000BC80002B7FF471AF2528F3D101230132C1
:101DC0004FF0040BEDE7184696E700200346A6E720
:101DD000BAF1080F40F09B8008F1070828F00708C7
:101DE000F8E80201C4E900014FF0080A0834D9E715
:101DF00080B9BAF1040F02D108F10408A5E7BAF1DD
:101E0000080F40F0848008F1070828F0070808F15F
:101E10000808E9E705990139059158F8041B009174
:101E200021E7039988074AD54FF0010CA4EB050E72
:101E30004FEA9E00BEF5007F1ED329494FF41F7361
:101E4000284A294811F09EFA284811F09BFA4FF4CD
:101E50001F71244811F08DFA0F2F0FD8002D49D093
:101E600007F140010DEB010C0CF8200C0CF8102CC4
:101E700004980130049021E00F2F0CD9184940F24A
:101E80008123184A184811F07DFA194811F07AFA9E
:101E900040F28121DDE7CDB107F140010DEB010EEC
:101EA000C0B20EF8200C0EF8102CBCF1000FDFD0E1
:101EB00060F07F000EF8200C09F101090137C5F12F
:101EC00008014FF6DA7E043406916BE7BCF1000F8F
:101ED00010D00136F2E700BFA8600200DCCF02009C
:101EE00043CE02005C8F0200DF8D02008A8F020069
:101EF000AB8F0200029802360028DFD10098CDE9AE
:101F00000632FFF77AFADDE906320644D6E740F2F8
:101F1000C623434A4349444811F034FA51464348E2
:101F200011F030FA40F2C62193E7631BB3F5806FDE
:101F30000CD33C4940F2D223394A3B4811F022FAF3
:101F40003B4811F01FFA40F2D22182E71DB9A6F1F9
:101F50000804E01871E6029A9B0828602B709DF82F
:101F60001030C2B1EB7085F80290B9F1000F05D0C6
:101F7000002208A8C5F1010C97420ED14FF0000ACB
:101F8000C5F101030DF1200801930DF1300B574508
:101F900012D1601B51E66B70E5E710F8013B1906A2
:101FA00008D504EB0C0EB64503F07F033FF643AEB5
:101FB00004F8013B0132DFE7B9F1000F03D098F9D3
:101FC0000020002A17DB029BD3B11AF80B2004F87B
:101FD000012B0022019B98182044B0423FF62BAE03
:101FE00098F80000009904F8010B2046039214F0C1
:101FF00033F8039A14440AF1010A08F10108C6E70C
:1020000098F8002055F822300093029B009845F87C
:102010002230FFF7F2F9421CDCE76FF00D000CE60E
:102020005C8F020043CE0200DF8D0200C58F0200EC
:10203000DA8F0200014B1860704700BF980500203E
:1020400080B505460E46174698460EF09DFD0346A0
:1020500014F020F80446DFF81890424649F80030A2
:1020600039463046A84754F8090001F06DFB00BF1F
:10207000080000002DE9F84F0446A38B0846190715
:10208000154612D4022803F0070165D1204611F04D
:1020900086F988B10138042800F23781DFE810F0B2
:1020A0005C0035018200D400040101280CBF43F01C
:1020B000100143F02001A183143420460EF088FF64
:1020C000002840F09D819A4940F23113994A9A487C
:1020D00011F058F92146B1E003F00702501F012822
:1020E0001ED80020062A2768C4E9000014D13A4609
:1020F00003E0E08B0130E0831268002AF9D123F07D
:10210000070343F002022046A28311F048F990B37E
:1021100042F02002A2832EE023F007039AB2F2E7F6
:10212000042A33D123F007039AB22046A28311F088
:1021300036F910B142F02002A283A38B03F0070905
:10214000894540F0EC80A18BCA0640F1508121F016
:102150001003A38301F00701D4F81880A38BB8F112
:10216000000FB9DA0022276823F00703C4E9002230
:1021700043F00103A383A38B03F00709894540F0D3
:10218000CF80002FDFD00026B24644E06B4940F2FA
:102190001B136B4A684811F0F5F840F21B116848B0
:1021A00011F0E7F849B167494FF4AB73644A6248EC
:1021B00011F0E8F84FF4AB71F1E723684BB96249CD
:1021C00040F257135E4A5C4811F0DCF840F25711B8
:1021D000E5E723691E684EB95C494FF4AD73584A70
:1021E000554811F0CFF84FF4AD71D8E70F46884647
:1021F0004FF00609A38B23F0070343F006039BB2BD
:10220000A383A268002A40F08D80002F40F08D80CB
:10221000002E98D0BA4643F0080304F1140B584638
:10222000A3830EF0D5FE002840F09A80404940F28A
:102230003113404A404811F0A5F85946444811F07E
:10224000A1F840F23111ADE0022909D0414940F234
:102250005D133B4A384811F095F840F25D119EE756
:10226000E78B4FB13C494FF4AF73354A324811F018
:1022700089F84FF4AF7192E723695E684EB933492C
:1022800040F261132E4A2C4811F07CF840F26111A3
:1022900085E7A38BB84623F0070343F004039BB202
:1022A0004FF00409A383ACE7012909D02B494FF46F
:1022B000B273234A204811F065F84FF4B2716EE70B
:1022C00023684BB9204940F265131D4A1A4811F0A2
:1022D00059F840F2651162E723699E684EB91B49BF
:1022E0004FF4B473164A144811F04CF84FF4B4711B
:1022F00055E70027A38BB84623F0070343F00503F7
:102300009BB24FF00509A3837BE70C4940F26B13A6
:102310000B4A094811F036F840F26B113FE70027ED
:1023200000266EE74FF0010A75E7924673E700BF9B
:10233000D5900200A8900200DF8D020043CE02007B
:102340000290020027900200339002005690020093
:10235000EC9002006D9002008390020092900200C7
:1023600085F31188BFF36F8FBAF1000F1CD177BBD3
:1023700016B120462549B047EFF31185402383F37A
:102380001288BFF36F8F58460EF014FE38BB8823B7
:102390001F4A2049204810F0F5FF59461F4810F009
:1023A000F1FF88211A48FBE6A1680029DFD00D68FB
:1023B0000029DCD043464A462046D1F804A0D04745
:1023C0001DB12B6829461D46F2E72B46FAE7394630
:1023D00043464A4620463F6811F00DF8C7E7584685
:1023E0000EF00CFEA38B23F00803A383ABE68B0651
:1023F0007FF562AE21F02003A38301F0070145E6DB
:1024000085F31188BFF36F8FBDE8F88F2124010099
:10241000A890020001910200DF8D020016910200D7
:10242000F8B504460D4600F11406EFF3118740237A
:1024300083F31288BFF36F8F30460EF0BBFD68B98F
:1024400088230C4A0C490D4810F09CFF31460C487B
:1024500010F098FF8821074810F08BFF30460EF0EF
:10246000CDFDA5613A462046BDE8F8400121FFF7C1
:1024700001BE00BFA890020001910200DF8D0200A2
:10248000169102002DE9F04704460F4610F0A3FF15
:10249000051E68DB04F11409EFF3118A402383F36E
:1024A0001288BFF36F8F48460EF084FD804660B9F6
:1024B0008823384A3849394810F064FF494638487B
:1024C00010F060FF8821334842E048460EF096FD48
:1024D0004FF6FF72E38BA68B934206F0070645D0BA
:1024E000022E15D135460133E38348460EF070FDC8
:1024F000002841D140F23113264A2A49274810F0DA
:1025000041FF4946284810F03DFF40F23111DAE71B
:10251000062E13D8DFE806F0092D1212090409006F
:102520006FF085054FF00008DFE700233B6063682C
:1025300083B9C4E9007786B13546F3E71B491748EC
:102540004FF4E4731A4A10F01DFF4FF4E471184879
:1025500010F00FFF1F606760EDE752460221204632
:10256000FFF788FD35462846BDE8F0876FF00A057D
:10257000D8E76FF00405D5E78AF31188BFF36F8FB2
:10258000B8F1000FEFD0002332463946204610F054
:1025900032FFE8E7A890020001910200DF8D0200FF
:1025A00016910200D5900200EC9002009290020079
:1025B0000290020008B54268034602F00302022AB4
:1025C00081600AD0032A4FF0000103D0012A0AD10A
:1025D000596006E01868596008BD186800225A6002
:1025E00058B90020F8E7064906484523064A10F086
:1025F000C9FE4521044810F0BCFE0FF021F8F0E7B9
:1026000043CE0200DF8D02002C9102002DE9F84F2D
:10261000DFF8FCA03F4F8146AAEB07038F2B8846CB
:102620000BD93D4940F23F133C4A3D4810F0AAFE09
:1026300040F23F11394810F09CFE3A4810F01DFF5F
:102640000646002834D13C4605464FF0010B544560
:1026500027D935494FF4A673304A314810F092FE1D
:10266000324810F08FFE4FF4A671E3E7237B6BB185
:102670002368DB680BB12046984723681B6943B980
:10268000636804222046196800F00AF90136103404
:10269000DDE7204698470028F2D00BFA06F31D43E9
:1026A000F4E7E3D3B9F1000F02D04FF0010A0DB9FE
:1026B000BDE8F88FA94695FAA5F4B4FA84F40AFAAD
:1026C00004F3260107EB04146FEA030B25EA030564
:1026D000237B5BB1BB591B69A3B93E4473680422D9
:1026E0002046196809EA0B0900F0DAF8002DE2D15A
:1026F000B8F1000F04D040F2391000210EF00AFAB0
:102700004D46D4E7204698470028EFD1E5E700BFC3
:102710008C6B02007C6B02007F91020052910200E0
:10272000DF8D0200105C0020AF910200D09102000A
:10273000014B53F820007047A872020008B5034609
:1027400008462BB1044A136000F004FB002008BDCA
:102750006FF01500FBE700BF9C0500200023054A31
:1027600005491370054A06481360064A1360FFF7CF
:10277000E5BF00BF6065002040420F00085C0020FC
:10278000773402000C5C002070B5134D297809BB2A
:102790000120FFF73BFF114C114EB44217D91149EC
:1027A0004FF4DC73104A114810F0ECFD104810F0A3
:1027B000E9FD4FF4DC710C4810F0DBFD63685B79D8
:1027C0001BB1236820469B6898471034E5E7F5D392
:1027D00001232B7070BD00BF606500207C6B020080
:1027E0008C6B0200AF91020052910200DF8D02005B
:1027F000D091020010B50446064810F03EFE3CB1F0
:10280000054BD3E8EF1F0139C3E8E21F002AF8D1D6
:1028100010BD00BF085C00200C5C002070B5124B9E
:1028200005461B689847114C114EA860B44218D950
:10283000104940F2F313104A104810F0A3FD10485D
:1028400010F0A0FD40F2F3110B4810F092FD636808
:102850005B7923B12368294620461B6898471034CA
:10286000E4E7F4D370BD00BF9C0500207C6B020040
:102870008C6B0200AF91020052910200DF8D0200CA
:10288000D0910200044A054B9B1AB1EBD30F34BF21
:1028900052F83100002070479C6A02007C6B0200F5
:1028A0000E4B10B5C31A1B110133DBB248B90C49EA
:1028B0000C48DF230C4A10F065FDDF210A4810F0B8
:1028C00058FD4468237143689A7101224368196076
:1028D00043685A71BDE8104010F0EDBD7C6B0200FA
:1028E00073920200DF8D02003B9202002DE9F04F4F
:1028F00087B004AF0446D7E90EA90E469346984622
:102900003D6BBAF1000F2BD0C7F80490CDF80090C2
:102910001021534600207A6BFFF776F9011E0BDA7F
:10292000284940F26513284A284810F02BFD40F250
:102930006511254810F01DFDB1F5006F11DB40F267
:10294000FF730393224B022202930023214918466E
:10295000CDE9003310F0CBFD0C37BD46BDE8F08F5C
:10296000514604F007040BF0070BE40044EA8B1413
:1029700044EA412444EA055417350D4425F007057F
:10298000ADEB050D04ADBAF1000F13D0CDF80090FA
:1029900053467A6B05F11000FFF736F9002809DA83
:1029A000084940F28513084A084810F0EBFC40F251
:1029B0008511BEE7434622463146284610F07EFD8B
:1029C000CAE700BFBF92020093920200DF8D0200AF
:1029D000C9920200246B0200406820B1034BC01A68
:1029E00040F3CF0070474FF0FF3070479C6A020001
:1029F0000EB403B503AB53F8042B0146044801930E
:102A000001F0A0FA02B05DF804EB03B0704700BF1C
:102A10002B350200CA0605D48B064CBF0249034978
:102A2000FFF7E6BF704700BFD49D0200019302008C
:102A30002DE9F04F87B09DF8446004460D4690465E
:102A40009946002E00F0B180042E0BD9A94940F21E
:102A50004D23A94AA94810F095FC40F24D21A64803
:102A600010F087FC159B03F0020A03F001030493A6
:102A7000159B03F0080B03F48073059310F01CFD05
:102A8000024600283ED020469D49FFF7B1FF074689
:102A9000BAF1000F09D0159B13F0440F34D12A4628
:102AA00020469849FFF7A4FF0744049B53B1964B77
:102AB000204653F82620954B9549002A08BF1A4610
:102AC000FFF796FF059B002B4AD0BBF1000F65D1A5
:102AD000B8F1000F67D0424620468E49FFF788FFC5
:102AE0000546129B3D44002B6ED1149B002B40F0F9
:102AF0008380159BDB0700F1F78020461599FFF7CF
:102B000089FFE4E00746C3E7834B18680028CBD071
:102B1000824B4FF47A7A1B684FF46161B5FBF3F591
:102B2000B5FBF0F300FB13550AFB05F5B3FBF1F21F
:102B3000B5FBF0FE4FF03C0C01FB123100FB1E55C3
:102B4000B1FBFCF30AFB05F5B5FBF0F50CFB13112B
:102B500020460091CDE901E57149FFF749FFA3E760
:102B6000BBF1000F1DD06F4B204653F826206E4955
:102B7000FFF73EFF0546B8F1000F05D0424620465C
:102B80006449FFF735FF0544B9F1000FA9D04A4663
:102B900020466649FFF72CFF0544A2E74FF00009E5
:102BA000E1E75D46E7E745469BE7B9F1010F129B78
:102BB00006D1DBB9149B002B00F0898000251BE0B7
:102BC000002BF7D05A4812E05A482246129B5A4925
:102BD00010F08DFB00280CDA584940F2A723464A32
:102BE000464810F0CFFB40F2A72138E75148354660
:102BF000EBE7149B002B67D0DFF84481DFF84491AA
:102C0000149F2046102F159928BF10274FF0000B56
:102C1000FFF700FF5D4544DC139B494620461A78C8
:102C2000FFF7E6FE4FF0010B1BF0070F03D1414603
:102C30002046FFF7DDFE5F453AD9139B4946204603
:102C400013F80B20FFF7D4FE0BF1010BBBF1100FB3
:102C5000EAD14FF0000A20463B49FFF7C9FE524631
:102C6000DFF8E8B0139B20469A5CA2F120015F29AF
:102C700028BF2E225946FFF7BBFE0AF1010ABAF11E
:102C8000100F1AD01AF0070F03D141462046FFF764
:102C9000AFFE57455246E5D841462046FFF7A8FE0D
:102CA000EBE741462046FFF7A3FE0BF1010BB1E72E
:102CB00020462749FFF79CFEC6E7139B3B4413932E
:102CC000149BDB1B14939BD1002E7FF412AF626820
:102CD000A168D2E90023206810F019FC0022636883
:102CE0001A6007B0BDE8F08F2046084A0849FFF790
:102CF0007FFE02E73893020009930200DF8D020095
:102D00004493020048930200B87202000493020048
:102D100066A302006D930200185C0020145C002082
:102D200051930200CC72020071930200779302006B
:102D3000473502002B350200453F01007C9302001D
:102D40008D930200859302008F93020091930200FD
:102D50008B93020000210123064A904206D8064ABE
:102D600001B901231360054B186070470121400829
:102D70005B00F2E740420F00145C0020185C00206A
:102D8000F8B50D460446064F4618B44201D1284610
:102D9000F8BD14F8011BBB6801485B689847F4E76D
:102DA000C861020010B543681C68094812F017FD9D
:102DB00048B9084908489923084A10F0E3FA9921CC
:102DC000064810F0D6FA23685B685C6010BD00BF4F
:102DD000C8610200F2930200DF8D0200B49302008A
:102DE000014B0360002070471473020008B50448CB
:102DF00010F0B2FABDE80840024810F0ADBA00BFCA
:102E0000269402005B9402000449431E0F3013F81D
:102E1000012F8A5C83421A70F9D1704789940200AD
:102E2000F0B50746264E8DB001AD0C460FCE0FC54E
:102E30000FCE0FC596E8070085E807003846002F3B
:102E400039D0002C39D0381F0246214610344B7837
:102E50000D781B0443EA0563CD7804312B4311F848
:102E6000025C8C4243EA052342F8043FEFD104217F
:102E7000144C8A07036916D1C3F30742A55C1A0EE6
:102E8000A25C42EA0562C3F30725655DDBB2E35C41
:102E900042EA054242EA032221F0030330336B4445
:102EA00053F82C3C534050F8042F013153402C2947
:102EB0000361DED101200DB0F0BD2046FBE700BF6D
:102EC000D06B02008994020070B506460D4686B0AC
:102ED000002938D000248B68012205934B682046D6
:102EE00004930B6823490393234BCDE900440293D9
:102EF000234610F0C4FD6B69012205932B6920461F
:102F00000493EB681B4903931C4B0094CDE90143E8
:102F1000234610F0B4FDEB6901220393184B2046C1
:102F2000CDE9014313492346009410F0A8FDAB6995
:102F300001220393134B2046CDE901430D4923465B
:102F4000009410F09CFD012E0DD1EFF30583103B92
:102F500003930D4B32460293002306491846CDE9F0
:102F6000003310F08CFD2946304606B0BDE87040B5
:102F70000AF0D4BF646B020089950200B895020084
:102F8000E7950200F69502002496020030BFFFF795
:102F9000FDBF00BF2DE9F04105460B4EDFF82C8048
:102FA000324606EB0807CC1B2046094913F054F8BB
:102FB000A01942460021083C13F05BF8C5F8B84060
:102FC00007F10800BDE8F0810000000004000000E7
:102FD000D06B0200074A936893F90E10002907DBB3
:102FE000526993421FBF044A536843F080535360B1
:102FF000704700BFF45E002000ED00E0F0B5002453
:103000004B4B85B00293074623460E4601222046CD
:10301000CDE90044474910F04DFD474B9B6ADD0662
:1030200074D5464B2046CDE9014301222346414950
:10303000009410F03FFD11203F4B9B6A1C070AD5FE
:103040003F4B0122029300233A491846CDE9003351
:1030500010F030FD1220384DAB6A99071FD50024BF
:10306000384B0122029320462346CDE900443149E2
:1030700010F020FD6B6BAA6A12060FD50393324B3A
:103080000122CDE90143204623462A49009410F04D
:1030900011FD1FB1AB6A23F08003AB621320264BF6
:1030A0009B6ADB070AD5294B0122029300232149A1
:1030B0001846CDE9003310F0FDFC14201E4B9B6A2E
:1030C0009F060AD5224B0122029300231949184674
:1030D000CDE9003310F0EEFC1520174B9A6AD506A7
:1030E00002D49A6A940713D59B6AD90610D5194958
:1030F00040F26313184A194810F044F9184810F0C8
:1031000041F940F26311144810F033F9102093E7AD
:10311000094B9A6A920642BF5A6A22F400525A62D6
:103120009A6A42F0FF029A620023337005B0F0BD44
:1031300037960200646B020000ED00E04D9602003D
:103140008096020093960200AB960200C1960200A0
:10315000E0960200419702000F970200DF8D020007
:103160008B970200F0B50024434B85B002930746CD
:1031700023460E4601222046CDE900443F4910F087
:1031800099FC3F4B9B6ADB0465D53E4B2046CDE95D
:103190000143012223463949009410F08BFC17208B
:1031A000374B9B6A1D050AD5374B0122029300233A
:1031B00032491846CDE9003310F07CFC1820304D20
:1031C000AB6A9C051FD50024304B01222046029398
:1031D000CDE900442346294910F06CFCAB6BAA6A88
:1031E00010040FD503932A4B0122CDE90143204659
:1031F00023462249009410F05DFC1FB1AB6A23F412
:103200000043AB6219201E4B9B6A59050AD5214B1E
:1032100001220293002319491846CDE9003310F02A
:1032200049FC1A20164A936A13F4807315D01A4B7E
:1032300001220293002311491846CDE9003310F012
:1032400039FC1B200E4A936A43F47F4393620023A8
:10325000337005B0F0BD1620A2E7926A9204F1D552
:103260000E4A1846CDE9013204490122009310F0BC
:1032700021FC1C20E6E700BFEF970200646B020010
:1032800000ED00E00598020080960200169802000A
:103290002F980200449802005F980200E096020016
:1032A0001FB500243E4B3F4902930122234620468E
:1032B000CDE9004410F0FEFB3B4B9B6A99016DD5B4
:1032C0003A4B2046CDE9014301222346354900947B
:1032D00010F0F0FB1E20344B9B6ADA010AD5344B08
:1032E0000122029300232F491846CDE9003310F044
:1032F000E1FB1F202C4B9B6ADB020AD52D4B0122E0
:103300000293002327491846CDE9003310F0D2FB81
:103310000220254B9B6A1C030AD5274B01220293EE
:10332000002320491846CDE9003310F0C3FB2120CB
:103330001D4B9B6A59030AD5204B0122029300239F
:1033400018491846CDE9003310F0B4FB2220164B83
:103350009B6A9A030AD51A4B012202930023114952
:103360001846CDE9003310F0A5FB23200E4B9B6AD5
:10337000DB030AD5134B01220293002309491846A7
:10338000CDE9003310F096FB2420074A936A6FEAD8
:1033900003436FEA1343936204B010BD1D209AE704
:1033A00077980200646B020000ED00E08F98020045
:1033B000A2980200BC980200E6980200049902005C
:1033C00029990200439902002DE9F041884B0446F7
:1033D000586890B00023C0F3080683F31188BFF348
:1033E0006F8F02F07F45B5F17F4F0CD102F00C05D5
:1033F000082D17D17F4A1846CDE901327E490122B6
:10340000009310F057FB7D494FF48B637C4A7D4855
:103410000FF0B8FF7C480FF0B5FF4FF48B61784890
:103420000FF0A7FF120746BF0C461D460125002CD2
:10343000E9D04FF00008F31E8DF81F80092B00F231
:10344000BE80DFE803F005B2B695BCBCBCBCBCBA1C
:103450006E4B0122CDE90183002367491846644F72
:10346000CDF8008010F026FB8DF81F80FE6A16F064
:10347000020605D0664BCDE90183CDF8008006E059
:10348000FB6A002B0BDA634B0096CDE90163002346
:1034900001221846584910F00DFB002230E0FB6A6B
:1034A0005B0075D55C4B0122CDE9016330463346A4
:1034B0005149009610F0FEFA7B69A26943F48073CB
:1034C0007B61BFF34F8FBFF36F8F7B6932F8022CA4
:1034D00023F480737B61BFF34F8FBFF36F8F4DF683
:1034E00002739A422CD12368012203934B4B30463E
:1034F000CDE9016340493346009610F0DBFA2268BB
:103500009DF81F30CBB908AE04F120073346206880
:103510006168083403C3BC421E46F7D10F9B002DDF
:1035200061D0C3F3080121B96FEA53236FEA432343
:103530000F93104608A9FFF7C7FC10B0BDE8F08153
:10354000BB6ADBB233B101200DF11F01FFF756FD5D
:103550000246D5E7BB6A13F47F4F05D001200DF179
:103560001F01FFF7FFFDF3E7BB6AB3F5803F02D30E
:10357000FFF796FEECE72A4940F22A33204A214819
:103580000FF000FF27480FF0FDFE40F22A3146E71A
:10359000234940F22E331A4A1A480FF0F3FE22480C
:1035A0000FF0F0FE40F22E3139E700200DF11F013F
:1035B000CCE700200DF11F01D3E71C4B5BE71C4A51
:1035C00010F4F87F1B4B18BF1346103ECDE90336AD
:1035D000194B01220293002307491846CDE9003315
:1035E00010F068FA59E723F4FF7323F001039FE713
:1035F00000ED00E09C990200646B0200C799020094
:103600000F970200DF8D0200DA990200189A02007B
:103610002F9A0200509A02005E9A02007D9A0200E0
:1036200043CE0200999A0200BD9A0200ED9A020070
:10363000839902006E990200119B0200064B5A69A1
:1036400042F010025A615A6942F480625A615A6922
:1036500022F008025A61704700ED00E0EFF30880A5
:10366000EFF3098101B57246FFF7AEFE01BD00BF61
:10367000002015490870002080F31488BFF36F8F75
:10368000002080F30A8880F30B8809F00FFB0020EC
:103690000E490860BFF34F8F0D4880F3088800F093
:1036A0002DF8402080F311880A484FF4006140183B
:1036B00080F30988EFF314800221084380F3148813
:1036C000BFF36F8F00F01AF9F566002094ED00E06B
:1036D00008860020C8740020002318460649D1F847
:1036E0009020C2F30722934200DB7047C1F8983064
:1036F000C1F8A0000133F6E700ED00E010B572B6A6
:10370000002484F31388FFF7E7FF23464FF0FF30D0
:103710000C4A03F120010133102B42F82100F8D1AB
:1037200000234FF0FF30074A03F160010133102BF3
:1037300042F82100F8D162B6BFF34F8FBFF36F8F0D
:1037400010BD00BF00E100E0084B9B6883420BD135
:10375000EFF3058343B1064B5A6842F080525A603A
:103760005A6A22F400425A620DF014BAF45E002044
:1037700000ED00E06FF00A01094A9368C3F8C01039
:103780000849C3F8BC004B6843F080534B600023EA
:1037900083F31188BFF36F8F9368D3F8C00070472D
:1037A000F45E002000ED00E0EFF31183402383F38B
:1037B0001288BFF36F8F4FF00061094A536993601D
:1037C000084A5160D3F8B810074A11600021D3F8B5
:1037D000BC20C3F8BC1082F31188BFF36F8F704711
:1037E000F45E002000ED00E0485C00200E498A688D
:1037F0004FF030001044EFF3098C80E8F01F74465E
:103800007046FFF7D1FFA64607498A6802F13000EB
:1038100090E8F01F8CF3098802F1000004B510F065
:103820005DF9BDE804407047F45E00201EF0040F0F
:103830000CBFEFF30880EFF30980816911F8021CD7
:103840000229FFD001B510F02AF901BD00B200280D
:1038500007DB01234109034A00F01F00834042F8BF
:103860002130704700E100E000B200280CDB0122AB
:103870000649430900F01F008240203341F823200D
:10388000BFF34F8FBFF36F8F704700BF00E100E0C1
:1038900038B5D30704460D4612D48B1C072B10D91C
:1038A0005823114A114912480FF06CFD294611485E
:1038B000062322460FF066FD58210B480FF059FDF4
:1038C000002320B20028ACBF00F160400A4A4FEA52
:1038D0004313DBB2ABBF00F5614000F00F0080F88E
:1038E0000033135438BD00BF249B02005B9B0200D1
:1038F000DF8D0200769B020014ED00E00B4A08B554
:103900000B4B22F07F029A60BFF34F8FBFF36F8F94
:10391000D3F8882022F47002C3F888200AF018FC3B
:103920000DF0CCFB00F04EF80AF056FC0000000051
:1039300000ED00E042F8203C009B0B4942F81C3CA3
:10394000019B21F0010142F8183C029B42F8081C3F
:1039500042F8143C4FF0807342F8043C0023203AB4
:103960000265C0F8BC3070474120010000B50E4B25
:1039700015469860D0F8B8200C4B0E461A60D0F867
:10398000A83083F30B882C4686F309884FF000009B
:10399000074B984720464FF000014FF000024FF0D0
:1039A0000003044C204700BFF45E0020485C002068
:1039B000E73A0200412001001022014B1A617047D2
:1039C00000ED00E00023402040F20F1210B5044C3F
:1039D000E1180133934281F80003F9D110BD00BF13
:1039E00000E100E008B5EFF30583064A103B02EB67
:1039F000C30152F8330049688847BDE80840FFF723
:103A0000E9BA00BFF06102001FB5094C094A23461C
:103A10000121094800F020F900230393074B0121FD
:103A2000E41A01A80193029400F03AF904B010BD21
:103A300000F002200000002014730200100C00208F
:103A400010B50C7A0B6804F01F0223F01F031A4311
:103A5000CB68640923F01F03054943EA440343F09C
:103A60000103C1F89800C1F89C20C1F8A03010BD36
:103A700000ED00E01FB50E4B0446D3F89030C3F3C1
:103A80000723013B98420FD90A4B0390029300236E
:103A900001221846CDE90033074910F050F86FF0C5
:103AA0001504204604B010BDFFF7CAFFF9E700BFB8
:103AB00000ED00E0BA9B02004C6B02002DE9F04FD4
:103AC0008946144606464FF00008544D89B0C84553
:103AD0002DDAD6F804A0BAF1000F4AD0BAF11F0FC0
:103AE00017D91AF01F0F14D1D6F800B01BF01F0F12
:103AF0000FD1584610F01AF807460AEB0B000138B0
:103B000010F014F8874216D06FF01507444B039756
:103B100002E0444BCDF80C800293002301221846AA
:103B2000CDE90033404910F00AF86FF01504204643
:103B300009B0BDE8F08F17F1160FE7D0BC42E5DD04
:103B4000C5F89870D5F89C10C5F89870D5F8A030D5
:103B500021F01F0143F01F0BD6E900321A449942AD
:103B600002F1FF3A1DD1D34507D13146F8B20FF02B
:103B7000F6FF08F101080C36A9E73146C5F8987040
:103B8000D5F89C3022F01F0203F01F031343C5F841
:103B90009C30E0B20FF0E3FF10F1160FC5D0441CCB
:103BA000E7E7C5F89870D5F8A020013B23F01F0384
:103BB00002F01F021343D3453146E0B2C5F8A030EE
:103BC000E8D00FF0CCFF10F1160FAED0C5F898700A
:103BD000D5F89C209DF818300BF1FF3B62F30403ED
:103BE0008DF81830D5F8A0309DF818205B0863F3E5
:103BF00047128DF81820D6E900321344049323F0BD
:103C00001F035B44A3EB0A03013023F01F0304A945
:103C1000C0B20793FFF72EFFBEE700BF00ED00E044
:103C2000039C0200E09B02004C6B02000522044B47
:103C3000C3F89420BFF34F8FBFF36F8F704700BF5F
:103C400000ED00E0BFF35F8F0022024BC3F8942029
:103C5000704700BF00ED00E038B50C4D0C462A78E7
:103C6000FFF72CFF287016300FD14FF4B473084AB9
:103C7000084909480FF086FB214608480FF082FBEF
:103C80004FF4B47102480FF074FB38BD6265002038
:103C9000269C020043CE0200DF8D0200559C0200EC
:103CA0002DE9F74F314E894605464FF00008B346DF
:103CB0002F4FC84502DB03B0BDE8F08FD5F804A054
:103CC000BAF1000F4CD02968084601910FF02EFF81
:103CD000019904460AEB010001380FF027FF8442E6
:103CE0004FF01402234B15D002FB08F36FF01502BE
:103CF0004BF803204FF4BC731F4A204920480FF0B3
:103D000041FB49461F480FF03DFB4FF4BC711A4878
:103D10000FF02FFB14F1160F3460EBD01978A1428D
:103D2000E8DD02FB08B0C7F89840C7F89840D7F81C
:103D30009C4000F10801007B64F304000871D7F88F
:103D4000A0000C79400860F347140C71D7F89C1060
:103D500021F01F017160D7F8A01021F01F0131611F
:103D600008F1010814360C35A3E700BF4C5C0020B5
:103D700000ED00E062650020269C020043CE0200B8
:103D8000DF8D0200819C02002DE9F041574C584E16
:103D9000D4F890303568C3F307239D4286B013D919
:103DA00040F29F13534A544954480FF0EBFAD4F8A9
:103DB000902029465248C2F307220FF0E3FA40F25E
:103DC0009F114C480FF0D5FA0020FFF73BFF4D4BF9
:103DD000C4F8C03085421AD14B4C01A82570FEF7BB
:103DE000FFFF002506464FF04108484FAE4215D16F
:103DF000002023783D49D1F89020C2F30722934256
:103E00006DDB0020FFF712FF06B0BDE8F08171689E
:103E100001EB0011FFF714FE0130DBE7019A2901E5
:103E200002EB0513D3F80CC00CEA0700B0F5001F35
:103E300027D0B0F5800F40D0B0F5801F4DD1586825
:103E400052589B68CDE902022122013B20F01F015C
:103E50000B4423F01F038DF810200593207802A94E
:103E6000FFF708FE002835DA234940F2C913214A3A
:103E700022480FF087FA26480FF084FA40F2C91161
:103E80009FE758689B685258013B20F01F010B4484
:103E900023F01F031CF0010FCDE902028DF8108002
:103EA0000593DBD01B496D23124A14480FF06AFAC0
:103EB00019480FF067FA6D2183E758689B685258DC
:103EC000013B20F01F010B44CDE9020223F01F0348
:103ED0000622C0E7237801332370013586E7C1F855
:103EE0009830C1F8A000013385E700BF00ED00E085
:103EF00020730200269C020043CE0200DF8D0200E8
:103F0000B09C0200AAFF4400626500200000F0FFA0
:103F1000399D0200E49C02000A9D020008B5024B94
:103F20001B689847002008BD605C0020034B044AD2
:103F30001860937843F0020393707047605C002030
:103F4000A8050020F0B587B007460E4614460021AC
:103F5000102268461D4612F08CF802238DF80230BC
:103F6000054B2A4621466846CDE9047601930EF0BA
:103F700083FD07B0F0BD00BF913B020008B50649C4
:103F8000064821F00701C1F1005202F53C32FDF76D
:103F9000A1FD002008BD00BFC3980020645C002084
:103FA00070B541690446867A0A4D59B1437ADB07F8
:103FB00006D4342303FB0653DB6A1B689B689847CF
:103FC000002363613420214606FB0050BDE87040A9
:103FD00011F093BCA00A00203422024B02FB0030F7
:103FE000704700BFA00A00203421827A064B01FBF3
:103FF00002331A6B93F82430801A1B3323F0030327
:10400000B0FBF3F0704700BFA00A002038B534249D
:10401000827A064B04FB0233DB6AD3E901240C608D
:104020001568FFF7E1FF04FB005038BDA00A00202F
:1040300008B5437A4BB10C495A230C4A0C480FF08F
:10404000A1F95A2109480FF094F943683BB1094995
:104050005B23064A06480FF095F95B21F2E70382DD
:104060004369C36008BD00BF979D0200729D0200B6
:10407000DF8D0200A89D02002DE9F04F054685B0B6
:10408000684614469946039111F019FDDDE9006771
:1040900045B96549EE23654A65480FF073F9EE218D
:1040A000624818E005F11C08EFF3118A402383F3FE
:1040B0001288BFF36F8F40460CF07CFF68B98823ED
:1040C0005C4A5D495A480FF05DF941465B480FF084
:1040D00059F9882157480FF04CF940460CF08EFFF3
:1040E000B5F822B0BBF1000F5CD02B8C5B4539D901
:1040F0000022002328460AF04FFD0446002831D054
:1041000040460CF065FF68B940F23113494A4C490A
:1041100047480FF037F941464A480FF033F940F26B
:104120003111D7E78AF31188BFF36F8F039D002DFC
:104130006AD032463B46684611F0E5FC3421A27A4B
:10414000414B204601FB0233DB6A03A91B681E6852
:10415000DDE90023B0476061002845D12046FFF724
:104160001FFF3CE06C8C4046631E6B840CF030FFFC
:104170000028C9D08AF31188BFF36F8F95F82430D7
:104180002A8C1B33121B2C6B23F0030302FB03440A
:104190002D4B2E4AEB1A9B105343A37295F82430F3
:1041A000E372C3E740460CF013FF0028ACD08AF35B
:1041B0001188BFF36F8F54EA090308D011F06AFF2A
:1041C000234A244B12589A4204BF5C46A146224619
:1041D0004B4628460AF0E0FC04460028A6D10024FD
:1041E000204605B0BDE8F08F039B9D420DD91A49CA
:1041F00040F24B130D4A0E480FF0C4F817480FF069
:10420000C1F840F24B114BE7656101230021238186
:10421000039BE27A6160638204F1180011F029FFC8
:104220002046FFF705FFDBE724B30200729D020082
:10423000DF8D0200A8900200019102001691020099
:10424000D5900200EC900200A00A0020C54EECC4FC
:1042500008000000A8590020C29D0200D39D020062
:1042600070B50C46054658B928494FF4D373284A0F
:1042700028480FF087F84FF4D37125480FF079F8EC
:1042800049B9254940F2A713214A22480FF07AF88C
:1042900040F2A711F1E7EFF31186402383F3128870
:1042A000BFF36F8F1D480CF085FE60B988231C4A50
:1042B0001C4918480FF066F818491B480FF062F8BF
:1042C00088211748DAE715480CF098FE0023236090
:1042D0006B689BB9C5E9004410480CF079FE80B9C1
:1042E00040F231130E4A11490A480FF04BF80B49BE
:1042F0000F480FF047F840F23111E2E71C606C60A4
:10430000EAE786F31188BFF36F8F70BDC1AF02007B
:10431000729D0200DF8D020096A20200705C0020F8
:10432000A89002000191020016910200D5900200AF
:10433000EC90020070B5044658B92349234840F276
:10434000B313234A0FF01EF840F2B31120480FF0C8
:1043500010F8EFF31186402383F31288BFF36F8FB9
:104360001C480CF027FE60B988231B4A1B491748DC
:104370000FF008F817491A480FF004F8882116487A
:10438000E5E714480CF03AFE25682DB162682B6809
:104390009542236008BF63600E480CF019FE68B9AF
:1043A00040F231130C4A0F4908480EF0EBFF09495F
:1043B0000D480EF0E7FF40F23111E0E786F3118877
:1043C000BFF36F8F284670BDC1AF0200DF8D0200C2
:1043D000729D0200705C0020A89002000191020012
:1043E00016910200D5900200EC90020070B50446D0
:1043F00098B13426104D2046037A6468013BDBB245
:1044000003724BB9C3604360837A06FB03539B6A14
:104410007BB19847002CEED170BD084908484FF495
:10442000E673084A0EF0AEFF4FF4E67105480EF051
:10443000A0FFFFF7B5FDEDE7A00A002096A202005D
:10444000DF8D0200729D020008B558B9074908487F
:104450004FF4FB73074A0EF095FF4FF4FB710548CC
:104460000EF087FF027A0132027208BD96A20200A6
:10447000DF8D0200729D020008B5034658B9084955
:10448000084840F24123084A0EF07CFF40F24121E7
:1044900005480EF06EFF18465B68002BFBD108BD87
:1044A00096A20200DF8D0200729D020070B50D46DB
:1044B000044658B90F494FF413730F4A0F480EF0D2
:1044C00061FF4FF413710C480EF053FF49B90C49CA
:1044D00040F24D23084A09480EF054FF40F24D21A6
:1044E000F1E746681EB10846FFF7C6FF4660656003
:1044F00070BD00BFAD9F0200729D0200DF8D020003
:10450000D69D020038B505460C4659B90C490D48F0
:104510004FF416730C4A0EF035FF4FF416710A482B
:104520000EF027FF20B9BDE838400846FFF78CBFE2
:10453000FFF7A2FF2146FFF7B9FF284638BD00BFAD
:10454000D69D0200DF8D0200729D020008B548B9B9
:104550000B492B230B4A0C480EF014FF2B21094862
:104560000EF007FF83883BB108492C23054A064813
:104570000EF008FF2C21F2E783680B44036008BDAE
:1045800096A20200E39D0200DF8D02000F9E020052
:1045900008B5034600689A68821A91420BD9094906
:1045A000094840F25513094A0EF0ECFE40F255114D
:1045B00006480EF0DEFE9A88401A11441860998071
:1045C00008BD00BF2E9E0200DF8D0200E39D0200A9
:1045D00008B5828803468A420BD20949094840F24D
:1045E000C313094A0EF0CEFE40F2C31106480EF086
:1045F000C0FE521A828000680844186008BD00BFDF
:104600001E9E0200DF8D0200E39D020008B50346F6
:104610009A8800688A420BD20849094840F2CF13B1
:10462000084A0EF0AFFE40F2CF1106480EF0A1FE90
:10463000521A01449A80196008BD00BF1E9E0200F4
:10464000DF8D0200E39D0200F8B5858803680E4601
:1046500004465F190FF0BFFAB04209D20649074875
:104660003E23074A0EF08EFE3E2105480EF081FEE5
:104670003544A5803846F8BD529E0200DF8D020009
:10468000E39D020008B508F0FBFA06F07BFB41F65B
:10469000F8732548D0F82416C1F3080203EA513311
:1046A000132182F48072883201FB02331F4A590AB7
:1046B000DB0548BF0131C2F80419D0F820364FF4A9
:1046C0007A60C3F30801C3F30943434342F21C5029
:1046D00081F4807101F2172100FB01334FF47A70ED
:1046E0001B0AB3FBF0F100FB1133B3F5FA7F28BFCF
:1046F00001310D4BC2F81C17D3F840131C290CD103
:10470000D3F84433012B08D13423C2F82436D2F82D
:104710003C3623F40023C2F83C360122034B002030
:10472000C3F8002608BD00BF00C0FF000000125003
:1047300048B1054B054A1B68B3FBF2F35843044BE1
:1047400043F00103184770478406002040420F00E1
:104750009072020008B5044811F041F800280CBF1F
:104760006FF01200002008BDB46102000E4B40291A
:1047700028BF402170B51D460C4C4618B04203F1CD
:10478000020304D1002305F81130074870BD0278F8
:104790001209A25C03F8022C10F8012B02F00F02A0
:1047A000A25C03F8012CE9E781650020E89E020085
:1047B00030B503788BB0044607AD032B21D8DFE872
:1047C00003F0021A1C1E12492846FCF70EFE05953E
:1047D00063781E210493A3780E4A0393E3780E486E
:1047E00002932379019363790093A3790EF018F96A
:1047F00009480BB030BD0949E6E70949E4E7094932
:10480000E2E70A212846084A0EF00AF9DFE700BF6E
:10481000A39E0200C59E020063650020AA9E0200BE
:10482000B19E0200BB9E02002AB4020030B50024F3
:10483000094D0A4B85B02846029303940AF03EFEC8
:1048400002AB284600934FF4A3620A2304490AF0FE
:104850004FFE204605B030BD281D0020F99E020005
:10486000F8660020014601480AF0DCBE281D002041
:10487000037830B5012B13D0022B27D07BB90A4621
:10488000184B03F1100453F8045BA34242F8045B95
:10489000F9D11B78137043884B731B0A8B7330BD9F
:1048A0000A46104B03F1100453F8045BA34242F88C
:1048B000045BF9D11B7813704368C3F307224B7371
:1048C0001B0CCB731B0A8A730B74E8E700F110030F
:1048D00050F8042B984241F8042BF9D103780B705F
:1048E000DDE700BF029F0200052838B5054603D862
:1048F0002A21C140C9070CD40C493C230C4A0D485D
:104900000EF040FD0C480EF03DFD3C2108480EF035
:1049100030FD0A480FF048F9044620B101210C305F
:10492000FFF714FE2576204638BD00BF429F0200E7
:10493000139F0200DF8D0200879F0200A40B00205E
:104940000F2810B50ED80D280ED90B480FF02CF9F2
:10495000044628B101210C30FFF7F8FD012323762E
:10496000204610BD1328F0D009B10448EEE701201D
:10497000BDE81040FFF7B8BFD80B0020080B00209F
:1049800038B50B6804460D464BB916491648BC238A
:10499000164A0EF0F7FCBC2114480EF0EAFC4A68F7
:1049A000DA600B684A895A820868FFF71FFD002108
:1049B0001022284611F05DFBA07AFFF70DFB61691C
:1049C000054649B1637ADB0704D4C36A20461B68F5
:1049D0009B6898470023636121462846BDE838401C
:1049E00010F08BBFA79F0200DF8D0200139F020013
:1049F0002DE9F84305460C461F4616464AB9264996
:104A00009823264A26480EF0BDFC982123480EF034
:104A1000B0FC38B923499923204A21480EF0B2FC52
:104A20009921F3E701F10C0948460FF0D0F838B9A5
:104A30001D499D23194A1A480EF0A4FC9D21E5E763
:104A400020460FF057F9804638B118499F23134A82
:104A500013480EF097FC9F21D8E705F10C0148465A
:104A60000FF0A6F848460FF0B2F8012310FA86F0CE
:104A700068826B72314648462E82FFF7A9FDE368D3
:104A800028467B60638AC4F80C807B81A4F812807E
:104A90003C60BDE8F88300BF4E9E0200139F0200F9
:104AA000DF8D0200B49F0200B99F0200D69F020072
:104AB00070B5C6683378B6F8014083B90F21204637
:104AC00003F0B4F8F378054650B90A4A118831B9B1
:104AD0006FEA04506FEA10501080074A137070BDDF
:104AE0004372012102F0CCFF2846BDE8704002F07D
:104AF00077BF00BF4C650020026600201FB501464D
:104B00000B48FFF7ADFB0B490B4810F069FF00287D
:104B10000ADA0A4B03900293002301221846CDE9DA
:104B2000003307490FF00CF905B05DF804FB00BF36
:104B30003C050020C8050020101E0020FE9F02003A
:104B4000CC6A02001FB5C36802221B780649039392
:104B5000064B029300231846CDE900330FF0F0F81E
:104B600005B05DF804FB00BFCC6A02001BA0020088
:104B70001FB501210C30FFF749FD03780122039393
:104B8000054B0649029300231846CDE900330FF088
:104B9000D7F805B05DF804FB43A00200CC6A020020
:104BA0001FB5C3680121B3F80140204603F03EF869
:104BB000034650B9074A0849CDE90102039401228E
:104BC00000900FF0BDF804B010BD04B0BDE8104077
:104BD00002F006BF65A00200CC6A02007FB5C36880
:104BE0001D788DB9B3F801600F21304603F01EF82F
:104BF000044658B90A4B0122CDE90103094903468D
:104C0000039600900FF09CF804B070BD294602F0A6
:104C100037FF204604B0BDE8704002F0E1BE00BF9F
:104C200089A00200CC6A02007FB5084B0222CDE9C0
:104C30000303074B0749029300231846CDE90033CD
:104C40000FF07EF807B05DF804FB00BFD59D0200B1
:104C5000AFA00200CC6A020030B50446084687B017
:104C600002EBC3039A4202D16FF05E0016E01146D8
:104C700011F8085BA54217D1038A517899420FD9E0
:104C8000CDE90334094B0122029300230849184659
:104C9000CDE900330FF054F86FF0150007B030BDC8
:104CA000536898470020F9E70A46DBE7CBA00200EB
:104CB000CC6A020070B586B005460C46FFF7CCFF03
:104CC0005F3011D1268AE0683146FFF74FFD074B70
:104CD000CDE904600293002302221846CDE9003397
:104CE000034903950FF02CF806B070BDEDA002004B
:104CF000CC6A020070B54C4886B0FFF71BFB044637
:104D000000285FD0027E012A5ED0032A40F088800E
:104D1000038A032B07D80393444B029300230122F9
:104D2000CDE9003359E004210C30FFF76FFCFF237D
:104D3000428806886376238AC6F30B009A42A083D2
:104D40000FD0CDE903323A4B0122029300233949B7
:104D50001846CDE900330EF0F3FF2046FFF746FB7F
:104D60001BE00F2102F062FF054658B9A38B012218
:104D70000393314B2F49CDE90103034600900EF018
:104D8000DFFFEAE702F098FF21466076320B284603
:104D900002F0A6FC284602F023FE284BD3F824316B
:104DA00083B12749274810F01BFE00280ADA264B5A
:104DB00003900293002301221846CDE900331D49D8
:104DC0000EF0BEFF06B070BD038A012B08D8039316
:104DD0001E4B02930023CDE9003318461549CEE758
:104DE00002210C30FFF712FC054600780EF08BFF15
:104DF00010F002060DD140F6A833154A15491648A1
:104E00000EF0C0FA86F31188BFF36F8F03231846A4
:104E100002DF04232146114A2878FFF74BFF9CE765
:104E20000F4B039279E700BF3C0500200FA1020061
:104E300030A10200CC6A020054A102001804002034
:104E4000C8050020101E0020FE9F020076A102006F
:104E500092A10200C6A10200DF8D0200E4730200ED
:104E6000F4A1020010B5012104460C30FFF7CEFB7F
:104E70002146BDE810400823014A0078FFF71ABF19
:104E80000474020070B50121044686B00C30FFF7AF
:104E9000BDFB05780023214628460C4AFFF7DCFEBF
:104EA0005F3011D1268AE0683146FFF75FFC084B7E
:104EB000CDE904600293002302221846CDE90033B5
:104EC000044903950EF03CFF06B070BD4474020027
:104ED00008A20200CC6A02007FB5C5680121B5F8BE
:104EE0000160304602F0A2FE044658B9104B012280
:104EF000CDE901030F490346039600900EF020FF11
:104F000004B070BD2B783BB9D5F80330C0F89530AC
:104F1000D5F80730C0F899304FF48041201D0EF0CD
:104F200004FF204604B0BDE8704002F059BD00BF48
:104F300065A00200CC6A02002DE9F04F88461746B2
:104F4000064687B0A8B14FF0000ADFF83491D9E8DF
:104F5000EF4FC9E8E3AF002BF9D16CB9494B0122FF
:104F6000CDE90143204623464749039600940EF0BD
:104F7000E7FE07B0BDE8F08F2046FFF735F84FF0A9
:104F80000C0B424D0BFB00504388B34226D0204609
:104F9000FFF72AF80BFB005043880122CDE9036399
:104FA0003B4B5046CDE901A337495346CDF800A00D
:104FB0000EF0C6FED9E8EF3FC9E8E24F002AF9D16A
:104FC000002BD6D03349344840F66D13334A0EF0E7
:104FD000D9F940F66D1131480EF0CBF9A7420ED049
:104FE0002046FFF725F8012104F10C063046217612
:104FF000FFF7ACFA30463A8AF9680EF0F4FD204625
:10500000FEF7F2FF0C2606FB00504368ABB1B8F187
:10501000000F12D12046FEF7E7FF012106FB0050EA
:105020004268D2E90003127A03F01F06B1405B091F
:10503000FAB100EB83000EF078FE2046FEF7D4FFB5
:105040000C2606FB005083686BB12046FEF7CCFFB0
:10505000704305F800802046FEF7C6FF06FB0055AA
:10506000A86809F005FE204607B0BDE8F04FFFF73D
:10507000BDB9C94300EB83000EF071FEDDE700BF50
:10508000380500203AA20200CC6A0200745C0020BD
:1050900062A2020095A20200DF8D020092A102002E
:1050A00070B5C5680121B5F8016086B0304602F0E0
:1050B000BDFD044658B92B4B0122CDE901032A4915
:1050C0000346039600900EF03BFE06B070BD2B78B1
:1050D000061D1A2B19D1C378012B2AD14FF4805108
:1050E00030460EF022FEC2040FD4D4F88830204699
:1050F0000493D4F8903004A9059303F089FC20466A
:1051000006B0BDE8704002F06BBC2B788BB9B5F8E7
:105110000330A4F88630B5F80530A4F88C30B5F823
:105120000730A4F88E306FF4806130460EF017FE21
:1051300013E0D6E8AF3F5B05F5D52B78202BF2D1F5
:1051400094F89430002BEED0013B84F89430074A59
:10515000002304F140000AF0DBFA204602F0DAFFF7
:10516000CDE700BF65A00200CC6A02005A620200CF
:1051700001222DE9F047C768008A3B7886B002EB30
:105180008301814274D903933C4BCDE9041002930F
:1051900000233B491846CDE900330EF0D1FD06B09F
:1051A000BDE8F08703460122CDE902A8CDE9000061
:1051B00033490EF0C5FD01353B789D42EFDA07EB30
:1051C0008503B3F801800F214046B3F8036002F075
:1051D0002DFD04460028E5D000F1C008204616B990
:1051E00002F0FEFBE7E702F007FA09F041FD636910
:1051F000A3B9244A1846CDE901322149012200937E
:105200000EF09EFD204940F25523204A20480EF022
:10521000B9F840F255211D480EF0ABF8A1691A68A3
:105220008B42626108BFA261C3F80090226A82B912
:10523000C4E90733D8E8AF3F013EB6B263B91549B8
:105240004FF41773114A12480EF09CF84FF417717F
:10525000E1E713602362EDE7D8E8EF3F013BC8E8E0
:10526000E23F002AF8D10021204602F0CFF9B5E74D
:105270000025DFF824A0A9469EE700BF9AA20200FD
:10528000CC6A0200E0A2020043CE020092A102001A
:10529000DF8D0200F7A20200C4A2020010B5C1E92E
:1052A00000239DF808300C460B72FEF79DFE0C2281
:1052B000024B02FB00335C6010BD00BF745C002039
:1052C0002DE9F0474FF0FF3206464FF0FF33184804
:1052D00088460EF069FC044638B34FF0000900F12F
:1052E0000C0701213846FFF731F9204684F8189061
:1052F000FEF77AFE4FF00C0A0E4D0AFB0050468076
:105300002046FEF771FE0AFB0050C0F808902046C8
:10531000FEF76AFE0AFB005503213846C5F80490E3
:10532000FFF792F9068080F802802046BDE8F087FA
:10533000700B0020745C002070B5064690B00B4DD9
:1053400001AC0FCD0FC40FCD0FC40FCD0FC495E826
:10535000070084E807000E2E9DBF10AB03EB860606
:1053600056F83C0C024810B070BD00BFFC6B020048
:1053700010A30200034B0146D3F8480182689268EB
:10538000104700BF180400202DE9F043044600F147
:105390000C06304685B00EF01AFCB4F810800546B5
:1053A000B8F1010F11D81E4B0122029300231D49B1
:1053B0001846CDE90033CDF80C800EF0C1FC204634
:1053C00005B0BDE8F043FFF711B830460221FFF702
:1053D0001DF9074600780EF096FC10F0010906460C
:1053E0000DD140F6E473104A104911480DF0CAFF80
:1053F00089F31188BFF36F8F0323184602DF05235B
:1054000021460C4A3878FFF755FCB307D7D56369B6
:10541000A4F8108013FA85F5E56005B0BDE8F083C7
:1054200076A10200CC6A020092A1020018A3020039
:10543000DF8D0200BC73020030B50C4685B00BF066
:1054400033F9237E012B05D0032B15D12046FFF71E
:1054500055FB0BE0E36818780EF055FCC2070546D3
:1054600002D52046FFF790FFAB07EFD400240BF0E6
:1054700089F9204605B030BD0393084B0122029301
:10548000002307491846CDE900330EF059FC2046A9
:10549000FEF7ACFF6FF01504E9E700BF31A302008F
:1054A000CC6A02002DE9F043324C89B00421324825
:1054B0000EF03BFC314DE279314B2046012A88BF8A
:1054C0001D46FFF775F9CDE9035000252D4B03224A
:1054D000029328462B46CDE900552B490EF030FCAF
:1054E00027460126DFF8A480DFF89C90E379073790
:1054F0009E422EDB94F843502846FFF71DFFB4F878
:105500004A3003220693B4F846301F49CDE90453CC
:1055100000251F4B0390029328462B46CDE90055EA
:105520000EF00EFC94F844603046FFF705FFB4F827
:1055300048300322CDE90463164B0390CDE90153B3
:1055400028462B46104900950EF0FAFB09B0BDE83D
:10555000F0833846FFF72CF90023CDE903600322DE
:1055600049461846CDE9015800950EF0E9FB013691
:10557000BCE700BF18040020C0040020D59D020035
:1055800045A3020049A30200CC6A020058A302000E
:1055900069A30200A7A30200024BD3E8AF0FC0F338
:1055A00080007047C004002000487047BE8C020095
:1055B000014809F0EFBE00BFB805002030B5054630
:1055C0000C4685B019B9FFF77BFE044608B340F6D8
:1055D00035439D4215D12046FFF7CCFE0546B0B1BC
:1055E0000D4B03900293002301221846CDE90033AE
:1055F0000A490EF0A5FB2046FEF7F8FE284605B046
:1056000030BD2146064810F06DF9FFF7D1FF0025A7
:10561000F4E76FF06805F1E7CEA30200CC6A020060
:10562000440500207FB506460D4642F221000321C5
:10563000FFF746FE044650B90C4B0122CDE90103A9
:105640000B49034600900EF07BFB04B070BD0321B4
:105650000C30FEF7F9FF21460680857042F22100EA
:1056600004B0BDE87040FFF7A9BF00BFF0A302007F
:10567000CC6A020070B5C36886B0D9789A781E8863
:1056800042EA0122ADF8102059791A79B5B242EAFE
:105690000122ADF81220D9799A79284642EA0122EE
:1056A000ADF814201A7A5B7A012142EA0323ADF89F
:1056B000163002F0BBFA044678B91F4B1F49CDE9FA
:1056C000010300900346012203950EF039FB0221ED
:1056D0002846FFF7A7FF06B070BD04A902F078FDC9
:1056E00038B91E212846FFF79DFF204602F078F9C1
:1056F000F1E70E2142F22000FFF7E2FD0546002807
:10570000F3D00E210C30FEF79FFF00230680C0F877
:105710000A30BDF8103029464380BDF8123083802E
:10572000BDF81430C380BDF81630038142F220006A
:10573000FFF744FFD9E700BF65A00200CC6A020072
:105740007FB502460B46304DD5F82C1111B900201B
:1057500004B070BD05F5847009F0CEFA0028F6D1CA
:105760000022002305F5967009F016FA044668B980
:1057700040F6B733254A264926480DF003FE84F348
:105780001188BFF36F8F0323184602DFD5F820314D
:1057900083B10026204B0122304620490293CDE9F7
:1057A000006633460EF0CCFAD5F82001FEF71EFE57
:1057B000C5F820612046FEF747FEC5F820012046C7
:1057C000FFF7D8FDF0B1164B03900293002301229E
:1057D0001846CDE9003311490EF0B2FA114809F02C
:1057E00047FA2046FEF700FC0C220F4B1F2102FB5C
:1057F000003022464088FFF79FFB2046FEF7F6FD6B
:10580000FFF7D6FE0120A3E71804002092A10200B2
:1058100096A20200DF8D02000AA40200CC6A0200F8
:10582000CEA3020020050020745C00202DE9F04F7B
:10583000054616460C468DB031B9FFF741FD0446CA
:10584000A0B96FF068008CE0887AFEF7C5FB4C4B7E
:1058500083420BD04B494C484FF4BF734B4A0DF079
:1058600091FD4FF4BF7149480DF083FD0DF118080B
:1058700001220021404610F04EF82046FEF7B4FB0E
:105880000C23DFF80CA103FB00A0C0F80880204621
:10589000FEF7DAFD01463F4810F024F8FFF788FED6
:1058A00010F0F8FB3C4B1A583C4B9A421FD1DFF8E2
:1058B000DCB0384810F02BF8002181463848FFF75B
:1058C0003FFF074688B94FF4D4735A4635492E48EE
:1058D0000DF058FD294634480DF054FD87F311882A
:1058E000BFF36F8F0323184602DF4C45E1D100233D
:1058F00040462B4A09F000FA074698B14FF4D77397
:10590000224A2A4920480DF03DFD3A4629462848BA
:105910000DF038FD002383F31188BFF36F8F03234D
:10592000184602DF2046FEF75FFB0C2358431AF8A7
:105930000070CFB11F4B0222CDE904731E4B1F49EB
:105940000293002303951846CDE90033093F0EF07A
:10595000F7F9FFB22046FEF749FD092F0CD8184B86
:10596000D8570DB0BDE8F08F16B134600020F8E7CD
:105970002046FEF73BFDF9E76FF00400F1E700BFBA
:10598000700B002043CE0200DF8D020092A10200C6
:10599000745C00204405002008000000A859002085
:1059A000B4C4040025A402002DA402004DA40200EA
:1059B00056A40200D59D02009BA40200CC6A0200FE
:1059C0001AA70200F0B58BB0002140F6034009AAE7
:1059D000FFF72CFF044600286DD10998C3681B7897
:1059E00053B9AF4BD3E8AF2F02F00902D3E8EF1F52
:1059F000C3E8E42F002CF9D1FEF7F8FC002141F2B6
:105A0000030009AAFFF712FF0446002853D1099AA0
:105A1000A44DD16805F14C03D1F80100D1F805106F
:105A200003C31046FEF7E2FC214641F2010009AA39
:105A3000FFF7FCFE044600283DD10998C3685A7858
:105A400085F843205A88A5F846201A7985F844201D
:105A5000B3F80720A5F84820B3F80530A5F84A3078
:105A6000FEF7C4FC214641F2020009AAFFF7DEFE60
:105A7000044600BB099F05F15406FA68531C4132E5
:105A8000344618685968083303C493422646F7D150
:105A90003846FEF7ABFC95F8503013F040030DD1BB
:105AA000814A1846CDE901328049012200930EF067
:105AB00047F96FF0120420460BB0F0BD002142F20E
:105AC000030009AAFFF7B2FE04460028F3D1099BA0
:105AD000774EDA68D2F80100D2F8051003C61846EE
:105AE000FEF784FC214642F2020009AAFFF79EFE5F
:105AF00004460028DFD1099CE368B3F8012091B285
:105B000049B1D97839B1A5F8DC20DA78114606F127
:105B100028000FF000FF2046FEF768FC002142F24B
:105B20003A0009AAFFF782FE0446002840F0988058
:105B30000998C368B3F80130A5F8F830FEF756FCB1
:105B400095F8506016F0200617D1022140F66D40FE
:105B5000FFF7B6FB044600287FD002210C30FEF789
:105B600073FD0123214603704670324640F66D40B6
:105B7000FFF75CFE044600289DD195F870301907A8
:105B800012D5002142F21C0009AAFFF74FFE04467D
:105B9000002890D10998C368D3F80120D3F80530C4
:105BA000C5E92E23FEF722FC082142F20100FFF78F
:105BB00087FB0446002850D008210C30FEF744FD36
:105BC00095F8B0303B4A13F0020F3B4B08BF134629
:105BD00095F8B120214612F0090F18BF43F4006375
:105BE0000370C3F30723002243700723C27083703E
:105BF000027142718271C27142F20100FFF716FE1A
:105C0000044600287FF457AF95F85030B5F8DC1003
:105C10009A0636D4C9B941F2050009AAFFF706FE73
:105C2000044600287FF447AFB5F8DC30099C4BB937
:105C3000E368B3F80120A5F8DC209A881F481146D4
:105C40000FF069FE2046FEF7D1FB082140F6014027
:105C5000FFF736FB0446002836D16FF068042AE7C8
:105C6000601D7FF428AF164B0222029300230F49D8
:105C70001846CDE900330EF063F81F23A5F8F8307D
:105C80005EE70029E1D10F4B0122CDE9010307496D
:105C9000034600900EF054F86FF004040BE700BFC9
:105CA000C004002018040020BAA40200CC6A02003C
:105CB000C80400200E1207002E120700F80400206E
:105CC000DEA402003BA5020008210C30FEF7BCFC5C
:105CD00010230370882300224370022620232146CC
:105CE0008270C670027142718271C37140F60140C8
:105CF000FFF79CFD044600287FF4DDAE014609AAAB
:105D00004FF60140FFF792FDC0B1494BCDE9014389
:105D1000234600940222184646490EF011F800F07E
:105D20000BFD044600287FF4C6AE02F00DFC0446CD
:105D300000287FF4C0AEFFF7B5FBBCE6099E3D49E5
:105D4000F468B4F80130032B96BF3B4A3B4A52F843
:105D50002320CDE903233A4B032202930023184664
:105D6000CDE900330DF0ECFFB4F80130B4F80320B6
:105D7000022B3AD1052A38D8324B53F82230CDE9DC
:105D80000332314B0322029300232A491846CDE9FE
:105D900000330DF0D5FFD4F8091063790791B4F8FA
:105DA0000710032B0691A1794FF0000496BF274AF4
:105DB000224A52F82320CDE90431254B1D492046C3
:105DC0000392029303222346CDE900440DF0B8FF6D
:105DD0003046FEF70BFB21464FF6024009AAFFF7BB
:105DE00025FD064618B11B4B90E7144BC7E70998F1
:105DF000C368B3F80130A5F89530FEF7F7FA95F8C7
:105E000095305B078BD531464FF6034009AAFFF763
:105E10000DFD28B1104B0096CDE90163334679E7BB
:105E20000998C3685B7885F89430FEF7DFFA76E767
:105E30005EA50200CC6A0200AC73020010A302004F
:105E400082A50200947302009BA5020084730200E5
:105E5000B3A50200E0A5020009A6020010B5FFF7F5
:105E6000B1FD034B1B6813B1BDE81040184710BDCE
:105E70008C5C0020F0B52F4E074685B0D6F848015F
:105E80000FF0ADFC034660B92B4A2C49CDE9010265
:105E9000009001220DF054FF6FF01204204605B06F
:105EA000F0BD6FF0020106F1A8000DF058FF0121CE
:105EB0000DF03BFF10EA010539D1214B1F600A4666
:105EC00006F584700FF027FD06F596700FF0FDFCC7
:105ED0001C4809F0F3FA6FF007034FF480621A4987
:105EE0001848009509F004FB1849164809F084FD8C
:105EF000D6F84801164983681B689847044658B18C
:105F0000144B0390CDE9015301222B4628460B493F
:105F100000950DF015FFC1E727B905B0BDE8F040C9
:105F2000FFF750BD06F1980009F034FAB6E76FF0BC
:105F30007704B3E71804002032A60200CC6A0200FE
:105F40008C5C0020101E0020106C00204AA602006D
:105F50003954010053A60200F7B5144B054693F9D6
:105F60006F300C46002B1DDA14B9204603B0F0BD8B
:105F7000082C4FF0000142F2180001AA264628BF63
:105F80000826FFF753FC0028F0D1019F3246F9683C
:105F90002846013110F060F83846FEF727FA3544FC
:105FA000A41BE1E76FF08500E0E700BF18040020C4
:105FB0002DE9F0470478054688B05CB16049614836
:105FC00040F23253604A0DF0DDF940F232515E4842
:105FD0000DF0CFF95D4BB0F80180198848F470429C
:105FE000914205BF1C805A4B27461F78C378061D77
:105FF000012B08BF574B304608BF93F842400DF0C5
:1060000075FE314620B34FF0010A06A80DF063FE7D
:10601000D5F81130CDF81130B5F81530ADF8153090
:10602000EB78012B2BD03046FEF7C2FB4A4B4B4995
:1060300002930023039001221846CDE900330DF0AE
:106040007FFE132140460DF0BBFE08B0BDE8F0878F
:1060500020460DF042FF0346006895F804A0069024
:106060009A889B796868ADF81C208DF81E30B2883C
:10607000B3790490ADF814208DF81630D0E7DFF82E
:10608000D490062299F8420006A902F065F9044668
:1060900040B90522324999F8420002F05DF9044600
:1060A0000028C0D02346B5F8012023F8702B9DF8B6
:1060B0001E200698BDF81C1020679A710022998056
:1060C000B5F81730A4F88630B5F81930A4F88C303C
:1060D000B5F81B30A4F88E30EB786272012BE370B8
:1060E0001CD18DF810A0BDF814209DF8163004982E
:1060F000A4F87B20C4F8770084F87D30D5F80B3005
:10610000C4F87F30B5F80F30A4F88330D9E92E23D6
:1061100003F03F031A4301D000F0E6FE07212046BA
:1061200001F0AEFC27B101212046677201F0A8FC06
:10613000204601F039FE204601F052FC85E700BF01
:106140006FA60200DF8D020092A102004C650020C4
:10615000026600201804002083A60200CC6A020018
:10616000899E020010B5C378012B26D1037823BB8A
:10617000144B93F8B120D2061FD51A7F72B903F1E0
:106180001D0200F11C0150F8044B884242F8044BF8
:10619000F9D10188118001221A7710BD0A4940F215
:1061A00002530A4A0A480DF0EDF80A480DF0EAF8E1
:1061B00040F2025105480DF0DCF8BDE81040FFF751
:1061C000F7BE00BF1804002043CE020092A10200D7
:1061D000DF8D02009FA6020000B5C36889B0187861
:1061E00030B13C2832D009B05DF804EBFEF71CBD9D
:1061F000B3F801208DF80000ADF80120DA788DF8B1
:106200000320B3F80B20ADF81720B3F80D20ADF83C
:106210001920B3F80F20ADF81B205A7C8DF81D20F3
:10622000586801901A899B7AADF808208DF80A30D9
:10623000084B68461A689B88CDF80B20ADF80F30E4
:10624000CDF81120ADF81530FFF78CFF09B05DF8DF
:1062500004FB00BF9D9E020038B5042104460C30AB
:10626000FEF7D4F94578017822464088FEF764FEAF
:1062700035B1044808F0FCFCBDE83840FFF798B998
:1062800038BD00BF2005002030B50446032187B08B
:106290000C30FEF7BBF9E3680578197840F6354312
:1062A000B0F8010098420ED10D4B0222CDE9031344
:1062B0000C4B0D49029300231846CDE900330DF035
:1062C0003FFD07B030BD2246FEF736FE002DF8D068
:1062D000064808F0CDFC07B0BDE83040FFF768B9CC
:1062E000D59D0200E2A60200CC6A02002005002033
:1062F000F8B506460024094DEF79E3B29F4202D873
:106300006FF0010007E0294630460DF0CFFD07355C
:10631000631C08B12046F8BD1C46EEE718040020B7
:106320007FB51C4E0622314605460FF013FE60B3C2
:10633000062142F20500FEF7C3FF044638B30622E9
:1063400029460C300DF04FFC2146002242F2050098
:10635000FFF76CFA044678B110F10D0F09D10E4B1E
:106360000222029300230D491846CDE900330DF0B7
:10637000A5FD204604B070BD3346286843F83C09AB
:10638000AA88B280012283F83B200024F1E76FF055
:106390006804EEE7540400202BA80200D46A02002F
:1063A00037B504460D4689B1284618490DF07EFDE3
:1063B00060B9174A2968C4EBC4041151A318AA880C
:1063C0009A80AA799A71002003B030BD68460DF01A
:1063D00074FC0028F8D16846FFF78AFF0028F5DA38
:1063E0000B4A0098C4EBC40410519DF80610BDF888
:1063F0000400A31898809971002DE4D012592A60E6
:106400009A88AA809B79AB71DDE700BF909E02005D
:10641000180400207FB50446D9B9F0B122490DF027
:1064200045FDD0B92046FFF763FF002835DA237811
:10643000012B04D1A37903F0C003C02B0DD01B4B5B
:106440000122029300231A491846CDE900330DF0CA
:1064500035FD6FF0150004B070BD164DEB79012BC2
:106460001ED005F1A803D3E8AF3FDB0707D4002C0B
:10647000EFD020460C490DF019FD0028E9D1EE7946
:106480002146731C3046EB71FFF78AFF08B930468E
:10649000E1E7EB79013BEB71DDE76FF07700DAE7DD
:1064A0006FF00B00D7E700BF909E02003AA80200F1
:1064B000D46A0200180400202DE9F041044686B099
:1064C00060B9204B0222CDE9010303461E4900902A
:1064D0000DF0F4FC002006B0BDE8F081002141F28F
:1064E000090005AAFFF7A2F9054640B1174B0222A1
:1064F0000293002314491846CDE90033E8E7059ECE
:106500000622D6F80C80124908F1010738460FF030
:1065100021FD28B1062238460E490FF01BFD18B99F
:106520003046FDF763FFD5E7D8F801303046C4F8B0
:106530000130BB882570A4F80530FDF757FF012016
:10654000C9E700BF68A80200D46A020081A802005F
:106550009D9E0200979E020007B56846FFF7ACFFBC
:10656000044BD87118B169460020FFF719FF03B03A
:106570005DF804FB18040020F0B5324D8DB0EC79C5
:10658000002C58D195F8966016F0010615D12E4BC7
:10659000CDE901430222234620462C4900940DF008
:1065A0008DFCEC71162600240127EB79E0B29842AD
:1065B0002CD3002B3FD000203BE021464FF6094072
:1065C00004AAFFF733F908B1214BE1E7DDF810C069
:1065D000DCF80C104B7823B96046FDF707FF1D4B24
:1065E000D6E78B1C06AA01F11204174618685968F1
:1065F000083303C7A3423A46F7D1186834463860D7
:106600009B886046BB80FDF7F1FECAE70CAB06FB3A
:10661000003353F8182C33F8143C04A9CDF811209A
:10662000ADF815308DF81070FFF7BAFE0134002870
:10663000BBD00DB0F0BD002108460DB0BDE8F04064
:10664000FFF7E8BE180400209FA80200D46A0200E9
:10665000CBA80200EBA802002DE9FF4190460E46B0
:106660001D46024678B173B13103047817D573071C
:106670000ED52E4B0122029300232D491846CDE959
:1066800000330DF01BFC6FF0150004B0BDE8F08185
:106690000DF077FC0028F8D101232B702EE0F707CE
:1066A0002ED5244FB8F1000F13D0B0060AD4C4EB96
:1066B000C403FB5C012B11D02B70B2061ED543F036
:1066C0000203EAE797F8B0305906F0D46FF085007E
:1066D000DBE7C4EBC403FB5C012BDED1072101FB2C
:1066E0000471104601310DF0FDFB0028CDD1C4EB43
:1066F000C4043B5D2B70B8F1000FDED10020C4E76D
:1067000073070ED50B4EC4EBC407F35D012BC4D148
:10671000072111FB043131440DF0E4FBF35D2B70D4
:10672000B3E70DF02EFC0123F9E700BF14A9020026
:10673000D46A0200180400207FB5134EF5791DB10C
:106740000024204604B070BDFFF706FF044650B198
:106750000E4BCDE9015301222B4628460C490095EA
:106760000DF0ACFBEDE7F579002DE9D1FFF704FF63
:1067700004460028ECD1701CFFF7D2FD0446002827
:10678000DED0044BE5E700BF1804002033A9020067
:10679000D46A020052A902002DE9F04F0025984664
:1067A00014462B4695B0CDE90701161D002256F878
:1067B000330007E054F8331001EBC201497801328D
:1067C00002310D449042F5D101339845EED1FB2DB5
:1067D00015D8B64BB3F8F8309D422ED9CDE9035306
:1067E000B34B022202930023B2491846CDE900338D
:1067F0000DF00FFC6FF0200015B0BDE8F08F079B87
:10680000072103F110000DF0ECFB0746002840F0D3
:106810004781A64BB3F8F8309D42DFD801461022DD
:1068200010A80FF026FCB9463B4640F27265CDE950
:106830000E48002256F8390088E0079B0C2103F12E
:1068400010000DF0CEFB10B91F2D28BF1F2505F13C
:10685000040908985FFA89F1FEF732FD074600281F
:1068600000F0218149460C30FDF7EEFE4A4606460F
:1068700000210FF0FEFB04EBC8034FF0000806F107
:10688000040B09930023D4F800A06268934214D348
:10689000099B0834A342F5D1079B86F803805B78F7
:1068A0000022337003233946737001230898B370B4
:1068B00015B0BDE8F04FFEF7B9BF9AF8012008F116
:1068C000020081188D429AF800C018D2BCF1090F5D
:1068D000A5EB000201D1002A0FDC774B01220293C5
:1068E000002374491846CDE900330DF092FB384679
:1068F000FDF77CFD6FF015007EE74FF0080C5FFAA6
:1069000082F909F101010BF8081008F10101C9B27F
:106910000BF801C0DAF804105BFA80F00A9309F171
:1069200002090FF099FB0A9BC1445FFA89F8013311
:106930000AF1080AA9E754F8391001EBC2014978B5
:1069400002310B44AB42D5D8012701328242F2D149
:1069500009F10109C8457FF46CAF07B11393012316
:106960004FF000080A93139D0DB9284644E7FB2D0C
:10697000AB4628BF4FF0FB0B0BF104060898F1B2B1
:10698000FEF79EFC0990002800F08D8031460C3007
:10699000FDF75AFE00268246079B5FFA8BF25B7872
:1069A0000B92037080F80280031D1099119A54F81D
:1069B0003100BDF848C000EBC200407804EBC107CD
:1069C000023084450BD178680132824208BF013120
:1069D000ADF8488006BFCDF8448010911192109A0E
:1069E000914515D0119954F8322012EBC10C0FD0FB
:1069F000BDF848709819BFB901279CF801200132F1
:106A00009A550136F6B20B9AADF848709642CCD33F
:106A1000B5422AD229492A48A8232A4A0CF0B2FCB6
:106A2000A82128480CF0A5FC012F06D112F831202E
:106A3000013602270270F6B2E5E79CF80120ABEBC5
:106A40000601D21B02328A4228BF0A46DCF804C083
:106A5000B91E61440D930C920FF0FEFA0C9A0D9B37
:106A600017443244BFB2D6B2CDE70A9BAD1B93B1F7
:106A7000002D0CBF03230123DDE9080100228AF861
:106A800003608AF801301395FEF7D0FE00287FF4EA
:106A9000B3AE0A9067E7B5FA85F35B095B00EBE7F5
:106AA0006FF00A00A8E66FF06800A5E61804002061
:106AB00075A902009C6A0200A3A90200EBA90200CA
:106AC000DF8D0200BCA90200F8B5046906464568DE
:106AD00044B140F201432B403ED005F48263B3F54C
:106AE000806F39D015F4806302D115F4F84F33D19B
:106AF0001A4BAB4330D01A4F3078FB7983422BD9F5
:106B0000C0EBC0000722174938440FF023FAA8B1A0
:106B100015F0010306D197F84320082A02D8B2687D
:106B20009F2A19D915F0300F09D0ACB1EA060AD462
:106B300005F46035B5F5603018BF0120F8BDEB06EF
:106B400001D4002CF4D1D6E902239A4204D81F2A9A
:106B500002D9B3F5804FEBD90020EFE7000604001F
:106B600018040020909E0200072208B5034909304E
:106B70000FF0F0F9003818BF012008BD909E020008
:106B8000F8B5154B067804460D4683F84260FFF7CA
:106B9000EBFF70B93046114901F06EFB044610B9A5
:106BA0006FF00B00F8BD052100F06AFF00202C609B
:106BB000F8E704F109073946304601F0A1FB40B976
:106BC0002078394601F058FB04460028E8D0062119
:106BD000EAE76FF01500E5E718040020899E02003F
:106BE00038B504460D46FFF7BFFF0346207873B95A
:106BF0000522094901F0B0FB044660B1457200214D
:106C000000F03EFF2046BDE8384000F0E9BE062215
:106C100004F10901EEE738BD899E0200F8B50025B0
:106C20000D4E002130460DF0DCF9074668B95822B8
:106C30000A4C02FB054420460FF01BFA3946304649
:106C40000DF009FA65702046F8BD0135142D06F1E6
:106C50005806E6D10C46F6E7081F0020F81E002073
:106C60002DE9F74FD1F810A00746BAF100040E46FF
:106C700042F236004FF01901934618BF0124FEF787
:106C80001FFB8146002800F0068119210C30FDF71A
:106C9000DBFC0546192200210FF0EBF97168224652
:106CA0003846396505F10A03FFF7D6FC044630B1D2
:106CB0004846FDF79BFB204603B0BDE8F08F07F187
:106CC0000900BAF1000F00F0B98031690DF09AF9AE
:106CD00030460DF059FA7B7880462B70B368EB7024
:106CE000C3F307221B0C2A716B71F368C3F30722ED
:106CF000AB711B0CEA712B7270680DF063F9002305
:106D0000AB747F23EB74012368722B75736803F4F3
:106D10004063B3F5806F14BF01230223AB75736822
:106D2000D80442BF03232B75AB75736883F480646A
:106D3000C4F3802459044FEA041448BF44F04004CB
:106D40009A0444BF44F02004A4B2DB0544BF0123ED
:106D50002B76736813F0010F03F4007100F08B8041
:106D600044F0010292B2BAF1000F6ED011B9BBF13A
:106D7000000F65D044F00304A4B2DB064CBF44F01E
:106D8000040244F00C02316992B205F10B00A246F4
:106D90000DF038F9144673784946EB75B37842F232
:106DA0003600A5F801406B7501AAFEF73FFD0446C9
:106DB000002880D1019807F11005C36893F90130CC
:106DC0003B76FDF713FB012128460DF044F96FF0E7
:106DD00008010DF00CF9000755D46FF480412846E6
:106DE0000DF005F908F1FF335A425A4128460821AF
:106DF0000DF01EF9A8F102014A424A412846092134
:106E00000DF016F9726828460A2102F001020DF011
:106E10000FF92846CAF340020B210DF009F97268F8
:106E200028460D21C2F380020DF002F972680C2190
:106E30002846C2F380220DF0FBF83CE7174945E7EE
:106E4000B8F1020F96D0144697E758050DD444F0D8
:106E50000304A4B269B9BBF1000F0ED1B8F1020F5F
:106E60000BD0BAF1000F88D103E051B144F0030414
:106E7000A4B2A2468FE70029EDD044F00204A4B2E8
:106E8000EFE71446E7E73846F91C0DF02BF8002829
:106E9000A3D004460FE76FF068040CE7909E020051
:106EA000132808B501D9002008BD582310FB03F3AF
:106EB000054A03F11000002110440DF092F800285B
:106EC000F1D09818F0E700BFF81E002010B5054C6F
:106ED000A06930B16FF0010110300DF088F8002387
:106EE000A36110BD1804002070B5364B86B09E69B2
:106EF000002E43D006F110050E2128460DF071F842
:106F000000283BD0072128460DF06BF8B0BB0A21C2
:106F100028460DF066F888B3304605A9FFF730FE25
:106F200060BB3046FFF720FE0E21024628460DF0DA
:106F300058F880F00104E4B20A21284664000DF0FC
:106F400050F808B144F001040D2128460DF049F82D
:106F500008B144F00404214630460DF11303FFF755
:106F60007BFB044660B1184B03900293002301227F
:106F70001846CDE9003315490DF04BF806B070BD49
:106F8000304601210DF052F9059E28B9304606B071
:106F9000BDE8704000F024BD2146304600F070FD91
:106FA0006FF4804128460DF022F80446304600F088
:106FB00017FD6304E2D50E21284606B0BDE87040F7
:106FC0000DF049B81804002029AA02009C6A0200AA
:106FD000F8B504460F461646134BD3E8AF3F5B07A0
:106FE00019D5FFF771FDC8B1FFF718FE0546C0B10E
:106FF00023782146002203704761FFF731FE0446E3
:1070000038B16FF0010105F110000CF0F0FF2046DF
:10701000F8BD3560FBE76FF00A04F8E76FF0150480
:10702000F5E76FF00B04F2E7C00400200023F0B591
:1070300000F1100787B005460E4638460721059334
:107040000CF0CFFF00285BD10A2138460CF0C9FFB5
:1070500000283FD1002E47D13246062138460CF099
:10706000E7FF0A2138460CF0BCFF38B90D2138463D
:107070000CF0B7FF10B928460CF083FF28460DF03E
:1070800073F858B1022138460CF0ABFF034628B91B
:1070900002460146009028460DF0CEF828463246BA
:1070A00001210DF081F8059D044630B30026164BF2
:1070B0000122029330463346CDE9006613490CF0B5
:1070C000A8FF75B13146284600F0DAFC284600F0EA
:1070D00087FC06E0284605A9FFF752FD0446002874
:1070E000B8D0204607B0F0BD338823B9B278003A53
:1070F00018BF0122B1E70122AFE7002DE6D1F0E78A
:107100006FF07704EDE700BF0EAA02009C6A020050
:107110002DE9F043C56887B06878FFF7C1FEB5F880
:107120000290044658B9424B0122CDE9010341497E
:10713000034600900CF06DFF07B0BDE8F08304F14A
:1071400010080DF076F8072140460CF04AFF6FF06A
:107150008001064640460CF04AFF374F237887F8F7
:1071600042300023397FFA8B5BB32B78002B35D16B
:107170000121484600F05AFD064600283BD16FF039
:10718000400140460CF033FF43060CD520460CF07E
:107190000FFF63693BB11B682BB12A7920468DF83C
:1071A000142005A99847BB699C42C5D10E214046D1
:1071B0000CF017FF002835D007B0BDE8F043FFF70B
:1071C00093BE0029D1D06B889342CED116B11B4813
:1071D000FEF7EEFE00233B770123C3E70A2140467A
:1071E0000CF0FFFE18B120462978FFF7F9FC2B7848
:1071F000002BC4D1BCE7236D7E301A0357BF317A10
:10720000A11CC1EBC101C9190CF0FCFE63692BB1D3
:107210005B681BB12046059605A99847304600F0EB
:10722000DFFBACE707B0BDE8F043FFF74FBE00BFA0
:107230005FAA02009C6A02001804002035040020A6
:1072400070B5C56888B02878FFF72AFE044650B9A3
:10725000144B0122CDE901031349034600900CF0C1
:10726000D8FE08B070BD4369002BFAD09B68002B94
:10727000F7D0013528460CF039FD06AE294648B155
:1072800030460CF028FD636920469B68059605A9E9
:107290009847E6E720780CF020FE014630460CF0D7
:1072A000B1FEF0E75FAA02009C6A020010B5044636
:1072B000FCF79AFE044901EB00112046FDF760FB44
:1072C000BDE81040FEF774B9905C002070B505462B
:1072D000134B1C6844B154F8143C143C13B12846B9
:1072E000697A98476469F5E70E4C0F4EB44215D998
:1072F0000E4940F28C730E4A0E480CF043F80E48CB
:107300000CF040F840F28C7109480CF032F8236818
:1073100013B12846697A98471834E7E7F7D370BD68
:10732000C45C00208C6A02008C6A0200A3AA0200DE
:1073300073AA0200DF8D0200D091020070B50E46E4
:1073400005460CF0D7FC014648B10F490F48982379
:107350000F4A0CF017F898210D480CF00AF800229B
:1073600000230C48FCF788FE044658B1FCF73CFEAD
:10737000094B3246294603EB00132046BDE8704016
:10738000FDF736BB70BD00BFBEAA0200DF8D020054
:1073900073AA02003C0B0020905C002070B50446EC
:1073A00049B90E490E4840230E4A0BF0EBFF40212D
:1073B0000C480BF0DEFF0022D1E901560A48C1E972
:1073C00001220EF08FFA3DB1314620462B46BDE832
:1073D00070406FF06D02184770BD00BFD8AA020060
:1073E000DF8D020073AA0200840A002010B50C464B
:1073F000817801290BD00C490C4840F2D5330C4A56
:107400000BF0C0FF40F2D53109480BF0B2FFA16983
:1074100004F118001160E26900211A60E27ABDE807
:1074200010400EF026BE00BFDBAA0200DF8D020076
:1074300073AA02007FB5837A0446072B41D104303A
:10744000D0E8EF3F43F48072C0E8E12F0029F7D184
:10745000D90536D40CF03EFF10F4804F1A4EC0F31D
:10746000803518D096F8B130DA072AD500250223E6
:1074700029461A46204600950CF0E2FC08B3134B4F
:107480000390CDE9015301222B462846104900956F
:107490000CF03AFF15E096F8B0301B07E2D5204615
:1074A0000CF0B4FC50B10B4B0390CDE90153012219
:1074B0002B462846064900950CF026FFA37A072B99
:1074C000D0D004B070BD00BF180400200EAB020085
:1074D000B46A0200EDAA020070B50546002200233E
:1074E000164807F009FC38BB154B1C6834B154F83A
:1074F0000C3C143C03B198476469F7E7114C124EF9
:10750000B44213D911494FF4D263114A11480BF018
:1075100039FF11480BF036FF4FF4D2610C480BF0E5
:1075200028FFA36803B198471834E9E7F9D3284640
:10753000BDE8704007F02EBF70BD00BF4C0A0020B0
:10754000C45C00208C6A02008C6A0200A3AA0200BC
:1075500073AA0200DF8D0200D09102002DE9F843EA
:1075600004460EF097FD1E4B1A581E4B9A4211D13D
:1075700040270025DFF87080EFF3118387F312882E
:10758000BFF36F8FE16989B983F31188BFF36F8F00
:10759000BDE8F883154916484FF48973154A0BF076
:1075A000F1FE4FF4897113480BF0E3FE206A0A687C
:1075B000814208BF2262E26183F31188BFF36F8FBB
:1075C000D1E901694046C1E901550EF08BF91EB1C0
:1075D000002249462046B047FDF7EAFFCCE700BF4E
:1075E00008000000A8590020840A002025AB0200F2
:1075F000DF8D020073AA02000348B0F8DC30E030EF
:10760000002B08BF002070471804002070B5044606
:107610000EF040FD0E461549154A09588AB09142B0
:1076200005D120460AB0BDE87040FFF797BF24346B
:10763000214610460EF0D4F9051E0FDA4FF4A5735B
:107640000C4A0D490D480BF09DFE29460C480BF0E5
:1076500099FE4FF4A57107480BF08BFE1EB16946E9
:10766000204607F09DFE0AB070BD00BF0800000074
:10767000A859002073AA02007C930200DF8D02004B
:107680006BAB020038B5002204468A4202D10024C6
:10769000204638BD012004F1C803D3E8EF5F002D78
:1076A00004D1C3E8EC0FBCF1000FF6D102D0D03406
:1076B0000244EAE7002CEAD0C822002120460EF05E
:1076C000D8FC04F14000044907F080FF034904F1AD
:1076D000240007F075FDDBE7058401002743020065
:1076E000F0B50D461646012187B00446FFF78EFF20
:1076F000002128460CF03BFB012E20D0022E54D155
:10770000236963B14C4B0122029300234B49184675
:10771000CDE900330CF0F8FD20460CF007FE2846BA
:10772000FCF792FE20612269138A012B49D8208838
:107730000CF01FFB012128460CF019FB10E0236917
:1077400063B93F4A1846CDE901323C4932460093BD
:107750000CF0DAFD20460CF0E9FD01E02F8A2FB98C
:10776000284607B0BDE8F040FCF740BE03F10C002E
:107770000CF031FA874211D90027324B3246384695
:107780002E490293CDE900773B460CF0BDFD3A4609
:107790002046216901F004F92761E1E720692A8A7E
:1077A000E9680C300CF01FFABDE7274B0122029369
:1077B000002322491846CDE9003303960CF0A4FDBE
:1077C000C8E7D26816880436B6B2B342AFD32846AB
:1077D000FCF70CFE25692B8A9E4211D2CDE90336B7
:1077E0001A4B01220293002314491846CDE90033B5
:1077F0000CF08AFD204607B0BDE8F0400CF096BDC5
:10780000002323612A7A012A0FD040F2D913104AAB
:10781000104911480BF0B6FD297A10480BF0B2FD63
:1078200040F2D9110A480BF0A4FD2946204607B0C2
:10783000BDE8F04001F0B4B886AB0200B46A0200C3
:10784000A3AB0200C1AB0200E8AB020006AC020031
:1078500073AA020021AC0200DF8D02002FAC0200EF
:10786000034610B590B100F1C80210460CF032FD8D
:10787000C0B1411CD2E8EF4F844204D1C2E8EC1FF2
:10788000BCF1000FF6D1F0D1184610BD06490748EB
:1078900040F2CF53064A0BF075FD40F2CF51044839
:1078A0000BF067FD0346EFE7FBAF0200DF8D020040
:1078B00073AA020038B50122044600F1BC03D3E8E4
:1078C000EF5FC3E8E12F0029F9D15DB9FFF7C8FFE9
:1078D000084BC4F8B850D3F8001104F1B80229B924
:1078E000C3E93F22BDE83840FDF762BE0A60C3F835
:1078F0000021F7E71804002070B5334DD5F8FC409F
:1079000014B90026304670BD304B5A8C22B1B5F800
:10791000DC302BB99B68FFDE1B68002BF1D0F6E74B
:10792000D5F8E830002BECD0294B1B68002BE8D0B1
:1079300054F8143C002BE4D054F8103C002BE0D059
:1079400054F80C3C002BDCD014F8AE2CA4F1B80693
:10795000072A0DD13046984750B104F108000CF0C9
:10796000B9FC022804DC3046BDE87040FFF778BF60
:10797000D5F8FC305BB91749174840F2C133174AB4
:107980000BF000FD40F2C13114480BF0F2FCD5F8C9
:1079900000111A688B4208BFC5F800219C42C5F847
:1079A000FC20E8D10022231DD3E8EF1FC3E8E02F1D
:1079B0000028F9D1304654F80C3C98470028A1D053
:1079C0003046FFF777FF9DE7180400203C0B0020AE
:1079D000840A00203DAC0200DF8D020073AA020081
:1079E00037B570B91E4940F2F7531E4A1E480BF0D6
:1079F000C9FC1E480BF0C6FC40F2F75119480BF0C9
:107A0000B8FC8578C478C830D0E8EF3F5A1EC0E88B
:107A1000E12F0029F8D101A801930CF05BFC019B38
:107A2000002B0CDC124940F207630E4A0E480BF0A3
:107A3000A9FC10480BF0A6FC40F20761DEE7012824
:107A40000BD10D4807F014F90C4807F0A3FC012DE9
:107A500003D1012C01D1FFF747FA03B030BD00BFBD
:107A6000FBAF020073AA0200DF8D020047AC0200E8
:107A700066AC02006EAC02004C0A0020E805002053
:107A80007FB5867A04468E420D4612D1082E96BFE7
:107A90005C4B5D4B53F8263003935C4B0293002301
:107AA00002221846CDE9003359490CF02DFC04B0F0
:107AB00070BD817226B98378082B01D0FFF7D0FE04
:107AC000A37A082B00F29A8001A252F823F000BF9B
:107AD0002D7B0100A97B0100AF7A0100AF7A010084
:107AE000AF7A0100AF7A0100AF7A0100F57A0100A8
:107AF000AF7A0100A378042BD9D00021454809F0C2
:107B00009FFD0023C4E90D33E378012BCFD1A37887
:107B1000414A012B04BF032384F89430002304F16D
:107B2000400004B0BDE8704007F0F2BDA378042B1C
:107B300005D1204604B0BDE87040FFF751BF082EC4
:107B4000B5D801A353F826F0A37B01006D7B01009B
:107B5000957B0100337B0100337B0100337B010007
:107B6000957B0100A37B0100A37B010004F140058C
:107B7000284607F04DFE01212046FFF747FD20462D
:107B80000CF0D4FB00220023284604B0BDE870406E
:107B900007F038BE637A002BCBD02046FFF796FB68
:107BA000C7E71E4B039579E7637A3E2B0AD11C4B3E
:107BB00002220293002316491846CDE900330394AC
:107BC0000CF0A2FB174D05F1E006616921B904B084
:107BD000BDE87040FDF7ECBCA2690B68914208BF9C
:107BE000A36120466361FFF7D9FBB5F8DC30002BB9
:107BF00014BF3046002007F03BF8E6E70A4B039538
:107C00004CE700BF547402008CAC020096AC02003A
:107C1000B46A0200F80500205A620200A7AC020014
:107C2000BEAC020018040020E5AC02007FB502469D
:107C300006460C460D4801210CF081FB054618B99B
:107C40000025284604B070BD83782340F9D1084A46
:107C50001846CDE9013207490222039600930CF041
:107C600053FB2846FFF7BCFEEAE700BFD8250020FB
:107C700001AD0200B46A0200F8B5074609480D4696
:107C80001646FFF7EDFD044650B183781F4203D13D
:107C9000BDE8F840FFF7A4BE3146A8472046F7E705
:107CA000F8BD00BFD8250020002201200149FFF7C0
:107CB000E3BF00BF357401000C4A08B50C49831AB4
:107CC0001B11904201FB03F30ED00A4940F22D63D1
:107CD000094A0A480BF056FB09480BF053FB40F2E7
:107CE0002D6105480BF045FBD8B208BDD825002012
:107CF000C54EECC418AD020073AA0200DF8D02006D
:107D0000E1AD02002DE9F04385B00F4605469046EF
:107D10001C46164699460DF073FE014658B11A49A5
:107D20001A4840F249631A4A0BF02CFB40F24961B1
:107D300017480BF01EFB54EA080408D00EF0AAF90D
:107D4000144A154B12589A4204BF0E46B1461349C5
:107D500032464B46002D14BF284608460BF024FF40
:107D6000044660B90E4B0222CDE901030D490346DA
:107D700000900CF0C9FA204605B0BDE8F083791DEB
:107D80000C30FCF7E3FBF6E7FBAD0200DF8D0200F1
:107D900073AA020008000000A8590020A00A0020D1
:107DA0000AAE0200B46A020010B50446054807F0A6
:107DB000F1FA204600F06CFC2046BDE81040FFF7C9
:107DC00085BA00BFD805002010B5837A0446023B6F
:107DD000062B29D8DFE803F00B042828281E090009
:107DE000417200212046FFF74BFE002010BD837832
:107DF000012BFAD040F273730D4A0E490E480BF076
:107E0000C1FAA1780D480BF0BDFA40F27371084831
:107E10000BF0AFFA00880BF0D3FF0028E6D1A37A6D
:107E2000072BE2D10821DDE76FF07F00DEE700BF1E
:107E300073AA020043CE0200DF8D020033AE0200BF
:107E40002DE9F04F00258BB007950995FFF754FDFC
:107E50000446C8B1837A072B1FD09F4B0390CDE90E
:107E6000015302222B4628469C4900950CF04CFAFF
:107E70004FF0FF312046D4F8A43008AA98470146B5
:107E800028B92046FFF7ACFD0BB0BDE8F08F2046C7
:107E9000099B079A0CF021FAEAE7DFF84492D0F840
:107EA000A430B9F8DC1008AA984706460028E8D0A4
:107EB000B9F8DC20089B9A4206D30146D4F8A850B2
:107EC000204609AB07AAA847DDE9078B338A099F3B
:107ED0005BB9844940F29123834A84480BF052FAFB
:107EE00040F2912180480BF044FA30460BF002FF3B
:107EF000824648B17B4940F297237B4A7B480BF08E
:107F000041FA40F29721EDE7B9F8DC307848002BD0
:107F100008BF00200022002306F0EEFE60B1714988
:107F200040F2A623704A71480BF02CFA71480BF00E
:107F300029FA40F2A621D5E7002200236E4806F078
:107F40002BFE054660B967494FF42C73664A6748B3
:107F50000BF018FA69480BF015FA4FF42C71C1E7D1
:107F6000C0E90187B9F8DC70337ABB4598BF1FFAC6
:107F70008BF7012B09D062494FF431735A4A5B48A1
:107F80000BF000FA4FF43171ACE7338ABB4211D9E0
:107F90003046FCF759FA3946FFF7D0F9074660B981
:107FA000584940F2D223504A50480BF0EBF940F2C6
:107FB000D22197E739463046EEE7B9F8DC3094F83D
:107FC000C4809B458EBF4FF0010A08F102085FFA9A
:107FD00088F884F8C4A004F1C00BDBE8EF3F01335C
:107FE000CBE8E23F002AF8D100232B60A369A3B9B4
:107FF000C4E9055594F802A0BAF1010F10D040F27F
:10800000F623394A374939480BF0BCF9A1783E4884
:108010000BF0B8F940F2F62164E71D60A561E9E7CD
:10802000042107F10C00FCF7B3FA238808F0FD08DF
:1080300043EA083303803B8A043B438002233846EB
:108040003B76FDF797F98046002842D0DBE8EF3F0A
:10805000013BCBE8E23F002AF8D1294604F11400A5
:108060000CF017F9CDF80C804FF00008274B524662
:1080700040461A490293CDE9008843460CF044F982
:108080003846FCF7B3F920462946FFF787F9B9F8D7
:10809000DC301748434508BF404606F0E9FD6FF065
:1080A000040303931A4B52464046CDE901830B4922
:1080B00043460494CDF800800CF026F93146204662
:1080C000099B079A0CF009F913212046FFF77CFE63
:1080D000D7E6FDF76DFAD4E64AAE0200B46A0200B4
:1080E0001804002043CE020073AA0200DF8D0200B4
:1080F000F804002061AE0200840A002076AE02007F
:1081000086AE02009BAE0200AFAE0200CEA302001C
:10811000CCAE0200F8B5031D044618460CF0DAF8A0
:10812000020515D5B4F88620B4F8881091420FD80E
:10813000B4F88A1091420BD3D4E92312914207D1AB
:10814000D3E8EF1F21F40061C3E8E21F002AF7D152
:10815000184B1D686DB155F8046C143D3EB12046B6
:10816000B4F88E30B4F88C20B4F88610B0476D693E
:10817000F0E7114D114FBD421AD9114940F2D773A2
:10818000104A11480BF0FEF810480BF0FBF840F2D3
:10819000D7710C480BF0EDF82E693EB12046B4F8CB
:1081A0008E30B4F88C20B4F88610B0471835E2E76A
:1081B000F2D3F8BDC45C00208C6A02008C6A020015
:1081C000A3AA020073AA0200DF8D0200D091020070
:1081D0002DE9F041074608460D460BF0CBFD06465B
:1081E00018B900263046BDE8F0811C4B1C6884B1EC
:1081F00054F8083C143C0BB96469F8E72946384642
:1082000098470028EDD028460BF0B4FD0028F3D1A4
:10821000E7E7134CDFF84C80444518D9124940F683
:108220001F03124A12480BF0ADF812480BF0AAF8DF
:1082300040F61F010D480BF09CF829463846984738
:108240000028CED028460BF095FD20B9C9E7C9D249
:10825000E368002BF1D11834DEE700BFC45C0020D6
:108260008C6A02008C6A0200A3AA020073AA0200B0
:10827000DF8D0200D091020038B505460C460E484D
:108280000121FFF7FFF9B0B1057223680367A388E6
:10829000A0F87430A37980F8763001238370074BFF
:1082A000C0F8A430064BC0F8A830064BC0F8AC307C
:1082B000054BC0F8883038BDD8250020C1870100A3
:1082C000ED730100C94202001800280070B5054690
:1082D0000A480E46FFF7C4FA044620B18378012B02
:1082E00004D0FFF77DFB0024204670BD32462946AE
:1082F0000CF047F80028F7D12046F2E7D8250020F7
:1083000030B587B00D46FFF7E1FF0446D0B12846EF
:10831000FCF74EFAA37A0C49082B96BF0B4A0C4B7C
:1083200052F823300394CDE904030A4B022202934E
:1083300000231846CDE900330BF0E6FF2046FFF797
:108340004FFB012007B030BDB46A02005474020034
:108350008CAC0200EFAE0200F8B505460E480E46A2
:108360001746FFF77DFA044620B18378012B03D02E
:10837000FFF736FB00240DE036B1324629460CF0FB
:1083800000F808B92046F3E7A37ABB42FAD1237A72
:10839000AB42F7D12046F8BDD825002038B50446B9
:1083A00008460D460BF0E6FC38B3154B93F8B03099
:1083B000990707D4E37873B129462046BDE83840D1
:1083C00000F026BB94F895309A07F3D5201D0BF0EA
:1083D00081FFC304EED4294620460BF0F4FF58B9C0
:1083E0002B88A4F888306B88A4F88A30AB88A4F86E
:1083F0009030EB88A4F8923038BD6FF01500FBE7A1
:1084000018040020F0B510F8363C044687B0A0F1FF
:1084100040078BBB38460CF074F8404B1D684DB1DB
:1084200055F8103C143D1BB1384614F8371C9847DA
:108430006D69F4E73A4D3B4EB54216D93A4940F2E0
:108440009D733A4A3A480AF09DFF3A480AF09AFF6B
:1084500040F29D7135480AF08CFF6B681BB13846BD
:1084600014F8371C98471835E6E7F6D3384607B0B6
:10847000BDE8F040FFF7B4BA10F83E3C012B25D11F
:10848000A0F13C05D5E8EF6F26F40063C5E8E23FB4
:10849000002AF7D116F4006626D0A36C3846049360
:1084A000236D04A90593FFF779FF88B9D5E8EF3F5D
:1084B00023F48063C5E8E23F002AF7D1D5E8EF3F17
:1084C00043F40073C5E8E23F002AF7D107B0F0BDDE
:1084D000194B039002930023CDE900330222184682
:1084E00016490BF011FFE9E7154A04AB1068516813
:1084F00003C3384604A9FFF751FF40B9D5E8EF3F61
:1085000043F48063C5E8E23F002AD7D0F6E70D4B7D
:108510000390CDE9016300963346DFE7C45C002099
:108520008C6A02008C6A0200A3AA020073AA0200ED
:10853000DF8D0200D091020028AF0200B46A020071
:10854000847202004DAF020010B50C480DF0BDF969
:108550000B490A480DF0C6F90A4908480DF0C2F95E
:10856000094906480DF0BEF90CF0A7FB0CF04BFED4
:10857000044608B90CF010F8204610BD840A00200B
:10858000A05C0020AC5C0020B85C0020F0B50023AB
:1085900005460F46164604214FF22442002085B0BE
:1085A000FFF7B0FB044660B90A4B0122CDE9010395
:1085B00009490346039500900BF02EFF204605B0B5
:1085C000F0BD04210C30FCF73FF805704770468081
:1085D000F4E700BF00B00200DC6A02001FB50B4CDC
:1085E000002322682AB91046094B63600C6004B06E
:1085F00010BD084A0390CDE9013218460122064910
:1086000000930BF009FF6FF00B00F0E7CC5C00204B
:108610009874020028B00200DC6A020010B50268FB
:10862000D2F8B0305BB916494FF42F73154A16488B
:108630000AF0A8FE4FF42F7112480AF09AFED2F801
:10864000B4401968A34208BFC2F8B410C2F8B01011
:1086500000F14C029342E6D100225030D0E8EF3FC7
:10866000C0E8E12F0029F9D14BB908494FF4307324
:10867000044A05480AF086FE4FF43071DCE710BD6D
:1086800080B002004FB00200DF8D02009AB00200FD
:10869000F7B5044600262A4D2A4FBD424DD92A4936
:1086A0004FF4C973294A2A480AF06CFE29480AF097
:1086B00069FE4FF4C97125480AF05BFE20466B68DD
:1086C00001A99847002833DB019B2A889A829A8463
:1086D000A86803F11002D2E8EF1FC2E8EC6FBCF10A
:1086E000000FF8D1C3E91466DE649E60A16B03F14C
:1086F0000802F9B9C4E90D221C60D86003F130000A
:108700000DF0E3F8019843681B6803B19847019B9B
:108710001033D3E8EF1F41F00101C3E8E21F002A44
:10872000F7D101984368DB6913B100F11001984754
:108730000C35B2E70A60A263DEE7BFD303B0F0BD39
:10874000686A02008C6A02009EB002004FB002000C
:10875000DF8D0200D091020070B50546006886B03A
:1087600038B3807A072824D1002A14BF02200120C0
:108770000E7A86420FDD104BCDE9030602930023EB
:1087800001221846CDE900330C490BF045FE6FF08D
:10879000150006B070BDC87A0728F8D98A61CB6188
:1087A00005F130000DF09EF828460BF045FE002044
:1087B000EFE76FF07F00ECE7C5B00200DC6A020073
:1087C0002DE9F0430E469046D0F8B04085B04CB14C
:1087D0004C3C236B6BB104F1300948460DF097F81F
:1087E000054658B9FCF7E4FE0025284605B0BDE86B
:1087F000F0832046FFF712FFE46CE8E70BF07AFA0B
:1088000058B12E4B0122029300232D491846CDE981
:10881000003303950BF000FEE6E7636D9BB9A38C74
:108820002F8A403B9BB23F2B03D8238D9F4228BF0A
:108830001F46042105F10C00FBF7AAFE0780A38C5C
:10884000043743806765636D2A8A9E4221D3934231
:1088500012D100220023484606F09EF9854221D01D
:108860001849194840F2CB33184A0AF08BFD40F200
:10887000CB3116480AF07DFDA38C403B9BB23F2BC9
:1088800019D92046FFF7CAFE236B13B120460BF01F
:10889000D3FD636D9E422CBF00269E1BC8F800309E
:1088A0006665A2E7A38CA3F140023F2AE9D8084AF3
:1088B000AA61EB61E5E700221346F9E7E5B00200A3
:1088C000DC6A0200FDB00200DF8D02004FB0020042
:1088D0004B45020070B50B8A0646032B0C4686B04A
:1088E00003D8294B029300231CE0042104F10C005F
:1088F000FBF78CFE238A428805469A420ED0CDE9CA
:108900000332224B01220293002321491846CDE96C
:1089100000330BF081FD002006B070BD43784BB9E9
:108920001C4A029201221846CDE9003318490BF087
:1089300073FDF0E70378012BEDD0132B03D1012A4F
:10894000E9D8154BCEE700240393144B02222046AE
:108950000F490293CDE9004423460BF05DFD697891
:10896000022201203668FFF711FE05460028D2D00A
:1089700002210C30FBF768FE294604704470304633
:108980000BF0F0FDC7E700BF06B1020024B1020002
:10899000DC6A020045B1020066B1020082B1020049
:1089A00030B50B8A0546032B0C4685B00FD8154B06
:1089B00001220293002314491846CDE900330BF03D
:1089C0002BFD204605B0BDE83040FBF70FBD04216C
:1089D00004F10C00FBF71AFE418828460BF0D3FD8A
:1089E000034648B9094A0391CDE90102064902222A
:1089F00000900BF011FDE4E7436821465B6998475E
:108A0000DFE700BFAAB10200DC6A0200C7B10200C2
:108A100070B5124B0C46197805460131C9B20129CF
:108A200038BF0121082212201970FFF7AFFD06465A
:108A300088B108210C30FBF707FE228831460280FE
:108A400062884280A2888280E288C2802846BDE88F
:108A500070400BF087BD6FF00B0070BD0366002007
:108A600023281FD81A2804D8431E182B0ED90620F5
:108A70007047A0F11B03082B1ED8DFE803F0051D8B
:108A80001B231D19251D05000320704701230F4AD4
:108A900083401A40C2B90E4A1A40002A14BF01206E
:108AA0000620704700F07F03522B05D1002070474D
:108AB000012070470520704710F0400F0CBF0620C2
:108AC000002070470420704702207047AAAA8A023B
:108AD00054554501011F014805F0BCBD9409002013
:108AE0002DE9F04F42F60103002593B01668804649
:108AF0000F4600680DA9D6F8049014468DF834503E
:108B0000ADF836300BF08BF8002876D04FF42053B8
:108B1000D8F800000DA98DF83450ADF836300BF0C0
:108B20007EF838B1A3681BB15A88BA4200D25F8080
:108B300001200EE0616808460BF039FD728D738BE1
:108B40009A4294BFC0EB0200C0EB0300032803D895
:108B5000002013B0BDE8F08F0846FBF78DFC0546FA
:108B600060680BF024FD728B738D05F10C0B9A423B
:108B700094BFC0EB020AC0EB030A58460BF02BF877
:108B800082453DD260680BF012FD728D738B9A4264
:108B900094BFC0EB0200C0EB030070B96368987A21
:108BA000FBF71AFA002200230AF0FEFF0546002810
:108BB000CED001466068FBF7A5FC0023009310238C
:108BC000D8F80460414648460DEB0302B047061E44
:108BD00013DB227CE068B24231D001460DA80BF0D5
:108BE0004CF8034680B9227C0392174ACDE9013242
:108BF0001649022200930BF0CFFD0023A36097E7F4
:108C000058460AF0E8FFC8E7F2B204A908A80BF03A
:108C100034F8034610B90E4A0396E7E708A90DA8F1
:108C20000AF0FDFF0028E8D100230421637405F158
:108C30000C00FBF709FDA0600780A36877E704A993
:108C40000DF088F9EEE700BF03B20200A46A02004B
:108C500022B2020010B5044600F15803D3E8EF1F1A
:108C600041F00101C3E8E21F002AF7D1201F0BF0F9
:108C700050FD04F17C00044906F0A8FC2068BDE822
:108C8000104002F005B800BF359C01002DE9FF41FE
:108C90004FF000084FF4205305460E46006802A925
:108CA000144617688DF80880ADF80A300AF0B7FF4F
:108CB000A0B142F60103286803A98DF80C80ADF835
:108CC0000E300AF0ACFF48B123691BB15A88B2429A
:108CD00000D25E80012004B0BDE8F08161682868A0
:108CE0000AF09DFF10B100232361F3E7E368A06859
:108CF0001A786AB1B7F82AC0798B038A8C4594BF79
:108D0000C3EB0C03C3EB0103934201DA0020E2E75B
:108D100004210C30FBF798FC20610680236929466A
:108D20005E80074B0194009338460023A2680BF045
:108D300042FD0028EADB2069003818BF0120CAE79D
:108D400079470200F0B587B004460F4600220023A1
:108D5000324804A905F0F2FB054678B1304B0122F8
:108D600002930023CDE90033039418462D490BF0FC
:108D700013FD6FF00B06304607B0F0BD0DF08AF919
:108D8000294B049E1A58294B29461A60301D2C2263
:108D90000DF06FF93460049C00220023C4E90155F2
:108DA000C4E90A55224805A9059505F0C7FB064602
:108DB00040B12368022203931E4B0095CDE9015375
:108DC0002B46D2E7059B0146B82218460DF051F913
:108DD000194A826064300CF078FD059B5C33D3E85F
:108DE000EF2FC3E8E16F0029F9D1059B1C60A36A4E
:108DF000059D1BB904F10C000CF067FDA26A05F19A
:108E0000B003C5F8B020E26AA36202B9E362172298
:108E1000059B5A855A8304333B60ACE774090020F4
:108E200041B20200A46A0200080000006C5D00204C
:108E30009409002066B20200080600202DE9F743DD
:108E40001768054688460068516814467E680AF02F
:108E5000E6FE8146002842D13046952229460CF094
:108E600051F90646207540B1E3681B780BB184F8D0
:108E70001490002003B0BDE8F083A068FBF7FCFA73
:108E800002210C30FBF7E0FB164B2061A0F80080BC
:108E900000930194334629463846A2680BF08BFCB8
:108EA000002807DA10F1FF0F32BF0E204042C0B297
:108EB0002075DEE72369002BDBD0A0680BF077FB81
:108EC0007B8D7A8B9A4294BFC0EB0200C0EB03000B
:108ED000E3681B78984294BF00200120CAE7012074
:108EE000C8E700BFBF4502001FB5837A072B08D033
:108EF000154B022202930023CDE900331846134993
:108F00000AE004210BF03FFB034658B9104A0F4911
:108F1000CDE90102012200900BF03EFC002005B0DB
:108F20005DF804FB00F15802D2E8AF2F12F0010205
:108F300006D1084B0092CDE9012313460122DDE75B
:108F400050F8040CEBE700BF8BB20200A46A0200E9
:108F500099B20200B4B2020010B50446807AFBF761
:108F60003BF80B4B83420BD00A490B484FF48D73EF
:108F70000A4A0AF007FA4FF48D7108480AF0F9F925
:108F80002046FBF731F81822054B02FB003010BDDC
:108F9000D40A0020FDB20200DF8D0200CEB2020032
:108FA000245D00202DE9FF47074608460C46FFF7E1
:108FB000D3FFE2680646D0F8089007F15C03D3E8D7
:108FC000AF3F13F001030ED1324A1846CDE901320A
:108FD0003149012200930BF0DFFB6FF015052846A5
:108FE00004B0BDE8F087238A5BB92C492C484FF4C4
:108FF000B3732C4A0AF0C6F94FF4B37129480AF04A
:10900000B8F94FF00008E3681B78C0F800800371DE
:109010001378D22B15D13B68214618680CF0F0F874
:10902000054670B1204B4046CDE9018301224346FD
:109030001949CDF800800BF0AFFB2046FBF7D6F9BD
:10904000CDE704F10C000AF0C2FD0023B4F810A033
:1090500080461A462146B760381DFFF77DFB05465E
:109060000028BCD010F1690F09D1104B01220293E6
:10907000002309491846CDE900330BF08DFB6369E5
:10908000A4F810A013FA88F3E360C6F808903560DE
:10909000A5E700BFB4B20200A46A020029B302002F
:1090A000DF8D0200CEB202004FB3020062B30200B5
:1090B00008B558B9194940F27A33194A19480AF0E3
:1090C00061F940F27A3116480AF053F949B9164964
:1090D00040F27B33124A13480AF054F940F27B31D4
:1090E000F1E74A684AB911494FF45F730C4A0D48D9
:1090F0000AF048F94FF45F71E5E7036E4BB10C4994
:1091000040F27D33064A07480AF03CF940F27D31CF
:10911000D9E7BDE808400BF077BC00BF85B302007B
:10912000CEB20200DF8D02009BB302008AB30200C0
:1091300094B302002DE9F04F85B00446FFF70CFF11
:109140000021D0E902561822D0F800A090F804902F
:10915000C788D0F810800CF08CFFA07AFAF73CFF9B
:109160006169834651B1637AD80705D4DBF82C30A6
:1091700020461B689B689847002363612146584638
:109180000CF0BBFBB9F1000F13D095B12B6883B184
:109190001B6873B1BAF1000F0ED0314B012202935C
:1091A000002330491846CDE90033CDF80CA00BF070
:1091B000F3FA05B0BDE8F08F4846FFF751FC0446CE
:1091C000281D0BF0B7FC052C39D80123A34013F060
:1091D0001409EED113F0090F05F15C021DD113F053
:1091E000220F2CD0D2E8AF3FDA070AD41E4B01225F
:1091F000029300231B491846CDE900330BF0CCFA4B
:10920000D7E72B6E002BD4D00023184A05F180003D
:1092100005B0BDE8F04F06F0F5BA2B681C68D2E83F
:10922000AF3FDB07E2D5002EC3D01FFA89F3BB4264
:10923000BFD241462046B04709F10109F5E74FF496
:109240002F730B4A0B490C480AF09CF821460B4837
:109250000AF098F84FF42F7105480AF08AF800BF19
:109260009FB30200A46A0200B4B202001C4E0E00BA
:10927000CEB2020043CE0200DF8D0200BEB3020078
:1092800070B50D46438B418D01328B4228BF0B4692
:109290009A42064686B00FD9CDE903321B4B022213
:1092A000029300231A491846CDE900330BF074FAF3
:1092B0000024204606B070BD2846FFF7D1FB0228E7
:1092C00016D0042814D04FF0FF324FF0FF330021A6
:1092D00010480BF02EF9044668B90F4B0122CDE976
:1092E00001030B490346039500900BF055FADFE7A5
:1092F00000230A4AEBE7FFF72FFE0121866004F105
:109300000C00FBF7A1F90570D3E700BFD7B302004B
:10931000A46A0200D40A002000B002001C4E0E0015
:10932000F0B50B8A04460D46076887B05BB9324A30
:109330001846CDE901323149012200930BF02CFA95
:10934000002007B0F0BD012105F10C00FBF75EF92C
:10935000BB7A0646072BF3D154F8043C002BEFD020
:10936000002301782648043C10F8337000EBC30258
:109370008F4214D12B8A5078977898422ED9CDE914
:109380000331204B0122029300231C491846CDE9EA
:1093900000330BF001FA012FD2D1042327E001336F
:1093A0000E2BE1D10025184B284603910293134957
:1093B0002B460222CDE900550BF0EEF93178084634
:1093C000FFF74EFB0028BBD00528B9D00029B7D045
:1093D0000623002220460BF0EDFBB1E75368294637
:1093E00020469847012F0346AAD10028A8D03178FB
:1093F0000029A5D0EDE700BFFCB30200A46A02007B
:10940000C074020031B4020017B40200F0B51E4669
:1094100003680D460039044618BF012187B018685B
:1094200017460BF08BFE40B904F15C000BF085FA97
:10943000002844D0002007B0F0BD002E41D01822F3
:10944000002168460CF015FE47BB236831461B68B7
:10945000304600930023ADF812300C9B1A4A039358
:10946000BDF834308DF80850ADF8103001238DF878
:1094700014306B460BF0E6F89DF81430C3B1002FA2
:10948000D8D00198FAF7B2FF9DF81430002DD1D052
:109490003246294620460BF08DFBCBE700223946A9
:1094A0002046FFF7EDFE01900028CED11120C2E743
:1094B00001990029BED020460BF06EFBBAE71220BE
:1094C000B9E70120B7E700BFE3450200F0B585B07A
:1094D0000F461646FFF708FDE0B1836A18461BB138
:1094E00050F8B03903B1B03B741C214638B1428BFF
:1094F000458DAA4228BF2A46A2420ED2A3B90E4BDE
:109500000222029300230D491846CDE9003303944B
:109510000BF042F9002005B0F0BD3246394605B0E7
:10952000BDE8F040FFF7ACBED3F8B05005B1B03D98
:1095300018460C462B46DAE750B40200A46A020033
:10954000F0B500230746124A124885B00D460AF0CE
:109550002BFB044660B9104B0122CDE901030F49F2
:109560000346039500900BF017F9204605B0F0BDB7
:1095700000F10C0609213046FAF7E8FF2046FFF714
:10958000EBFC012187603046FBF75EF80570ECE7E5
:109590001C4E0E00D40A002000B00200A46A020093
:1095A0002DE9F0410E8A0446043EF6B2022E08462A
:1095B0008CB001D0102E64D104210C30FBF726F8BA
:1095C0000DF1080805884788011D324640460AF01B
:1095D00054FB002857D09DB3002687B3BD422FD837
:1095E0004FF42053404601A98DF80460ADF80630D1
:1095F0000AF015FB40BB1422002107A80CF039FD2E
:1096000011212046FFF79CFF0990002837D0012147
:109610000C30CDE90748FBF717F800230A903946CC
:1096200003701A4A0B93284607AB0BF00BF80A9B02
:109630001B78FBB90998FAF7D9FE0A2301E03D46E9
:1096400001232A4610210EE042F60103404607A9F5
:109650008DF81C60ADF81E300AF0E1FA0028CAD07F
:1096600010232A46194620460BF0A4FA00200CB01D
:10967000BDE8F081204609990BF08EFAF6E711203B
:10968000F5E70420F3E70E20F1E700BF8D8C010021
:109690002DE9F043036804460D4685B001211868A2
:1096A0000BF04CFD40B904F15C000BF046F9B0BB87
:1096B000122005B0BDE8F0831022002168460CF0AE
:1096C000D8FC21212046FFF73BFF029048B34FF022
:1096D0000108DFF85490009405F10C072B8A012B48
:1096E00004D8204602990BF057FA18E038460AF0E1
:1096F00066FA6B464A46014606468DF80C800AF02B
:10970000A1FF9DF80C30002BE8D00298FAF76EFE0E
:109710003246202120469DF80C300BF04BFA0020F9
:10972000C7E71120C5E700BF974902002DE9F043C4
:10973000036804460D4685B0012118680BF0FEFC55
:1097400040B904F15C000BF0F8F8B0BB122005B092
:10975000BDE8F0831022002168460CF08AFC0F213E
:109760002046FFF7EDFE029048B34FF00108DFF806
:109770005490009405F10C072B8A012B04D8204645
:1097800002990BF009FA18E038460AF018FA6B460D
:109790004A46014606468DF80C800AF053FF9DF8B4
:1097A0000C30002BE8D00298FAF720FE32460E214A
:1097B00020469DF80C300BF0FDF90020C7E7112082
:1097C000C5E700BF51490200F0B51D4603680446D5
:1097D0000E4685B00121186817460BF0AFFC38B96A
:1097E00004F15C000BF0A9F848BB122005B0F0BDF5
:1097F00065B31022002168460CF03BFC3946204638
:10980000FFF79EFE029018B3BDF828302946ADF848
:109810000430012328468DF80C300E4A6B46009424
:109820000AF010FF9DF80C305BB10298FAF7DEFDEC
:109830002A46314620469DF80C300BF0BBF900203B
:10984000D4E7204602990BF0A7F9F8E70120CDE70D
:109850001120CBE7514902002DE9F0410D8A044661
:10986000043DEDB2022D08468CB001D0102D68D118
:1098700004210C30FAF7CAFE0DF104080688478867
:10988000011D2A4640460AF0F8F900285BD0BEB315
:10989000AFB3BE4234D800238DF8183042F62A33D5
:1098A000404606A9ADF81A300AF0B9F980BB182273
:1098B00000210DEB02000CF0DCFB09212046FFF734
:1098C0003FFE089000283AD001210C30CDE906482F
:1098D000FAF7BAFE0023099003700A2339468DF87F
:1098E0002C30304606AB194A0AF0ACFE9DF82C30FD
:1098F00003B30898FAF77AFD9DF82C3001E03E4654
:1099000001233246082120460BF054F900200EE0D6
:109910002368012118680BF011FC0028C7D104F15D
:109920005C000BF00AF8002814BF002012200CB0D5
:10993000BDE8F081204608990BF02EF9E6E71120EA
:10994000F5E70420F3E70E20F1E700BF3D8E0100AC
:109950002DE9F0430F460446062187B007F10C00BD
:10996000FAF754FE0588B0F802808288D7F80C9088
:10997000C5B10023B8F1000F13D0A84512D38DF85C
:1099800000308DF804304FF42053684601A9ADF83B
:109990000220ADF806300AF042F9064660B10A230B
:1099A00001E0454601232A46062120460BF002F934
:1099B000002007B0BDE8F0830146142201A83F7CD7
:1099C0000CF057FB07212046FFF7BAFD0290D8B1F3
:1099D0000A2341468DF81530284601AB0B4ACDE9E4
:1099E000036901948DF814700AF02CFE9DF815306F
:1099F0002BB10298FAF7FAFC9DF81530D3E7204610
:109A000002990BF0C9F8D3E71120D2E7E18A0100EF
:109A10007FB5CB6804461D885E8885B176B1B542B6
:109A20000DD81022002168460CF023FB05212046AA
:109A3000FFF786FD019058B9112007E03546012354
:109A40002A46042120460BF0B5F8002004B070BD72
:109A50006B4631462846084A00940AF0F3FD029B03
:109A600023B90198FAF7C2FC0A23E9E720460199D5
:109A70000BF092F8E9E700BF5B46020013B50B4616
:109A8000002102460CF006FB01910D490C680D49BE
:109A900009580D488C4208BF002201A908BF13468F
:109AA00004F04CFD014640B9019B102218460CF011
:109AB000E0FA0346184602B010BD0023FAE700BFE3
:109AC0006C5D002008000000B409002010B50446B9
:109AD000806818B1FAF78AFC0023A3602146BDE82C
:109AE0001040014804F0B6BDB40900202DE9FF473D
:109AF000044680301D460E46174605F089FE236E4B
:109B00007BB9194A1846CDE901321849022200935F
:109B10000AF042FE20680AF0C5FF002004B0BDE84C
:109B2000F087134A4FF00008934202D1C4F86080D6
:109B3000F0E7D3F80490C3F80480206ED0F80CA0AE
:109B4000FFF7C4FF2068C4F860800AF0ABFFB9F1EA
:109B5000000FE2D02068CDF800A03B4632462946EF
:109B60000068C847D9E700BF6BB40200A46A0200CE
:109B7000705D0020F7B550F8044C0546002C55D018
:109B800000F1AC0104F128000AF0BCFE2E1F05F123
:109B9000600700220023384604F0FEFF024658BB4F
:109BA000EB6D2BB101466FF067033046FFF79EFF68
:109BB000002345F8043C05F15803D3E8EF1F21F0DA
:109BC0000101C3E8E21F002AF7D1A36A73BB04F1C5
:109BD0000C0600220023304604F0DEFF78B96668E8
:109BE00086B921461248266004F034FD286803B087
:109BF000BDE8F04001F070B8FAF7F8FBC9E7FAF7F2
:109C0000F5FBE6E7A26833689642636008BFA3608D
:109C100077683FB1F3686FF0670100930023206815
:109C20001A46B8473046FFF751FFD8E703B0F0BDFA
:109C300074090020F0B550F8803C93B006461868CF
:109C40000AF0BFFB0378044607AD032B42D8DFE8D8
:109C500003F0023B3D3F22492846F7F7C6FBA379B4
:109C6000059562780AAF0492A2781E210392E278E9
:109C70003846029222790192627900240092194AB0
:109C800008F0CEFE184B1949012220460293CDE977
:109C90000044234603970AF07FFDA6F17C00FFF7FE
:109CA00069FF132156F87C0CFEF78EF850B1104B6B
:109CB0000390CDE901430122234620460B4900943D
:109CC0000AF06AFD13B0F0BD0A49C5E70A49C3E7C7
:109CD0000A49C1E70A212846094A08F0A1FEBEE761
:109CE000A39E0200C59E020082B40200A46A020084
:109CF000AEB40200AA9E0200B19E0200BB9E02000A
:109D00002AB4020070B50E4658B9214940F67D7359
:109D1000204A214809F036FB40F67D711D4809F0C4
:109D200028FB49B91D4940F67E731A4A1A4809F0C2
:109D300029FB40F67E71F1E7FFF7D6F8044628B913
:109D40003046FAF753FB6FF07F0070BD00F10C0551
:109D5000284631460BF0C6FDA06A38B150F8B0492C
:109D600004B1B03C29460AF0CCFE20B90020ECE753
:109D70001C466FF00100002CF8D0D4F8B03023B9A5
:109D80000230F5D020461C46ECE7B03BF8E700BFB8
:109D9000FBAF0200CEB20200DF8D020096A20200ED
:109DA00038B50C46054658B9184940F69273184A1A
:109DB000184809F0E7FA40F69271154809F0D9FA07
:109DC00049B9154940F69373114A124809F0DAFA75
:109DD00040F69371F1E706F067FC2846FFF784F838
:109DE00020B906F0CFFC6FF07F0038BD0023236060
:109DF00083683BB9C0E901440AF054FE06F0C2FC96
:109E00000020F2E71C608460F6E700BFFBAF0200B1
:109E1000CEB20200DF8D02009BB3020008B530B95C
:109E2000074908480AF0A6FF38B1074808BD054AA7
:109E300012F8011C0AF0A5FAF6E70020F6E700BFC9
:109E4000909E0200995D0020985D002010B5074C9F
:109E50002378834207D1601C0AF08CFF002814BFCE
:109E60002046002010BD0020FCE700BF5265002006
:109E700010B54A1C0C4638B109780AF082FA08B1CC
:109E8000204610BD0020FCE7104602490AF072FF90
:109E9000F5E700BF909E02002DE9F04385B01E4615
:109EA000BDF8303081460F46D1F80C80002B4AD1E6
:109EB000731E012B4AD8012E4146157818BF15880C
:109EC000FFF7D6FF0446E8B91DB9304605B0BDE836
:109ED000F0834146FFF7CCFF044658B91D4B009074
:109EE000CDE90103022203461B490AF060FF6FF02F
:109EF0001000EBE709F1700101300AF051FF99F809
:109F000008302370D8F810308BB92581B8F80A30A2
:109F1000AB4203D0414638460AF007FF002DD4D1AA
:109F20000E49601C0AF03CFF25702581CDE72A46CA
:109F30003946484698470028C8DB01380128E4D94B
:109F40006FF00D00C2E76FF00600BFE76FF00C0086
:109F5000BCE700BFD3B40200C46A0200909E0200B6
:109F60001FB509F0ECFC034660B9074A0090CDE943
:109F70000102064901220AF01AFF6FF0040005B041
:109F80005DF804FB0020FAE7EDB40200C46A0200A9
:109F9000024608B5074901300AF002FF00230C32DF
:109FA00002F8043CD2E8EF1FC2E8E03F0028F9D1F4
:109FB00008BD00BF909E02002DE9FF4180460F467C
:109FC00016461D46FFF742FF0446A8B91149FFF7A0
:109FD0003DFF044658B9104B0122CDE901030F495A
:109FE000034600900AF0E3FE04B0BDE8F081394674
:109FF00000F8018B0AF0D4FE228963891AB92BB9C3
:10A0000026816581F0E7B24288BF2681AB42EBD260
:10A01000F7E700BF909E020000B50200C46A02008C
:10A020002DE9F041234B1546826807469A4202D13A
:10A03000C468638933BB0120BDE8F081FDF7D0FC23
:10A040000021E3686181002BF5D038469847F2E79C
:10A0500005F170084146287A09F0B0FE68B9164B40
:10A060009C4202D128460AF004FF304613490AF008
:10A0700097FE002323702381E2E7414630460AF031
:10A080008FFEDDE72389002BDAD0264616F8011B68
:10A09000284632460AF075F90028D9D13146207891
:10A0A000FEF714F90028CBD0837A072BC6D1FDF731
:10A0B00097FCC0E7999E010048060020909E020090
:10A0C00013B510464FF42812BDF81010094C08299A
:10A0D000CDE900420BD8C1F108049C42A8BF1C4640
:10A0E000694422460BF0B8FF204602B010BD6FF065
:10A0F0000604F9E7180028002DE9FF411F46BDF8C6
:10A1000028300646012B904639D83B44012B3D466A
:10A1100038DCFFF783FE044690B9FFF77FFE044664
:10A1200070B91B4B0222CDE901031A490346009086
:10A130000AF03DFE6FF01005284604B0BDE8F0813E
:10A1400097B10023217A98F8002021FA03F0C7077D
:10A1500003D522FA03F0C00717D50133032BF4D13E
:10A1600002F0070211432172601C06F170010AF02F
:10A1700017FE337A204623700AF04BFFDCE76FF0BE
:10A180000605D9E76FF00C05D6E76FF01205D3E7A7
:10A190001FB50200C46A020010B504461149D1E897
:10A1A000EF3F23F00203C1E8E23F002AF7D108465F
:10A1B0000AF0E8FDC20705D500220023A1F1300016
:10A1C00005F020FB20460AF07FFD50B12046FFF746
:10A1D00025FE30B1037ADB0703D5BDE810400AF055
:10A1E00018BF10BD60270020012110B51D480AF0DE
:10A1F000CCFDC30735D402211A480AF0C6FD084039
:10A200001FD11949194A0B88194CA24216D900B11D
:10A210000B80184940F20463174A184809F0B2F855
:10A22000174809F0AFF840F20461134809F0A1F8AB
:10A230005068083203449BB20120E6E7F8D300B12E
:10A240000B801049104805F0C1F940F23912002383
:10A250000D48FAF707FBBDE810400C490C4805F023
:10A26000B5B910BDA85D00205E6500208C6A0200B3
:10A270009C6A020082B502004BB50200DF8D02002D
:10A28000D091020005A50100B826002011A9010007
:10A290003027002003462DE9F04198B3008A88BB9F
:10A2A00001244FF0140C1949DFF864E0714528D9F6
:10A2B00018494FF4ED63184A184809F063F8184834
:10A2C00009F060F84FF4ED61134809F052F8D1E954
:10A2D0000076BB4204D30CFB0672143A93420ED9AB
:10A2E0003444A2B214460831E0E70CFB057843453C
:10A2F0000AD001356219B54292B2F6D1F2E70025D3
:10A30000F8E7E4D3BDE8F0811046FBE78C6A020071
:10A310009C6A02007BB502004BB50200DF8D020093
:10A32000D09102002DE9F74F99464FF6FF73BDF823
:10A3300030500746002D08BF1D462B4B90461B880A
:10A340000091834232D203B0BDE8F08F4046895875
:10A35000019309F064FC019B90B101340AF1010AF8
:10A36000A4B2736853452CD9009B31689C42EAD84B
:10A37000BC42F2D30BFB0AF28B18B8F1000FE5D107
:10A38000B9F1000F0BD1013D1846ADB221460E9A2E
:10A390000D9B9847002DD6D00028DED1D3E7DA6890
:10A3A0009145DAD1EFE74FF0000ADAE701244FF0E8
:10A3B000140B0E4E06E0C6D273682344BB42F2D2A1
:10A3C0009CB208360A4B9E42F5D90A4940F62C0346
:10A3D000094A0A4808F0D6FF094808F0D3FF40F6BA
:10A3E0002C01054808F0C5FF5E6500208C6A02005C
:10A3F0009C6A02007BB502004BB50200DF8D0200B3
:10A40000D091020010B50024CCB01EAA04A908A85F
:10A41000CDE90444CDE9064409F066FA034670B17B
:10A4200008AB4FF6FF710120124A0AF060FE124895
:10A4300008A909F0EEFA034658B9104A00E0104A9C
:10A44000CDE901320F49012200930AF0B0FC4CB073
:10A4500010BD2146084B03F11002187812F8014D87
:10A460000131082903F8014B1070F6D106480AF0B3
:10A470008CFCECE7CD4D0200A8260020BCB5020004
:10A48000AAB50200C46A020060270020F8B51A4984
:10A490000446A1F1300015461F46BDF8186005F0CE
:10A4A00013FA16480AF06EFC010701D4FFF7AAFF61
:10A4B0002046FFF7B3FC68B1037ADA070AD500F14A
:10A4C0000C0420460AF05EFCC30703D40221204698
:10A4D0000AF05BFC102E0CD8C6F11004BC42A8BFD9
:10A4E0003C4607492246284631440BF0B5FD20463C
:10A4F000F8BD6FF00604FAE7E82600206027002088
:10A50000A826002008B505480AF03CFC030703D440
:10A51000BDE80840FFF776BF08BD00BF60270020F8
:10A52000002307B50193FFF7B5FE411C89B2084629
:10A53000034A01AB0AF0DBFD019803B05DF804FBB0
:10A54000254D02002DE9FF410C461746054670B91E
:10A550005B4940F67E535B4A5B4808F013FF5B485B
:10A5600008F010FF40F67E51564808F002FF61B92E
:10A57000574940F67F53534A534808F003FF534866
:10A5800008F000FF40F67F51EEE7837A072B10D1E9
:10A5900000238DF80C3042F60303206803A9ADF8C0
:10A5A0000E3009F03CFBD0B9E3689B7913F0300F13
:10A5B00003D1002004B0BDE8F0812046FFF7B0FFD2
:10A5C000044660B942494FF459633E4A3E4808F098
:10A5D000D9FE404808F0D6FE4FF45961C4E7002385
:10A5E00020688DF80C3042F6021303A9ADF80E3046
:10A5F00009F015FB88B12046FFF792FF044660B9C9
:10A60000334940F696532F4A2F4808F0BBFE314895
:10A6100008F0B8FE40F69651A6E7002642F602186A
:10A62000206869468DF80060ADF8028009F0F7FAFD
:10A63000D8B9002320688DF80C3042F6021303A924
:10A64000ADF80E3009F0EBFA0028B2D1E4682846E4
:10A65000224612F8011B09F094FE0028A9D0238994
:10A660001F4214BF01200020A4E742F60303206824
:10A6700001A98DF80460ADF8063009F0D0FA002881
:10A68000D7D04FF42053206802A98DF80860ADF8A8
:10A690000A3009F0C4FA0028CBD042F60103206842
:10A6A00003A98DF80C60ADF80E3009F0B8FA002857
:10A6B000BFD02046FFF734FF04460028B0D178E72A
:10A6C000FBAF02004BB50200DF8D0200CFB50200E8
:10A6D000E4B50200E9B502002DE9FF47894651685B
:10A6E00080464F8A164617F094070FD0314B02224E
:10A6F0000293002330491846CDE900330AF057FB96
:10A700004FF0FF35284604B0BDE8F0870222FFF77E
:10A7100019FF034650B9294A2749CDE901020090A3
:10A7200002220AF044FB6FF01505EBE700212448F4
:10A73000B58AFFF7A3F902350446A8B1214B2A4692
:10A740004360C6601D214046FEF7C0FE054670B955
:10A750001D4B0090CDE901030222034616490AF081
:10A7600026FB2046FFF7B2F96FF00B05CAE701237D
:10A770003A46394605F10C0A0AF0C8FA0221504659
:10A78000F9F762FF074627F8029BB18A5046F9F7AE
:10A790005BFFB28A316938460BF05EFCA56021464A
:10A7A0004046FFF7FDFA05460028ABD02046FFF7EC
:10A7B0008DF9A7E7FFB50200C46A020015B60200D2
:10A7C0001C4E0E003F4D020040B6020030B505465B
:10A7D0000C468BB071B9464940F62543454A464878
:10A7E00008F0D0FD454808F0CDFD40F62541414830
:10A7F00008F0BFFD4B6873B90B6863B9404940F678
:10A8000026433C4A3C4808F0BDFD3C4808F0BAFDF0
:10A8100040F62641EBE73B480AF0B4FA420761D51F
:10A8200015B1AB7A072B60D160680590FFF732FD58
:10A830002268ADF818003AB305A902913249002305
:10A840000191012100914FF6FF710593FFF76AFD19
:10A85000059B1BB96FF001000BB030BD6360059B19
:10A8600004A9186800238DF8103042F60303ADF8F0
:10A87000123009F0D4F970B90598C3689B799B062A
:10A8800005D46FF01500E7E70028E8D1E2E70AF009
:10A89000DCFBADF81800BDF818003DB101230146FE
:10A8A00022462846A375FFF717FFD5E76FF07F0311
:10A8B00007930223ADF8203042F60213ADF81230B0
:10A8C00005ABA5750293114B4FF6FF710193012360
:10A8D00004AA00932B4609948DF81050FFF722FD2F
:10A8E0000798B9E76FF00A00B6E76FF07F00B3E7AB
:10A8F00067B602004BB50200DF8D02006EB60200A3
:10A9000084B60200C00400206D4D020071AB01004E
:10A9100037B500F130040346A0F1200120460AF0CB
:10A9200031FAC0F3400280070ED51A4940F25E5357
:10A93000194A1A4808F026FD194808F023FD40F28C
:10A940005E51154808F015FD53F8080C0190D4E845
:10A95000EF0F20F00100C4E8E50F002DF7D11148FA
:10A9600023F8082C43F81C0C0F4823F8062C43F856
:10A97000180C01A843F8100C042023F80C0C104606
:10A98000FFF724FF18B9022120460AF0FEF903B0B0
:10A9900030BD00BFA1B602004BB50200DF8D020042
:10A9A000D2B602006875020099A10100F0B5344BDF
:10A9B0001568826804469A4285B01CD1C668002793
:10A9C0003389721CBBB12846317809F0DAFC90B1AA
:10A9D0004FF49572214628460AF094FB03280DD1C6
:10A9E000284B0222CDE9017338463B4626490394A1
:10A9F00000970AF0DCF9012005B0F0BD3146204691
:10AA00000AF093F9214B9E42F5D1287A05F17001A5
:10AA1000FFF71CFA04460028EDD0038913B94389D7
:10AA2000002BE8D02846FDF747F92389184A6189A9
:10AA300022F8203002EB8003598018231549164C68
:10AA400003FB001300B202EB80021A61042200EB48
:10AA500040005C60114C01EBC00128469C609A826A
:10AA6000FFF7B4FE0028C6D00D4B0122029300234D
:10AA700005491846CDE900330AF099F9BBE700BF54
:10AA8000999E0100EDB60200C46A0200480600204B
:10AA90004E650020805D0020687502001B5002009A
:10AAA00001B702002DE9F0438846516807464B8AFA
:10AAB000154603F0940385B073B1294B022202932B
:10AAC000002328491846CDE900330AF070F94FF009
:10AAD000FF3005B0BDE8F0830122FFF733FD0346E8
:10AAE00050B9214A0090CDE901021E4902220AF024
:10AAF0005EF96FF01500ECE7AA891B213846023297
:10AB0000FEF7E4FC044658B9184B0090CDE9010368
:10AB10000222034613490AF04AF96FF00B00D8E706
:10AB200000F10C0902214846F9F78EFD064626F889
:10AB3000028BA9894846F9F787FDAA89A96830469A
:10AB40000BF08AFAD5E90412204601230AF0DEF858
:10AB50002146384605B0BDE8F043FFF7D3B800BF43
:10AB6000FFB50200C46A020015B602001EB702005B
:10AB7000F0B5414B1446826807469A4285B002D030
:10AB8000012005B0F0BDC6683C4B9E425AD03289C8
:10AB9000A389711C9A42F3D13078FDF797FB0546E3
:10ABA0000028EDD0837A072B05D0FCF719FFE7E7E3
:10ABB000FCF716FFEBE7736923B13946984708B9EC
:10ABC0002846F2E77B8A13F094070AD02C4B022226
:10ABD000029300232B491846CDE900330AF0E7F829
:10ABE000EEE7A389022B14D1338913F0020604D1B6
:10ABF0002846FCF7F5FEA660C2E728462269A18830
:10AC0000FFF76AFD0646A8B92269937D0133937563
:10AC1000EEE7012B04D02846FCF7E2FEA760AFE781
:10AC2000338913F00106E3D028462269A188FFF793
:10AC300039FF06462846FCF7D3FE002EA6609FDAB1
:10AC400000209EE7104D114928460AF093F800288D
:10AC50009DD10722294615F8010CFDF77DFB002840
:10AC6000A6D1236929461A6915F8010C5388128860
:10AC7000FFF7A2F98BE700BF999E0100480600206C
:10AC8000FFB50200C46A020053650020909E0200D6
:10AC900007B5009001206B464FF6FF71034A8DF80F
:10ACA00004000AF024FA03B05DF804FBADA901002A
:10ACB000F8B505460E461746064B1C684CB154F8CD
:10ACC000043C043C1BB13A46314628469847646828
:10ACD000F4E7F8BDAC5D002070B5044603464FF6BE
:10ACE000FF7101200D4A0AF002FA2046FFF796F89C
:10ACF000054688B104F170063146207A09F05EF805
:10AD000020B92846BDE87040FFF742B93146681CBB
:10AD1000BDE870400AF044B870BD00BF21A001003A
:10AD20007FB50BAB05930393054B012202930023E0
:10AD30001846CDE90033F7F7D9FD07B05DF804FBFD
:10AD400056B702001FB50B4C002322682AB91046E3
:10AD5000094B63600C6004B010BD084A0390CDE954
:10AD600001321846012206490093FFF7D9FF6FF020
:10AD70000B00F0E7B45D00206C76020056B70200CD
:10AD8000FC6A02000122024BC3F80424704700BF92
:10AD9000002008E037B540230C460A490093411AC9
:10ADA000491105462346084A08480AF02EFA011EB2
:10ADB00005DA2846234603B0BDE83040184703B003
:10ADC00030BD00BF205E00207352020050610200BF
:10ADD00010B5EFF31184402383F31288BFF36F8F14
:10ADE000084A136823F00201DB07116005D4012033
:10ADF00001F006FF0122044BDA6084F31188BFF3EF
:10AE00006F8F10BD785E002000E01050C9B201299C
:10AE100008B509D9084909488223094A08F0B2FA55
:10AE20008221074808F0A5FA0C22036901FB0233CE
:10AE3000986C00F0070008BDCAB70200DF8D020061
:10AE40008DB7020070B5C9B2012903690BD9184941
:10AE5000184840F26B13184A08F094FA40F26B114C
:10AE6000154808F086FAEFF31185402484F3128820
:10AE7000BFF36F8F0C2606FB0134A46C14F0C004E2
:10AE800008D0A24206D085F31188BFF36F8F4FF030
:10AE9000FF3070BD012271430B449A6485F3118821
:10AEA000BFF36F8F43680B445B6898470020F0E75F
:10AEB000CAB70200DF8D02008DB7020070B50D46E3
:10AEC00006490446411A491140220548FFF7BAFFD6
:10AED0002B4601462046BDE870401847205E002002
:10AEE0005061020070B500220121044640F20510B5
:10AEF000F8F7CEFC0F4801F0A1FE0F4B984215D198
:10AF00000AF087FB26690D49304608F08AFA0028C6
:10AF10000BDB0125B5642469084904F1200008F021
:10AF200080FA002801DB0020656570BD6FF0040029
:10AF3000FBE700BFC9AF01000000AD0B9476020033
:10AF40007FB500220123CDE9022304ABCDE9043310
:10AF5000094A6B46CDF800D0CDF804D00AF082F94A
:10AF6000002805DB43F609520023684603F0C4FEBF
:10AF700007B05DF804FB00BF8B5202000C22104B9F
:10AF8000014602FB0033002030B4D3E910521864AC
:10AF9000EFF31180402484F31288BFF36F8F9C6C11
:10AFA00004F0C00444F002049C6480F31188BFF3F1
:10AFB0006F8F1DB12B4630BC0248184730BC70471C
:10AFC000205E00205061020008B504281BD8DFE88D
:10AFD00000F0030C241A0E00104B986C10F00700C0
:10AFE0001BD1BDE80840FFF7C9BF0120F9E70C49B4
:10AFF0004FF41F730B4A0C4808F0C4F94FF41F714B
:10B00000084808F0B6F9064940F28523054A064883
:10B0100008F0B8F940F28521F2E708BD205E002073
:10B0200043CE02008DB70200DF8D020010B4EFF3B3
:10B030001182402181F31288BFF36F8F1748036894
:10B0400043F0020413F0010F0460154B08D182F3A2
:10B050001188BFF36F8F0120986010BC01F0A8BD6C
:10B06000D3F80C04C003F2D5EFF3118081F31288FA
:10B07000BFF36F8F0B498B6C03F0C00343F00203E7
:10B080008B6480F31188BFF36F8F82F31188BFF355
:10B090006F8F002010BCFFF771BF00BF785E0020EB
:10B0A00000E01050205E00202DE9F041012206460C
:10B0B0004049D1E8EF3FC1E8E02F0028F9D1A3B91A
:10B0C0003D493E484B60CB608A60F7F7DBF90028CA
:10B0D0000BDA3B4940F23E233A4A3B4808F052F92A
:10B0E00040F23E21374808F044F95EB3731E012B4D
:10B0F00056D8012E06D1354BD3F8503403F0030354
:10B10000012B1FD00AF07CFC0546E8B9304B1B78B8
:10B11000D3B1042207462D4BC3F808232B4CDFF88C
:10B12000B480D4F84C24D4F84C34D20315D503F0B1
:10B130000303012B01D0012E0FD165B387F31188D2
:10B14000BFF36F8FBDE8F081EFF31187402383F3E6
:10B150001288BFF36F8F0125E0E7BDB1384608F0D4
:10B16000D6FCD4F8403413F0FF03DAD1D4F8082128
:10B17000002AD6D0C4F80831D4F80831202201239F
:10B18000C4F84034C8F8A0212361CAE70021202078
:10B1900005F0C0FCE5E704220C4BC3F80423D1E71B
:10B1A0000D494FF41473074A074808F0EBF84FF4C1
:10B1B000147197E71C5E00200C5E0020405E0020AA
:10B1C0007C9302008DB70200DF8D020000E010507A
:10B1D000F566002000E100E043CE020008B5074814
:10B1E0000AF0FDFA38B10648F8F7A0FE0448F6F771
:10B1F00021FF002008BD6FF01200FBE7C8610200CC
:10B2000005B201000A2838B50446074D04D1AB68E1
:10B210000D2128465B689847AB6803485B68E1B23C
:10B220009847204638BD00BFC861020010B50369C9
:10B2300061B920493E23204A204808F0A3F820485D
:10B2400008F0A0F83E211C4808F093F8486850B96F
:10B250001C493F23184A194808F094F81A4808F086
:10B2600091F83F21EFE75868F8B1884219D19C68FE
:10B270000868A142586000D19860002008602AB197
:10B280005A680A609A68596002B99960002010E013
:10B29000814206D10868206098688142EDD19C60A7
:10B2A000EBE7044600680028F2D1002AE8D16FF0ED
:10B2B000150010BD68B802002CB80200DF8D020036
:10B2C00071B8020080B8020092B8020038B5456833
:10B2D0002B69E3B11035284602F0EEF90446B0B907
:10B2E0000146284602F0A8F90B4B984211D122469C
:10B2F00028460A4902F062F922460121DB20F8F7CC
:10B30000C7FA2246012140F20D10F8F7C1FA0020D9
:10B3100038BD6FF00400FBE70000AD0BF1B5010094
:10B3200008B503685F2B4FEA531107D80C4A03F0A6
:10B330001F0352F82120DA40D2070BD409490A48EA
:10B340004FF46C73094A08F01DF84FF46C7107480C
:10B3500008F00FF80360064B53F8210008BD00BF4A
:10B36000F0760200DCB80200DF8D0200A9B802000E
:10B37000E4760200F0B5406801F01F04057B87B059
:10B3800044EA45140569002D5BD0B2F5001F00F1B9
:10B39000100506D1214628460AF01BFA002007B006
:10B3A000F0BD0027B2F5800F01AE0197776033D171
:10B3B000B3F1007F14BF052304238DF8043000236C
:10B3C000CDE9046303938368CB40D90716D4B2F167
:10B3D000A07F13D168460094FFF7A2FF009B2033A3
:10B3E00050F82330DB0709D46A462146284602F08C
:10B3F000F3F8174B98421AD0CDF808D021462846CA
:10B4000003AA01F051FF134B98421DD1012221469E
:10B41000284602F077F9C1E7B3F1C06F05D0B3F168
:10B42000007F14BF01230223C7E70323C5E7694652
:10B43000284602F05BF9074B9842DDD06FF00B0015
:10B44000ADE76FF08500AAE76FF01500A7E700BF32
:10B450000400AD0B0000AD0B2DE9F043466840F24F
:10B460000635337BD00601F01F0747EA431748BF74
:10B47000032302EA050558BFC2F3401387B0B5F5B0
:10B48000837F14468DF8033044D00FD8062D43D067
:10B4900007D8B5B1022D14D06FF0150007B0BDE884
:10B4A000F083B5F5807FF7D101250AE040F2022252
:10B4B000954233D0B5F5407F32D0B5F5007FEBD162
:10B4C00004250123220303FA01F12BD57368596087
:10B4D000336963BB03A80397FFF722FF039B00EBCD
:10B4E000830084F48033C3F30043C4F34044D0F8B2
:10B4F000802044EA43049DF8033022F4706244EA59
:10B50000830422F00F0244EA05231343C0F880307D
:10B510000020C3E70925D4E70825D2E70625D0E7B0
:10B520000525CEE7630344BF73689960D0E7103602
:10B53000394630460DF1020202F04EF814F4403F55
:10B54000804617D1394630460AF041F9244B9845D8
:10B55000DED130469DF8021002F0BCF84045D7D04D
:10B5600020492148EC23214A07F00CFFEC211F4819
:10B5700007F0FFFE4FF0000901AB3946304603AA41
:10B58000CDE90439CDE90199CDF80C9001F08CFE9C
:10B59000134B984280D114F4003315D09DF803303A
:10B5A00084F48034C4F300448DF80E3039464B46A1
:10B5B000304603AA8DF80C508DF80D4001F064FF61
:10B5C000074B9842C2D067E7CDE9043339460DF105
:10B5D0000303304603AA039301F066FEF0E700BFC1
:10B5E0000000AD0B2BB90200DF8D0200FFB8020096
:10B5F0004209022A034670B503D0012A1FD002B3C4
:10B6000070BD154E326951680029F9D0012503F04B
:10B610001F030C689D400029F2D08A682A4014D08C
:10B620004B6883B90D4961230D4A0E4807F0AAFE05
:10B630000D4807F0A7FE6121094807F09AFE0B4E5E
:10B64000E0E70B4EDEE7304698471CB12368214601
:10B650001C46E0E72346FAE78C6102003FB902008E
:10B660002CB80200DF8D020092B80200786102005F
:10B670006461020008B503685F2B4FEA531107D8D5
:10B680000C4A03F01F0352F82120DA40D2070BD4F2
:10B6900009490A484FF46C73094A07F073FE4FF4E6
:10B6A0006C71074807F065FE0360064B53F82100F4
:10B6B00008BD00BF74770200DCB80200DF8D020015
:10B6C000A9B80200687702002DE9F04F93460546BD
:10B6D00040F2FF1885B000EB8107AF4203D1002094
:10B6E00005B0BDE8F08F2A68C2F3C323082BC2F36C
:10B6F000080400F281804249444508BF4FF0FF34FE
:10B70000B2F1806FCE5C4FEA12630DD2013B022B87
:10B7100011D8DFE803F0204F5200173B022B4FD81F
:10B72000DFE803F061646700A3F11602032AF4D98D
:10B730006FF08500D4E7CBF80446611C38D003A82D
:10B740000394FFF797FF0122039B02FA03F3436080
:10B750004FF0010A05E0CBF80C46601C28D04FF0F2
:10B76000000A2B6803A803F40042002A0EBFD1464A
:10B770004FF001094FF0000A01930394FFF77AFF9D
:10B78000039C019B00EB8400D0F88040C3F3412C64
:10B7900024F44334330243EA8C0324F4437443EA2D
:10B7A0000A0324F00304234343EA4903C0F880302A
:10B7B000043592E7CBF81046BFE7CBF80846CCE754
:10B7C000CBF86045621C2B68F2D0C3F30043002B1A
:10B7D000B5D103A80394FFF74DFF0122039B02FAA2
:10B7E00003F38360B4E7CBF86445EBE7CBF8684537
:10B7F000E8E7CBF86C45E5E76FF0150070E700BFB0
:10B800006DB902002DE9F04104460D4647680AF083
:10B81000F7F8A0B9274B1B788BB14FF0400864268E
:10B8200063681B68D3F830318BBB012009F0F5FE4B
:10B83000013EF5D10021202005F06CF9EFE7402111
:10B84000EFF311831A4681F31288BFF36F8F60689C
:10B850000068D0F8300120B983F31188BFF36F8FEF
:10B86000EEE73B6A00201D706368396A1B68C3F805
:10B870003C170121C3F84017C3F83001D3F8300159
:10B88000196582F31188BFF36F8FBDE8F081EFF384
:10B8900011831A4688F31288BFF36F8F61680968B5
:10B8A000D1F830110029DCD183F31188BFF36F8FF9
:10B8B000C0E700BFF566002073B514461D46684614
:10B8C00002F078F8009BA342019BAB4114D30B4AD2
:10B8D000D2E90061A41B24F01F0365EB0100640999
:10B8E0009B1941EB000144EAC060C2E9003102B09B
:10B8F000BDE8704005F056BD02B070BD682700205D
:10B9000010B500220121E420F7F7C2FF002002F069
:10B91000A9F8114B0446984208D101200F4902F0C2
:10B920005DF9A04205D00E4B984211D04FF0FF3088
:10B9300010BD67220B4B02201A60FFF7B5FB0A4AC5
:10B940000020D2F8183723F44033C2F81837EFE755
:10B950006FF00B00ECE700BF0000AD0B800600208D
:10B960000200AD0BA85E002000200E5037B5EFF3AB
:10B970001185402383F31288BFF36F8F184805F0B9
:10B9800019FB68B98823174A1749184807F0FAFCC9
:10B990001349174807F0F6FC8821124807F0E9FC24
:10B9A0000F4805F02BFB684602F004F80C48009C99
:10B9B00005F00EFB68B940F231130A4A0D490B48F5
:10B9C00007F0E0FC06490C4807F0DCFC40F23111BE
:10B9D000E3E785F31188BFF36F8F204603B030BDD6
:10B9E000AC5E0020A890020001910200DF8D0200F1
:10B9F00016910200D5900200EC90020007B568464F
:10BA000001F0D8FF0098074AD2E90032C01A019B22
:10BA10004FEA501063EB020340EAC36003B05DF8E5
:10BA200004FB00BF682700207FB5431C18BF20EA35
:10BA3000E07502A808BF6FF0004501F0BBFF029956
:10BA40000E4B2020D3E900268C1A039961EB0603E4
:10BA50002146C5FB0013402973F1000436BF01469F
:10BA600021F01F01002352184FF0010146EB0303A0
:10BA70000091034802F046F904B070BD6827002029
:10BA80007806002002460B46014802F089BE00BF3E
:10BA9000380A0020014802F053BF00BF380A0020D6
:10BAA00004460D46094E08B5324640F237130849A0
:10BAB000084807F067FC214607482A4607F062FC61
:10BAC00040F23711304607F054FC00BF2EBB020095
:10BAD00043CE0200DF8D020067BB020003460A4628
:10BAE00010B5114881680C6864B910495B23104A8D
:10BAF000104807F047FC104807F044FC5B210C4855
:10BB000007F037FC1946A04768B10C494FF422737F
:10BB10000B4A084807F036FC0A4807F033FC4FF49C
:10BB200022710748ECE710BDB4610200C3BB0200FC
:10BB30008FBB0200DF8D0200E3BB02004DA40200B8
:10BB40002EBB020009BC020010B537488AB0E5F7E9
:10BB5000C1F9E5F75DFB18B16FF085000AB010BDC3
:10BB6000E5F76AFB0028F7D1E5F77AFB0028F3D167
:10BB7000E5F784FB04460028EED1012107AA8DF8E1
:10BB80001C00E5F7FDF90028E8DB0123022120462F
:10BB900007AA8DF81C30E5F7F3F90028DEDB08234F
:10BBA0000721204607AAADF81C30E5F7E9F900287F
:10BBB000D4DB1E4B0321204607AA0793E5F7E0F9E3
:10BBC0000028CBDB14230421204607AA8DF81C3063
:10BBD000E5F7D6F90028C1DB1F230621204607AA76
:10BBE000ADF81C30E5F7CCF90028B7DBB0F53F5FC6
:10BBF00017DB42F6BF7303930D4B0490CDE901436D
:10BC00000122234620460B49009409F027FC84F3C7
:10BC10001188BFF36F8F0423184602DF6FF00B000B
:10BC20009CE700209AE700BFA1BA01001B1B03029A
:10BC300043BC0200F46A020070B506468CB034487A
:10BC40000D46344903F0BCFA00F068FE07A8E5F79A
:10BC5000CDFA314B00240393304B0322029314237B
:10BC60002046CDE900342E4907AB09F0F7FB2D48FB
:10BC700009F0B5FD034660B92B4A2949CDE9010217
:10BC80000090012209F0EAFB6FF0120420460CB08C
:10BC900070BD264B05A80593E5F7FEFA68B1244B65
:10BCA0000390CDE9014320462346009401221C491C
:10BCB00009F0D4FB6FF01504E8E74FF0FF304FF0C8
:10BCC000FF31FFF7DFFE04460028DFD119491A488B
:10BCD000E5F726FA044610B1FFF7DCFED6E741F699
:10BCE0004C5306A80693F1F7A5F920B1FFF7D2FE51
:10BCF0006FF08504CAE7012304A88DF81030F1F72E
:10BD000091F90028F2D1FFF7C5FE33691D60BDE748
:10BD1000B45E0020E754020065BC020066A3020086
:10BD2000F46A0200B46102008CBC0200DDBA0100BA
:10BD3000ACBC0200702700203DBD010008B50A49D7
:10BD40000A4809F04DFE00280CDA09493023094A57
:10BD5000094807F017FB094807F014FB3021054894
:10BD600007F007FB08BD00BFB45E0020305700207D
:10BD700043CE0200D0BC0200DF8D0200F9BC0200FD
:10BD800070B54FF0FF3088B04FF0FF31FFF77AFE0B
:10BD9000002840F0AB80564D0DF11F01284600F001
:10BDA00053FC0446FFF776FE002C40F09F809DF880
:10BDB0001F30042B67D128786B783E2803F10203EB
:10BDC00019D0FF2842D0472B4BD947220024CDE978
:10BDD0000332484B0293234601222046CDE900441A
:10BDE000454909F03BFB84F31188BFF36F8F0423AF
:10BDF000184602DF20E0AA78022A2CD00D2AE2D1D0
:10BE0000EC78012C02D1AA88D2061AD4472BDCD8B0
:10BE10004FF0FF324FF0FF3300242146F8F790FD3A
:10BE2000064618BB44B9354B0094CDE9014323467F
:10BE30000122314909F012FB08B0BDE87040FFF75C
:10BE40007DBF472BC1D800220023E6E7AA7802F085
:10BE5000FD02802AB7D1472BB7D800220023012446
:10BE6000DBE74FF0FF324FF0FF33D6E76A78204927
:10BE7000023206F10C0007F0B6FE214B31461B687A
:10BE800020489847D8E7022B0ED14FF0FF324FF0F1
:10BE9000FF330320F8F728FD064678B91A4B0090C7
:10BEA000CDE901030346C3E7082B13D14FF0FF325E
:10BEB0004FF0FF330520F8F717FD06466A88043275
:10BEC000472A05D94723CDE903230A4B029382E78A
:10BED0002946CEE703930D4B0122CDE901432046CD
:10BEE00023460549009409F0B9FAA5E708B070BDEA
:10BEF000066600201CBD0200F46A02003CBD020080
:10BF0000B05E0020DC61020056BD02006FBD020081
:10BF1000F7B5804E04463378002B40F08B83042322
:10BF20008DF807307C4B05881F68B7B10DF106030B
:10BF30000DF10702711CB84701280ED09DF806309C
:10BF4000002B40F08B819DF807300E22B370012347
:10BF50007270F370B580B07189E1B5F5105F4FEA8A
:10BF600095230AD2002B4ED0013B072B08D8DFE8DF
:10BF700003F00907367A070707C13F2B00F03D821F
:10BF8000012055E0204640F2064230F9033B93423F
:10BF90000FD040F21D4293421ED0012040F20643D2
:10BFA0009D4200F05B8140F21D439D4200F05681AE
:10BFB0003EE0F1F7ADF842F264039D4240F2108397
:10BFC00042F285039D4233D842F267039D4200F25C
:10BFD000188342F26603E8E7F1F79CF8EBE72046A6
:10BFE00040F6634230F9033B934230D00DDC40F61B
:10BFF000034293421FD040F62D4293421ED040F69A
:10C000000142934212D0012028E140F67B42934244
:10C0100020D040F67C429342F5D19DF807303F494D
:10C0200002338DF80730F0F796FF01E0F0F785FF57
:10C030000128E8D087E7E5F70FFAF9E79DF8073020
:10C04000364903338DF80730F0F77CFFF0E7F0F75F
:10C050007BFFEDE79DF80730304904338DF807305A
:10C06000F0F777FFE4E72388A3F58053013B082B23
:10C07000C9D801A252F823F09DC00100AFC0010051
:10C08000C3C0010007C0010007C0010007C00100D4
:10C0900007C0010007C00100E3C001009DF80730A0
:10C0A0001E4808338DF80730F0F7DFFFC0E79DF832
:10C0B00007301A4840338DF8073009F016FA00208F
:10C0C00041E700229DF8073008338DF80730134B05
:10C0D0001A605A60F37A23F0600343F06003F3724E
:10C0E000EDE79DF807300D4806338DF80730F0F77F
:10C0F000BEFF9DE7204642F25E0130F8033B1AB2D4
:10C100008A4242F264017BDCB2F5005F08DC8D42BA
:10C110006EE000BF4D660020C45E00205466002023
:10C12000A3F50053013B5D2B5FD8DFE813F07000EF
:10C13000780081005E00A500A800AB00B400B70045
:10C14000BA005E005E005E005E00BD00C600C90071
:10C15000CC005E00CF00D200DB00DE00E7005E0016
:10C16000F000F90002015E005E005E005E005E000D
:10C170005E005E005E000C010F015E005E005E006E
:10C180005E005E005E005E005E005E0015011E0146
:10C1900021015E005E0024012701300133013601D8
:10C1A000390142014B014E015E005E005E005E00FF
:10C1B0005E005E005E005E005E005E005E005E008F
:10C1C0005E0051015A0163015E005E005E005E0088
:10C1D0005E005E005E005E005E005E005E005E006F
:10C1E0005E005E005E005E00120142F264039D424A
:10C1F0003FF409AF40F2038242F285030120E1E6F9
:10C2000042F27C039A4282D1F0F780FF01E0F0F71E
:10C2100030FF42F264039D427FF4CDAE1EE09DF8F4
:10C220000730D04803338DF80730F0F727FFF0E7E9
:10C230009DF80730CB4808338DF8073009F092F9A4
:10C2400042F264039D4208D040F2C98142F2850364
:10C250009D4240F2ED810020EAE600200F2373703A
:10C260000423B3700123F0703371A6F80550012345
:10C270000020337003B0F0BDF0F702FFC9E7F0F71C
:10C2800001FFC6E79DF80730B64801338DF8073047
:10C29000F0F7FAFEBDE7F0F7F9FEBAE7F0F7F8FEBF
:10C2A000B7E7F0F7F7FEB4E79DF80730AD48013384
:10C2B0008DF80730F0F7F0FEABE7F0F7EFFEA8E7F8
:10C2C000F0F7EEFEA5E7F0F7EDFEA2E7F0F7ECFEE3
:10C2D0009FE79DF80730A34907338DF80730F0F743
:10C2E000E5FE96E7F0F7E4FE93E79DF807309D49F9
:10C2F00010338DF80730F0F7DDFE8AE79DF8073040
:10C30000984808338DF80730F0F7D6FE81E79DF89E
:10C310000730944902338DF80730F0F7CFFE78E705
:10C320009DF807308F4902338DF80730F0F7CAFEC9
:10C330006FE79DF8073008338DF807308F23F371CE
:10C34000C023F3727CE700F0F1FA62E709F02CF900
:10C350005FE709F02CF95CE79DF807308149043369
:10C360008DF80730F0F7B2FE53E7F0F7B1FE50E773
:10C37000F0F7B0FE4DE7F0F7AFFE4AE79DF8073063
:10C38000784901338DF80730F0F7A8FE41E7F0F760
:10C39000A7FE3EE7F0F7A6FE3BE7F0F7A5FE38E77D
:10C3A0009DF807306F4802338DF80730F0F79EFE96
:10C3B0002FE79DF807306B4801338DF80730F0F711
:10C3C00097FE26E7F0F796FE23E7F0F795FE20E7C5
:10C3D0009DF80730634802338DF80730F0F78EFE82
:10C3E00017E79DF807305F4804338DF80730F0F702
:10C3F00087FE0EE7F0F786FE0BE720464FF60B426E
:10C4000030F8033B934223D8B3F57C4F01D8012089
:10C410006EE0A3F57C43013B0A2BF8D801A252F849
:10C4200023F000BFE1C40100FDC401000FC40100FE
:10C430000FC401000FC401004DC501000FC401006D
:10C440000FC4010029C501003BC5010053C501000F
:10C4500003F5407292B21D2AD9D8A3F57D431D2B56
:10C46000D5D801A252F823F069C5010097C5010093
:10C470009DC50100A3C50100A9C50100AFC501000C
:10C480000FC401000FC401000FC40100B5C50100B5
:10C490000FC401000FC40100BBC501000FC401009F
:10C4A0000FC401000FC401000FC401000FC401003C
:10C4B0000FC401000FC40100C1C501000FC4010079
:10C4C000D3C501000FC401000FC401000FC4010057
:10C4D0000FC401000FC401000FC40100D9C5010041
:10C4E0009DF807301F480C338DF80730F0F735FD05
:10C4F0004FF6025225F00803934257E500229DF8BB
:10C50000073040338DF80730164B1A80F37923F04B
:10C51000230343F02303F371337A23F0070343F03B
:10C52000070333720020E3E79DF807300D48173307
:10C530008DF80730E4F79EFFDAE79DF807300948E9
:10C5400020338DF80730E4F7E7FFD1E7F0F71EFD61
:10C55000CEE79DF80730034801338DF80730F0F738
:10C5600017FDC5E75466002000229DF807304033D0
:10C570008DF80730314B1A60F37923F03F0343F015
:10C580003F03F371337A43F080033372737A43F0DD
:10C5900002037372C6E7F0F711FDA9E7F0F710FD8B
:10C5A000A6E7F0F73FFDA3E7F0F73EFDA0E7F0F7C1
:10C5B00041FD9DE7F0F740FD9AE7F0F741FD97E771
:10C5C0009DF807301D4904338DF80730F0F73AFD28
:10C5D0008EE7F0F746FD8BE7F0F745FD88E7002092
:10C5E00042F226039D4217D842F20C039D427FF689
:10C5F000D5ACA5F500530D3B114A9BB206E00120D6
:10C60000EEE7A5F50153283B0E4A9BB222FA03F34D
:10C61000DB077FF50DAD21E642F232039D423FF488
:10C620001DAEA5F50153033B012B3FF601AD15E609
:10C630000020C9E44FF0FF301CE600BF5466002024
:10C64000411200032F80402038B5094C0D46237855
:10C650001BB9BDE83840F0F760BCA278611C02321B
:10C6600009F0FAFC0020042320702B7038BD00BFB5
:10C670004D66002070B506460C460F4D284609F061
:10C68000AEF8A8B1A2B2AB681B6863B90B495B23D3
:10C690000B4A0C4806F076FE0B4806F073FE5B2151
:10C6A000074806F066FE31462846BDE87040184748
:10C6B0006FF0120070BD00BFB4610200C3BB020086
:10C6C0008FBB0200DF8D0200E3BB020008B50A4900
:10C6D0000A4809F085F900280CDA09493023094A8B
:10C6E000094806F04FFE094806F04CFE3021054887
:10C6F00006F03FFE08BD00BFC85E00203057002096
:10C7000043CE0200D0BC0200DF8D0200F9BC020063
:10C71000884208B501F1200310D9984213D20E497E
:10C7200040F2B1230D4A0E4806F02CFE0D4806F0EB
:10C7300029FE40F2B121094806F01BFEEFD000F1BE
:10C7400020029142EAE7013813F8012D8B4200F8EC
:10C75000012FF9D108BD00BF05BE0200D3BD020004
:10C76000DF8D02005CBE02007FB5214B214903F141
:10C770002002002808BF1946104605F00BF80023D8
:10C78000044650B11C4A0390CDE9013218460122FB
:10C790001A49009308F0F6FE12244FF0FF324FF0D2
:10C7A000FF330120F8F7A0F800F10C06022105463E
:10C7B0003046F7F749FF3E230370222301214370DF
:10C7C0003046F7F741FF0923212103703046F7F780
:10C7D0003BFF00F8014B34B12022FF2109F049FC56
:10C7E000284604B070BD0649FFF792FFF8E700BF86
:10C7F00095660020BFBE02008EBE0200EC6A0200F9
:10C80000B5660020F0B53D4D85B0D5E8AF3F022BB1
:10C810002F4658D0042B5BD0012B5BD1384C394EBE
:10C8200020212046FFF726FF002841D12022314653
:10C83000204609F08FFB0028F2D02146324804F050
:10C8400095FF05460028EBD14FF0FF324FF0FF3344
:10C850000120F8F749F800F10C06022104463046A1
:10C86000F7F7F2FE3E230370422301214370304666
:10C87000F7F7EAFE0823412103703046F7F7E4FE9C
:10C88000064600F8015BADB14022002109F0F1FB42
:10C890000023D7E8EF2FC7E8E13F0029F9D154B3CF
:10C8A00021461A4803691B6805B0BDE8F0401847E7
:10C8B0001F25C9E71449FFF72BFF154906F1210091
:10C8C000FFF726FFE4E70020FFF74EFF0446DFE70F
:10C8D0000120F9E700240F4B022202932046234651
:10C8E000CDE900440C4908F04DFED5E8EF3FC5E81E
:10C8F000E24F002AF9D105B0F0BD00BFD85E00209C
:10C9000095660020BFBE0200B5660020DC61020013
:10C91000D5660020AFBE0200EC6A02000149024861
:10C9200002F04EBCA3550200C85E0020012208B5EB
:10C93000074BD3E8EF1F002903D1C3E8E02F0028FD
:10C94000F7D103D1FFF7C2FE002008BD0C20FCE7A1
:10C95000D85E0020002910B508BF0222044618BF87
:10C9600004220C4BD3E8EF1F002903D1C3E8E02FCA
:10C970000028F7D10CD121460748FFF7C9FE074828
:10C9800004F12001FFF7C4FEFFF7A0FE002010BD58
:10C990000C20FCE7D85E0020B5660020D56600209C
:10C9A00004460D46094E08B5324640F22B1308499D
:10C9B000084806F0E7FC214607482A4606F0E2FC54
:10C9C00040F22B11304606F0D4FC00BFEBBE020053
:10C9D00043CE0200DF8D020018BF0200322337B5BC
:10C9E0000125ADF8043000231C216846104A8DF85B
:10C9F0000630ADF800508DF80230EFF7DBFC04464E
:10CA000090B940F25630F4F7E4FA2A4621468520E0
:10CA1000F6F73EFF2A462146E520F6F739FF2A467B
:10CA200021468A20F6F734FF204603B030BD00BF10
:10CA3000A1C9010008B54FF0FF304FF0FF31FFF7FB
:10CA400021F848B107490848B423084A06F09AFC7F
:10CA5000B421064806F08DFCF4F7B5FBBDE80840AC
:10CA6000FFF718B82FBF0200DF8D0200EBBE0200F7
:10CA7000024608B50A480B460A4902F0D3FD0028D1
:10CA80000CDA09494923094A094806F07BFC0948A0
:10CA900006F078FC4921054806F06BFC08BD00BF94
:10CAA000305700206805002043CE0200D0BC0200B1
:10CAB000DF8D02003CBF020008B50A490A4808F0B1
:10CAC0008FFF00280CDA09493023094A094806F08B
:10CAD00059FC094806F056FC3021054806F049FC8F
:10CAE00008BD00BFE05E00203057002043CE0200AA
:10CAF000D0BC0200DF8D0200F9BC020008B5064B75
:10CB0000D3E8AF3F3BB1F4F758FABDE80840002145
:10CB10000248FFF7ADBF08BDDC5E002048E8010019
:10CB200037B50024124D6FF009034FF48062284698
:10CB30001049009402F0DCFC0F49284602F05CFF2B
:10CB40000E490F4802F03CFB224604211C20F6F758
:10CB50009FFE01220B4BD3E8EF1FC3E8E02F002814
:10CB6000F9D100210848FFF783FF204603B030BD0C
:10CB700030570020C870002062BF020035CA010093
:10CB8000E05E0020DC5E002048E801000122014B4D
:10CB90001A63704700E010500122014B5A6370473E
:10CBA00000E01050014B00201B681847F05E002089
:10CBB00010B530B101280AD1BDE810400A48EEF79F
:10CBC00075B90A4B0120BDE810401B681847084999
:10CBD0001C23084A084806F0D5FB084806F0D2FB9B
:10CBE0001C21044806F0C5FBA5CB0100F05E002027
:10CBF00043CE020076BF0200DF8D0200B3BF020009
:10CC000008B590B1012803D1BDE80840EEF75EB940
:10CC100006492A23064A074806F0B4FB064806F0F0
:10CC2000B1FB2A21024806F0A4FB08BD43CE020056
:10CC300076BF0200DF8D0200B3BF0200014B186017
:10CC400001487047F05E00200000AD0B03689A07B2
:10CC50000CD50368DB070DD50922074BC3F80C255B
:10CC60000F22C3F8042501221A60FEE7034B03607C
:10CC7000EF3B0360704700BF00801050F000FA5097
:10CC8000064BD3F80438012B05D0032B02D1044BFB
:10CC9000044A1A607047024B034AFAE70000125038
:10CCA000840600200090D0030020A107012208B5CF
:10CCB0002A4B2B48C3F80028FFF7C8FF0830FFF7BE
:10CCC000C5FF0830FFF7C2FF0830FFF7BFFF00F5D0
:10CCD000F470FFF7BBFF234AD2F88C3043F4406373
:10CCE000C2F88C300022D30003F57F0303F54043E4
:10CCF000D3F8001401310AD0D3F8001439B1D3F8B5
:10CD000000140132D3F80434402A0B60EBD1134BEA
:10CD1000D3F84024EAB1144BD3F840231C2A0CD199
:10CD2000D3F84423012A08D1D3F834230F4B9A4275
:10CD30009EBF0A4B0E4AC3F840260A4AD2F88C30EE
:10CD400043F44063C2F88C3000220A4BC3F8A0259C
:10CD500008BDC822C3F84024DDE700BF0000125020
:10CD600000C50D5000ED00E000C0FF00001D0A18D6
:10CD700040E0A91E00B0045030B50468ACB1B4FA6C
:10CD800084F30122C3F11F03DBB29A4024EA0202BA
:10CD9000D0E8EF5FA54204D1C0E8EC2FBCF1000F52
:10CDA000F6D1EAD102480B7030BD0248FCE700BF63
:10CDB0000000AD0B0200AD0B10B50368CB40DB07E4
:10CDC00010D401238B40026843EA0201D0E8EF4F00
:10CDD000944204D1C0E8EC1FBCF1000FF6D1F2D1AF
:10CDE000014810BD0148FCE70000AD0B0400AD0B8D
:10CDF0005F2898BF074B4FEA50129FBF53F822306D
:10CE000000F01F0023FA00F000F0010088BF0020AE
:10CE1000704700BFF0770200034A4309D35C00F07B
:10CE20001F001844C0B27047B5C0020070B5054677
:10CE30000846FFF7F1FF36212A791E4B01FB02025B
:10CE4000083233F81200C10526D56C240026C0F341
:10CE5000432120F4F85023F812002A7904FB02340D
:10CE60000E3434F8020F10F4807F03D0C0F3432057
:10CE7000814211D00136232EF3D16C20002442438D
:10CE800002EBC1029C502A7900FB02306030FFF7B0
:10CE900093FF094B984200D170BD084908484FF4F0
:10CEA000DC73084A06F06EFA4FF4DC71054806F0B0
:10CEB00060FA00BF880600200000AD0B2BB902000D
:10CEC000DF8D020002C0020010B50168044608466A
:10CED000FFF78EFF58B910494FF46C730F4A104892
:10CEE00006F050FA4FF46C710C4806F042FA01F06B
:10CEF0001F035F2923604FEA511209D9094940F203
:10CF0000B933064A064806F03DFA40F2B931EBE77C
:10CF1000054B53F8220010BDDCB80200A9B802008E
:10CF2000DF8D020043CE0200E4770200072808B537
:10CF30000BD90849084840F2AA33084A06F022FAF9
:10CF400040F2AA31054806F014FA800000F580701E
:10CF500008BD00BFF8BF0200DF8D0200C3BF0200A2
:10CF6000F0B50646002487B0114F019117F8012B48
:10CF700006AB03EBD20313F8143C02F00702D340D4
:10CF800013F0010306D10134032CEFD1002318461E
:10CF900007B0F0BD074A03AD07CA85E8070055F89A
:10CFA00024100A6A46F824200A62002AEBD0EEE731
:10CFB000C5C00200386C020010B504460846FFF7F1
:10CFC0002BFF362303FB0400024B083033F810001C
:10CFD000400B10BD8806002010B504460846FFF738
:10CFE0001BFF362303FB0400034B083033F810000B
:10CFF000C0F3400010BD00BF8806002010B50446F5
:10D000000846FFF709FF362303FB0400044B0830F2
:10D0100033F8100010F01C0018BF012010BD00BF35
:10D020008806002010B504460846FFF7F5FE3623B3
:10D0300003FB0400034B083033F81000C0F340102A
:10D0400010BD00BF8806002010B504460846FFF753
:10D05000E3FE362303FB0400034B083033F81000D3
:10D0600000F0010010BD00BF880600202DE9F04F40
:10D070000D46D0F8141387B0C9B241F40031AA6D3F
:10D08000009008F053FB810306462ED50023696EFD
:10D0900003A8CDE903330593FFF762FFDFF868A12A
:10D0A000DFF868B10DF10C091AF8013B05EBD3026A
:10D0B00092F8642003F0070322FA03F3DA076AD434
:10D0C000534B09F1040953450BF1010BECD14FF41B
:10D0D0000031AA6D009808F029FB696E03A8FFF7DC
:10D0E0003FFF0028DAD126F400360124002E73D148
:10D0F00007B0BDE8F08F91FAA1F1B1FA81F19BF888
:10D10000004041EA44142046FFF786FE083035F817
:10D110001080C8084FEA98030193012319F80020F2
:10D1200001F0070103FA01F122EA010209F80020E7
:10D1300002A80294FFF7C8FE029A019B203250F821
:10D140002220C8F382075B07B846C2F3014227D505
:10D1500021462846D7B2424608F061FA02A8029456
:10D16000FFF7B2FE029B203350F82330C3F3014394
:10D170009F4207D10021204608F0BDFA39462046DB
:10D1800008F0B9FA02A80294FFF79EFE0122029B62
:10D1900002FA03F30362D9F800100029ABD18FE73C
:10D1A000022A0DD10321204608F0A5FA07F0050355
:10D1B000012BE7D142462146284608F030FAE1E744
:10D1C00002212046019208F096FA032FF2D0019A2C
:10D1D000032AD7D1022FECE796FAA6F3B3FA83F32A
:10D1E00004FA03F226EA0206009A284602EB8303B9
:10D1F000D3F81015D3F81025C1F30811C2F301427A
:10D2000008F00DFA72E700BFC5C00200C5C00200F9
:10D21000C8C00200F7B5044600790D46FFF714FFB9
:10D22000002836D0204608F0ADFA2779294638463E
:10D23000FFF7F8FE58B13846FFF7BEFE0022266819
:10D2400000B206EB8003C3F81025C3F81025294669
:10D250002046FFF7EBFD2846FFF7DEFD3622237957
:10D26000019502FB030000220B4B083023F810202D
:10D2700001A8FFF729FE019B00EB8300D0F8802076
:10D28000064B134043F00203C0F88030044803B05B
:10D29000F0BD0448FBE700BF88060020F0F0FCFF6B
:10D2A0000000AD0B0400AD0B2DE9FF471746044607
:10D2B0000846FFF7B1FD3E68884605463EB3204666
:10D2C00008F028FA98BB3346CDE900008DF80E002F
:10D2D0008DF80F000DF10F0240460DF10E0108F020
:10D2E000BDF936202379654A00FB0353083332F831
:10D2F000131021F0020122F81310237900FB0353CD
:10D30000083332F8131041F0010122F813107B6842
:10D31000002B45D026794146304693F80090D3F84B
:10D3200004A0FFF759FE20B1BAF1000F22D05448F3
:10D3300039E04FF0360C0CFB06565049083631F8F0
:10D34000163023F4604323F0200321F81630BAF19D
:10D35000000F0FD0B9F1030FE9D87B6826685B682E
:10D36000187806EB8006B9F1000F1FD1C6F81095AA
:10D37000C6F8109536202379404A00FB0353083342
:10D3800032F8131021F01C0122F81310237900FB4E
:10D390000353083332F8131041EA890122F81310BD
:10D3A000BB6863BB374804B0BDE8F087D6F81025EA
:10D3B00022F00302C6F81025226802EB8003D3F89E
:10D3C000102522F4473222F47C72C3F8102541F66E
:10D3D000F072D3F8106502EA081242EA09423243B9
:10D3E000C3F8102523790CFB0353083331F81320BD
:10D3F00042EA403242F0200221F81320BAE74146C7
:10D40000D3E900972046FFF711FDB9F1000FC9D00D
:10D410006C232079194E4343F218F358994504D1EF
:10D4200053689F4201D100210CE06C2303FB006094
:10D430000DF10F016030FFF79FFC124B9842B2D103
:10D440009DF80F106C222379534303EBC10346F878
:10D45000039023795343362203EBC10333445F60C7
:10D46000237902FB0353083336F8132042EA4122A2
:10D4700042F4807226F8132094E700BF880600204B
:10D480000400AD0B0000AD0B2DE9F043054685B05F
:10D49000084690461F46FFF7BFFC0E460446B8F10B
:10D4A000000F2DD095F804904846FFF795FD18B968
:10D4B0004846FFF7B7FD50BB31464846FFF79EFD93
:10D4C00018B198F80130012B21D001238DF80F30CD
:10D4D000002308F10102CDE900830DF10F0108F1ED
:10D4E0000203304608F0BAF836222B792F4902FBA6
:10D4F0000343083331F8132042F0030221F81320CC
:10D50000002F50D031462879FFF766FD18B928481A
:10D5100005B0BDE8F08300214FF0360E38782B6857
:10D52000820003EB8003C3F81015C3F810152B79A4
:10D530001E490EFB0343083331F813C02CF4604C32
:10D540002CF0200C21F813C097F801C0BCF1000F9B
:10D5500029D02B68BF781A44D2F81085154B4FEAB2
:10D560000C4C08EA0303C2F8103541F6F0730CF4D2
:10D57000403C03EA06133F05D2F8108543EA0C034A
:10D5800007F480173B4343EA0803C2F810352B79B0
:10D590000EFB0344083431F8143043EA403343F0BF
:10D5A000200321F814300448B2E700BF88060020A9
:10D5B0000400AD0B0FE0ECFF0000AD0B30B56C25A7
:10D5C0000479044B05FB0434A160017905FB0133A8
:10D5D000DA6030BD8806002070B514465AB910498B
:10D5E000104840F20D33104A05F0CCFE40F20D31E8
:10D5F0000D4805F0BEFE06793046FFF713FD68B111
:10D600000846FFF709FC362303FB0600074B0830EA
:10D6100033F8103006485B0B237070BD0548FCE7FB
:10D62000A0C00200DF8D020002C0020088060020B8
:10D630000000AD0B0400AD0B2DE9F843054607795A
:10D640006C201A4E00FB076898F8684064BB40469F
:10D65000A14646222146103008F00BFD2D68D8F86F
:10D660005880A04513D10023C5F30830C5F84431D4
:10D670000130D5F84431F6F7E9F86C2303FB07666F
:10D6800001230B4886F868303366BDE8F883E0B2C2
:10D69000FFF74CFCA0F580739B08112B04BF45F8E5
:10D6A00000902B580134DCE70248EEE788060020A2
:10D6B0000000AD0B0C00AD0B6C210279044B01FB9B
:10D6C000023393F86800003818BF0120704700BF8C
:10D6D000880600206C235C22007913FB002302489B
:10D6E0001844FFF769BB00BF880600206C235C224A
:10D6F000007913FB002302481844FFF73DBB00BF2D
:10D70000880600202DE9F341044600790D461746AE
:10D71000FFF774FC58B9354940F2FA33344A3548BA
:10D7200005F030FE40F2FA31314805F022FE236860
:10D73000D3F8142392035CBF4FF40032C3F81423D0
:10D7400026793046FFF76EFC08B33046FFF744FCFD
:10D750008046E0B93046FFF72FFC0546FFF7E6FBB1
:10D7600026682AB246F800803358236803EB820308
:10D77000D3F8102542F00102C3F8102527B1012388
:10D780002268AB40C2F8143302B0BDE8F0814FB953
:10D79000194940F20E43164A164805F0F3FD40F2CF
:10D7A0000E41C1E72846FFF737FB362303FB06008F
:10D7B000124B083033F81030C3F38203042B11D01E
:10D7C000052B11D001A80195FFF77EFB019BC168D5
:10D7D000D94001F001010231284602B0BDE8F04114
:10D7E00007F089BF0321F7E70221F5E77FC00200B8
:10D7F00002C00200DF8D0200AAC0020088060020DD
:10D8000001490248FFF732BC8806002000A00D50F5
:10D8100001490248FFF72ABCF406002000C010505E
:10D8200008B5154B027AD3F8101521F001010A430F
:10D83000C3F810250268B2F5803F0BD30F4940F2C0
:10D84000ED630F4A0F4805F09DFD40F2ED610C4875
:10D8500005F08FFDC3F8A4264268FF2A09D90A49BA
:10D860004FF4DF63064A074805F08CFD4FF4DF6193
:10D87000EDE7C3F8AC2608BD00200E50FBC0020047
:10D88000C8C00200DF8D020023C102000B2808B5CA
:10D890000BD90A490A4840F28C630A4A05F072FD26
:10D8A00040F28C61074805F064FD0023000100F19F
:10D8B000A04000F56220C0F82C3508BD49C1020027
:10D8C000DF8D0200C8C0020070B5054648B917498F
:10D8D0001748D623174A05F055FDD621154805F0FF
:10D8E00048FD002467220126007A92FAA2F3B3FAD7
:10D8F00083F3834204F1010112D1FFF7C7FF0C212A
:10D900000D4BE4B201FB043401212A68E2606A682D
:10D9100022612A7A914022759A680A439A6070BD02
:10D9200006FA03F30C4622EA0302DEE799C102007D
:10D93000DF8D02005DC10200600700200B2808B5E2
:10D940000BD90B490B4840F276430B4A05F01AFD00
:10D9500040F27641084805F00CFD000100F1A040BE
:10D9600000F56220D0F82415D0F8200508BD00BFCE
:10D9700049C10200DF8D0200C8C00200012303FA82
:10D9800000F010F0670F0AD0064B5B68DB4303F032
:10D9900067030342044B054818BF18467047044804
:10D9A000704700BF600700200000AD0B0400AD0B06
:10D9B0000800AD0B2DE9F048214B1B78012B0BD053
:10D9C000204940F21F13204A204805F0DBFC40F2BA
:10D9D0001F111D4805F0CDFC48B91D494FF4907347
:10D9E000194A1A4805F0CEFC4FF49071F1E7002374
:10D9F0000022C0E90023174BD3F810359B071CD534
:10DA0000EFF31181402383F31288BFF36F8F4FF040
:10DA1000FF356FF04044104ED6E900BC5D4574EB15
:10DA20000C07F9D3CCF31303C0E900B381F31188D9
:10DA3000BFF36F8F0948BDE8F0880948FBE700BFD6
:10DA400060070020A5C102005DC10200DF8D020059
:10DA5000CEC1020000200E5040270E500000AD0B3A
:10DA60000100AD0BF0B5534C85B02578002D40F08A
:10DA70009C80514A01AB07CA83E807004F4918460A
:10DA8000D1F8102522F00202C1F81025FFF7C8FED8
:10DA90000723672202F001012944013BCDB24FEA7E
:10DAA0005202F7D1052D40F082801A4601274148E5
:10DAB000002567265FFA82FC96FAA6F15FFA85FEDA
:10DAC000E645B1FA81F16AD30132052A017500F108
:10DAD0000C00EDD10120002539499A0800FA02F224
:10DAE00012F0670F1CBF5D505A580433302BF4D12D
:10DAF000E420F5F7ABFE314B0125D3F818275D2064
:10DB000022F4403242F48032C3F81827D3F81025AB
:10DB100022F00202C3F8102540F6FF72C3F8282352
:10DB20000022C3F88021C3F88020C3F88421C3F801
:10DB30008420C3F88821C3F88820C3F88C21C3F857
:10DB40008C20C3F89021C3F89020C3F89421C3F827
:10DB50009420C3F89821C3F89820C3F89C21C3F8F7
:10DB60009C20C3F8A021C3F8A020C3F8A421C3F8C7
:10DB7000A420C3F8A821C3F8A820C3F8AC21C3F897
:10DB8000AC201D660F4B104A1B68B3FBF2F35843E1
:10DB90000E4B2B4398470E48257005B0F0BD07FA91
:10DBA00001F126EA0106013586E70A48F5E70A4849
:10DBB000F3E700BF60070020446C020000200E5015
:10DBC00000210E508406002040420F00A072020087
:10DBD0000000AD0B0C00AD0B0100AD0BF7B53D4CDB
:10DBE000064623780D46012B0BD03B4940F2192302
:10DBF0003A4A3B4805F0C6FB40F21921374805F088
:10DC0000B8FB49B9374940F21A23344A344805F081
:10DC1000B9FB40F21A21F1E7277D4FB1324940F2BA
:10DC20001B232E4A2E4805F0ADFB40F21B21E5E7F1
:10DC3000636804F1140103F0010301A80193FFF7E5
:10DC40009BF82A4B98423CD12F70636823F0010364
:10DC50006360A36843F00103A360254BD3F810254C
:10DC6000950732D4D3F8102542F00202C3F81025EC
:10DC7000C6B1D3F8482712F0010202BFD3F8481703
:10DC800041F00101C3F84817194BD3F84017D3F8F6
:10DC900044174C00F9D42AB9D3F8482722F00102DE
:10DCA000C3F84827134B144A1B68B3FBF2F3104A1E
:10DCB00003EB43135BB1D2F84017D2F84417490085
:10DCC00001D403B0F0BD013BF4E70C48F9E70C4880
:10DCD000F7E700BF60070020A5C102005DC1020098
:10DCE000DF8D0200D8C10200EAC102000000AD0BC6
:10DCF00000200E508406002040420F000C00AD0BA7
:10DD00000700AD0B2DE9F0411E46354B04461B784C
:10DD100017469DF818805BB9324940F2E323324A36
:10DD2000324805F02FFB40F2E3212F4805F021FB9C
:10DD300048B92F494FF439732B4A2C4805F022FB80
:10DD40004FF43971F1E7007AFFF718FE294B0546C9
:10DD5000984241D12046FFF7B7FDEFF311804023F1
:10DD600083F31288BFF36F8F227A234B9200134400
:10DD700000221A60217A1B680B290AD91F4940F238
:10DD800066431F4A194805F0FDFA40F266411C48F7
:10DD9000CCE7B6F5801F09D31A4940F26C43184A04
:10DDA000124805F0EFFA40F26C41F0E7090101F189
:10DDB000A04101F56221C1F82075C1F8246580F306
:10DDC0001188BFF36F8FB8F1000F05D00123227ABD
:10DDD00093400D4AC2F824332846BDE8F08100BFC5
:10DDE000600700200CC202005DC10200DF8D02004E
:10DDF00099C102000000AD0B00210E5049C1020084
:10DE0000C8C0020037C2020000200E502DE9F743BF
:10DE1000244A002053689268DB4303F067031340F1
:10DE20001C4601260746FCB94FF001091E4B1D4D4B
:10DE3000D3F82063064095F8148009FA08F33342BA
:10DE40000AD0EF6847B14046FFF778FD0B462969D5
:10DE5000024600914046B8470134052C05F10C05F7
:10DE6000E9D103B0BDE8F08394FAA4F5B5FA85F5DD
:10DE7000AA0002F58071920806FA02F213420BD052
:10DE800001F1A04101F56221D1F800C0BCF1000F01
:10DE900002D00F600968104306FA05F524EA05046C
:10DEA000C1E700BF6007002000200E5008B50A4AF5
:10DEB0000A4B93420ED90A4918230A4A0A4805F028
:10DEC00061FA0A4805F05EFA1821064805F051FA91
:10DED0001433EEE7FCD308BDF0610200506102008C
:10DEE00077C2020054C20200DF8D0200D09102000E
:10DEF0001FB50446F4F748FC064B012202930023A9
:10DF000005491846CDE9003307F074FC204607F0B8
:10DF100081FC00BF8FC20200646B02002DE9F0415A
:10DF2000044686B00E46EFF31188402383F312882F
:10DF3000BFF36F8F0025042898BF2B4B2B4A98BF47
:10DF400053F82030976888BF294B127C2949CDE9C6
:10DF50000432294B0390029301222B462846CDE937
:10DF6000005507F047FC6EB1F369C3F308034BB1EA
:10DF7000224B0122CDE9015328462B461D4900952D
:10DF800007F038FC2FB1384607F040FD08B10378A0
:10DF900003B91B481B4B012202930023CDE90370F8
:10DFA000CDE900331846134907F024FC31462046DA
:10DFB000FFF79EFF042C0CD113498723134A144802
:10DFC00005F0E0F9134805F0DDF987210F4805F069
:10DFD000D0F988F31188BFF36F8F384606B0BDE8DB
:10DFE000F041F5F7B1BB00BFFC770200F45E002002
:10DFF0009EC20200646B0200ACC20200D4C20200E6
:10E0000010A30200F5C202002FC302000DC30200DC
:10E01000DF8D02004CC3020038B5094B53F8204095
:10E02000013053F82050A54200D838BD636823B1B1
:10E03000204607F0F7FB0834F5E723689847FAE72E
:10E0400010780200012270B5384B032086B01A7098
:10E05000FFF7E2FFF4F7CAFE07F000FC0420FFF729
:10E06000DBFF334C334DAC42264628D93249452399
:10E07000324A334805F086F9324805F083F94521E4
:10E080002E4805F076F954F80C3C059354F8103CF2
:10E09000049354F8143C039354F8183C029354F836
:10E0A0001C3C019354F8203C009354E90A2354E9A2
:10E0B0000C0101F0B1FC54F8303C5E65D3E7AE4290
:10E0C00004F13004DFD302F0EFFA194C1E4EAC42DB
:10E0D0001FD919496923194A194805F053F91948F4
:10E0E00005F050F96921CBE7D4E90A23B3F1FF3FEA
:10E0F00008BFB2F1FF3F05D052EA0301206803D107
:10E1000007F086FC3034E2E73146183003F036F889
:10E11000F8E7E9D302F036FBF3F7B8FB0B4A137BC1
:10E1200023F00103137306B070BD00BFF566002035
:10E13000686A0200686A0200ECC30200CBC30200F6
:10E14000DF8D0200D0910200755A0200E0580020D5
:10E1500008B50348034A0021121A07F07BFB08BDEB
:10E16000100C0020F8660020C82370B5144E86B04D
:10E1700003FB0066134B012205930F23CDE9033205
:10E180000023CDE9013314234FF4A0720E4D0F4943
:10E1900003FB0055044602FB00110D4B3046009571
:10E1A00001F03AFC737B2C7423F004037373094B66
:10E1B000013403EBC423EE606B6006B070BD00BF9A
:10E1C0001858002019C40200F45E0020C87C00200A
:10E1D00059E70100C8740020BFB50020FFF71CFFFD
:10E1E0002D4B03F5006282F3088883F30A88E0234D
:10E1F0002A4D002485F822302023EB772C766C768C
:10E20000AC766B6A264E43F4E0236B6285F82340BC
:10E21000F5F714FAF5F7D0FB4FF0FF33AB62EB6282
:10E22000F5F7B2FDF5F7F0FBF4F798FA40F20112BA
:10E230001C4B1D4D9A81B360C3E92A44C3F8B44016
:10E24000FFF734FE0120FFF7E7FE0220FFF7E4FEB0
:10E2500002F014FB154B756105930123144F15490A
:10E260004FF40062CDE9034328463B46CDE9014423
:10E27000009401F0D1FB06466A7B284622F0040296
:10E280006A7301F0BDFE2046FFF76EFF3A46314645
:10E290002846F5F76BFB00BFC874002000ED00E0D6
:10E2A000F45E0020905A0020E05800201EC40200B6
:10E2B00045E00100087E002038B50D4C0D4DAC4204
:10E2C00013D90D4919230D4A0D4805F05BF80D4887
:10E2D00005F058F81921094805F04BF82046D4E913
:10E2E000011207F0BCFA1834E9E7F7D3002038BD73
:10E2F000D4090020D409002048C4020026C402002A
:10E30000DF8D0200D09102002DE9F04F064689B062
:10E310009046DDE9122306A899461746059107F0B5
:10E32000CEFBDDE90634CDE9023406F11404EFF347
:10E330001185402383F31288BFF36F8F204602F0CC
:10E3400039FE60B98823364A3649374805F01AF84D
:10E350002146364805F016F88821314833E020463A
:10E3600002F04CFEEFF30583FBB94FF0400B06F1D2
:10E370000C0A424630460599F3F720FB034620B3CA
:10E380002046029302F024FE029B00283FD140F277
:10E390003113234A2649244804F0F4FF2146254836
:10E3A00004F0F0FF40F23111D7E757EA0903DCD05F
:10E3B00021494B23214A1C4804F0E4FF204804F083
:10E3C000E1FF4B211D4804F0D4FF57EA0907D7D0DD
:10E3D000DDE9022306A807F096FBDDE906232946BE
:10E3E000CDE90023174620465246994601F046FFE4
:10E3F000EFF311858BF31288BFF36F8F204602F085
:10E40000D9FD00289ED0204602F0F8FDB1E785F343
:10E410001188BFF36F8F184609B0BDE8F08F00BFB9
:10E42000A890020001910200DF8D02001691020007
:10E43000D5900200EC90020061C4020026C40200E4
:10E44000D39D0200F8B505460E4600F11404EFF323
:10E450001187402383F31288BFF36F8F204602F0A9
:10E46000A9FD68B988231B4A1B491C4804F08AFF90
:10E4700021461B4804F086FF8821164804F079FFE6
:10E48000204602F0BBFD28463146F3F749FA05F174
:10E490000C0007F0FDFA28B139462046BDE8F840E7
:10E4A00002F056B8204602F093FD68B940F23113ED
:10E4B000084A0C49094804F065FF21460A4804F05F
:10E4C00061FF40F23111D8E787F31188BFF36F8FF6
:10E4D000F8BD00BFA890020001910200DF8D02008C
:10E4E00016910200D5900200EC900200002038B591
:10E4F0000C4C0D4DAC4213D90C4994230C4A0D48D9
:10E5000004F040FF0C4804F03DFF9421084804F05B
:10E5100030FF204607F0ABF9002802DB2034E9E7A2
:10E52000F7D338BD74090020D4090020CCC4020000
:10E53000A7C40200DF8D0200D09102002DE9F7434D
:10E5400005460F4691461C4600F10806EFF3118878
:10E55000402383F31288BFF36F8F304602F02AFD09
:10E5600060B98823314A3249324804F00BFF314602
:10E57000314804F007FF88212C4826E0304602F09D
:10E580003DFD2B691BB33B601C68EB692C610133BB
:10E59000EB6114B96A6993421FD0EB68E41A09D49D
:10E5A000D5E905235A43A24204D9B4FBF3F203FB95
:10E5B000124494B12149E723214A1E4804F0E2FEA7
:10E5C000204804F0DFFEE7211D4804F0D2FE59EA9E
:10E5D000040214D16FF00B043B60304602F0F8FCEB
:10E5E000F0B940F23113114A1749124804F0CAFE3B
:10E5F0003146164804F0C6FE40F23111BCE7CDE9C1
:10E6000000942A464146304601F038FE044618B9C7
:10E610000F4B9B685B693B60204603B0BDE8F0830D
:10E6200088F31188BFF36F8FF6E700BFA890020050
:10E6300001910200DF8D020016910200E9C4020080
:10E64000A7C4020065C50200D5900200EC9002004C
:10E65000F45E00202DE9F04104460D4600F1080665
:10E66000EFF31187402383F31288BFF36F8F304697
:10E6700002F0A0FC60B988232E4A2F492F4804F0ED
:10E6800081FE31462E4804F07DFE8821294830E085
:10E69000304602F0B3FCE368EB1A1DD4D4E905124E
:10E6A0005143994218D9B3FBF2F102FB11339BB9E4
:10E6B000D4F81080B8F1000F1DD1204601F064FE9F
:10E6C000C8B1C0F8C080456101F09AFC39463046B7
:10E6D000BDE8F04101F03CBF1A494FF488731A4A73
:10E6E000164804F04FFE194804F04CFE4FF48871B0
:10E6F000154804F03EFE236930462B60E36925612E
:10E70000013BE36102F064FC68B940F23113094A4D
:10E710000F490A4804F036FE31460E4804F032FE36
:10E7200040F23111B2E787F31188BFF36F8FBDE874
:10E73000F08100BFA890020001910200DF8D02006D
:10E740001691020080C50200A7C402009CC5020009
:10E75000D5900200EC90020008B50D4B9B6893F930
:10E760000E30002B09DB4024EFF3118384F3128871
:10E77000BFF36F8F05F0BEF9F6E7064906481B2385
:10E78000064A04F0FFFD1B21044804F0F2FD00BF1F
:10E79000F45E0020DFC50200DF8D0200BEC502006E
:10E7A0002DE9F341044617461E46EFF3058565B192
:10E7B00058496F23584A594804F0E4FD584804F07A
:10E7C000E1FD6F21544804F0D4FDEFF3118840239C
:10E7D00083F31288BFF36F8F524802F0EBFB60B9EE
:10E7E0008823514A51494D4804F0CCFD4D495048C9
:10E7F00004F0C8FD88214C48E5E74A4802F0FEFBDA
:10E80000E3684C4A9BB1A0689168884229D057EAD6
:10E8100006032ED1434802F0DBFBA0B188F3118838
:10E82000BFF36F8F6FF00F0002B0BDE8F081916809
:10E8300091F90E100133E36093683A482161A360B7
:10E8400002F0C6FB78B940F23113374A3A493348EF
:10E8500004F098FD3349394804F094FD40F2311139
:10E86000C9E72169E6E788F31188BFF36F8F0020BD
:10E87000DAE791F90E1090F90E306FF07E029942AE
:10E88000A8BF19469142B8BF11468B4202DD07F07E
:10E8900008F8054622464146CDE90076214801F0B8
:10E8A000EDFC0028E3D0EFF31186402383F31288B8
:10E8B000BFF36F8F1B4802F07DFB002890D01948F2
:10E8C00002F09CFBA068C0B1236821699C420AD079
:10E8D0004BB193F90E309942A8BF19466FF07E03F1
:10E8E0009942B8BF194606F0DCFF30B131460D48F9
:10E8F00001F02EFE6FF00A0096E7002DF6D10948D0
:10E9000002F066FB00289ED086F31188BFF36F8F5C
:10E91000F0E700BF29C6020007C60200DF8D020033
:10E920003BC60200185F0020A8900200019102007F
:10E9300016910200F45E0020D5900200EC900200D7
:10E9400070B50446EFF3058666B13949D723394AD5
:10E95000394804F017FD394804F014FDD721354833
:10E9600004F007FD8368002B5BD0354A9268934220
:10E970005AD1C3683BB93349EF232E4A2E4804F0DD
:10E9800001FDEF21EBE7012B03D0013BC360002029
:10E9900070BDEFF31185402383F31288BFF36F8FAF
:10E9A000294802F007FB60B98823284A28492248F1
:10E9B00004F0E8FC2449274804F0E4FC88212348BB
:10E9C000CEE7214802F01AFB2169A06806F069FF32
:10E9D000204601F0D9FCA06058B190F90E202261C8
:10E9E000C0F8C06001F00CFB2946174801F0B0FDEB
:10E9F000CDE7E060144802F0EBFA68B940F2311359
:10EA0000124A15490C4804F0BDFC0F49134804F0A4
:10EA1000B9FC40F23111D2E785F31188BFF36F8F53
:10EA2000B5E76FF01500B3E74FF0FF30B0E700BF78
:10EA300029C6020007C60200DF8D02003BC60200A5
:10EA4000F45E002060C60200185F0020A89002005B
:10EA50000191020016910200D5900200EC90020094
:10EA60002DE9F04704460E46904699469DF820A0B1
:10EA700000F10805EFF31187402383F31288BFF3F9
:10EA80006F8F284602F096FA68B988233C4A3D49C0
:10EA90003D4804F077FC29463C4804F073FC88218B
:10EAA000374804F066FC284602F0A8FABAF1000FD5
:10EAB00000D0666804F10C0001F066FC60B1002330
:10EAC000C0F81480C0F8C03001F09AFA28463946E0
:10EAD00001F03EFD00201EE0B9F1000F2DD008210D
:10EAE00002F00AFEC8B9284602F072FA68B940F28C
:10EAF0003113234A2649244804F044FC294625487A
:10EB000004F040FC40F23111CAE787F31188BFF3EB
:10EB10006F8F6FF00B00BDE8F0870122C0F8048012
:10EB20000260016801F003015EB922680A430260D5
:10EB3000626820606AB960600BE04046C8F80090E7
:10EB4000EFE73268032A10D80160616839B9C4E977
:10EB50000000042104F1140002F020FDB6E70A6869
:10EB600002F0030202430A60E5E722F003020A43CF
:10EB70000260326802F0030240EA02033360E8E711
:10EB8000A890020001910200DF8D020016910200A0
:10EB9000D5900200EC9002002DE9F743064690461E
:10EBA0001F4600F10805EFF31189402383F3128813
:10EBB000BFF36F8F284602F0FDF968B98823254A14
:10EBC0002549264804F0DEFB2946254804F0DAFBF7
:10EBD0008821204804F0CDFB284602F00FFA346863
:10EBE000FCB12368726823F00303944220464FF07F
:10EBF0000101336008BF736006F05BFE04462846DF
:10EC000002F0E6F9E8B940F23113124A1549134807
:10EC100004F0B8FB2946144804F0B4FB40F231116B
:10EC2000D7E758EA0703EAD049462846CDE90087E6
:10EC300006F10C0201F022FB38B90C4B9B685C69B1
:10EC400003E089F31188BFF36F8F204603B0BDE85E
:10EC5000F08300BFA890020001910200DF8D020046
:10EC600016910200D5900200EC900200F45E0020A4
:10EC700038B50446EFF31185402383F31288BFF3C0
:10EC80006F8F184802F096F968B98823164A174919
:10EC9000174804F077FB1349164804F073FB8821EA
:10ECA000114804F066FB0F4802F0A8F9204601F075
:10ECB0006BFB50B10022C0F8C02001F0A1F9294639
:10ECC000BDE83840074801F043BCD4E902329A421B
:10ECD00018BF01330221A36004F1100002F05EFCB2
:10ECE000EDE700BF1C5F0020A89002000191020028
:10ECF000DF8D020016910200F7B5044616461D4648
:10ED0000EFF305837BB152EA05030CD02D4988232C
:10ED10002D4A2E4804F036FB2D4804F033FB8821A1
:10ED2000294804F026FBEFF31187402383F3128870
:10ED3000BFF36F8F274802F03DF960B98823264A58
:10ED40002649224804F01EFB2249254804F01AFBFC
:10ED500088212148E5E71F4802F050F9A368D3B1A4
:10ED6000013B1C48A36002F033F968B940F231134B
:10ED7000194A1C49154804F005FB16491A4804F0C5
:10ED800001FB40F23111E4E787F31188BFF36F8F85
:10ED9000002003B0F0BD56EA05030BD10D4802F088
:10EDA00017F90028E2D087F31188BFF36F8F6FF057
:10EDB0000F00EEE722463946CDE90065054801F02F
:10EDC0005DFAE6E797C6020077C60200DF8D020013
:10EDD000D39D02001C5F0020A89002000191020058
:10EDE00016910200D5900200EC9002001FB5094A6E
:10EDF00002AB92E803004FF4006283E80300009343
:10EE000005494FF0FF33054800F072FB002005B0C4
:10EE10005DF804FB506C020008860020A859002011
:10EE20002DE9F04305466D4E6D4F85B0EFF3118827
:10EE3000402383F31288BFF36F8F304602F0BAF895
:10EE400068B98823674A6849684804F09BFA6349AF
:10EE5000674804F097FA8821624804F08AFA30463D
:10EE600002F0CCF8D5F8C840ACB9022105F1E000B9
:10EE700006F061FD002837D100234FF0FF320293E6
:10EE80004FF0FF334146CDE90023304605F1D00273
:10EE900001F04CFFCAE7D5F8CC202368944208BFA4
:10EEA000C5F8CC30C5F8C830D5F8E030304643F06E
:10EEB0000203C5F8E030E368D4F8049023F00403BB
:10EEC00043F00103E36002F083F8B8B940F2311374
:10EED000444A4849454804F055FA4049464804F038
:10EEE00051FA40F23111B7E705F1D80400220121AF
:10EEF000204601F0BDFE0028F8D1BDE788F3118857
:10EF0000BFF36F8FB9F1000F0AD13C49374840F287
:10EF1000AF233B4A04F036FA40F2AF2138489CE771
:10EF20002046C847EFF31188402383F31288BFF3CC
:10EF30006F8F304602F03EF8002882D0304602F053
:10EF40005DF8E368D90623F0010231D4E260E3689A
:10EF50009A0716D5386823F00203E36088B10021D0
:10EF6000036870B14268944230D1036841BB7A684B
:10EF70003B60824200D17B60002340F8083BFFF7F2
:10EF800077FED5F8E030304623F00203C5F8E030D4
:10EF9000C3F3002402F01CF8002897D088F31188EE
:10EFA000BFF36F8F002C7FF441AF01F06FFC3DE7A2
:10EFB00023F01103E36004F11000FFF759FEC6E7E8
:10EFC0000B607B68834208BF7960D5E723B11A687C
:10EFD000014618461346C4E71A46F9E7285F0020A1
:10EFE000205F0020A890020001910200DF8D020046
:10EFF00016910200D5900200EC90020030C702008A
:10F00000EEC6020070B5C3680546C3F340069B0711
:10F010000C460DD50122002104F1080006F07BFC0E
:10F0200000232360054B65605A681AB9C3E90044A0
:10F03000304670BD14605C60FAE700BF205F0020BE
:10F04000F8B5C36804469A070F46C3F3400639D49F
:10F050005B0725D40B680BB983680B60E368DD0799
:10F0600021D5A3685BB9284928484FF4AF73284AD3
:10F0700004F088F94FF4AF71254804F07AF90226BC
:10F080003B603D68002D3CD0224B9B68AB420CD0CE
:10F09000D5F8E030D807C3F3800216D46FF012061B
:10F0A00000233B6027E00126EBE706F0A9FCD5F83A
:10F0B000E0300028EED1D907C3F3C002EED552B13B
:10F0C0005B0708D46FF00F06EAE7002AFAD1C3F312
:10F0D000C003002BF6D100232360D5F8CC3063B9F0
:10F0E000C5E93244284606F041FCE36843F00403D6
:10F0F000E3603B68A3603046F8BD1C60C5F8CC40B7
:10F10000F0E76FF01506CBE70FC70200DF8D0200B6
:10F11000EEC60200F45E002073B50446EFF31185DD
:10F12000402383F31288BFF36F8F1E4801F042FF24
:10F1300068B988231C4A1D491D4804F023F9194960
:10F140001C4804F01FF98821174804F012F91548EB
:10F1500001F054FF00230321201F0193A4F11006A6
:10F1600006F0E9FB28B1A369304601A90193FFF736
:10F1700067FF0C4801F02CFF68B940F231130A4ACE
:10F180000D490B4804F0FEF806490C4804F0FAF863
:10F1900040F23111D8E785F31188BFF36F8F02B0C9
:10F1A00070BD00BF285F0020A890020001910200FE
:10F1B000DF8D020016910200D5900200EC90020053
:10F1C00038B50D46044648B90C4999230C4A0D48F8
:10F1D00004F0D8F899210A4804F0CBF839B90A4963
:10F1E0009A23074A074804F0CDF89A21F3E7102242
:10F1F000002106F03EFF656038BD00BFCBC70200AE
:10F20000EEC60200DF8D020030C702002DE9F0419A
:10F21000C368074603F00503002B0C4614BF4FF0EC
:10F2200001084FF000082FD085685DB920492148BA
:10F230004FF4E473204A04F0A5F84FF4E4711E483B
:10F2400004F097F8D5F8C86026B1B74201D0366807
:10F25000FAE701260122002104F1100006F05BFB11
:10F2600020461649FFF7ACFFE36843F01003E36064
:10F270009EB13B68236073B9D5F8CC303BB9C5E982
:10F280003244284606F072FB4046BDE8F0811C601F
:10F29000C5F8CC40F5E73C60F3E7D5F8C83023600B
:10F2A000D5F8CC30C5F8C840002BEAD1F0E700BF54
:10F2B00015C70200DF8D0200EEC602004D590200A4
:10F2C00037B50C46019059B928494FF4C273284A02
:10F2D000284804F057F84FF4C271254804F049F863
:10F2E0004B684BB9244940F28513214A214804F068
:10F2F00049F840F28511F0E7EFF31185402383F3DD
:10F300001288BFF36F8F1D4801F054FE60B9882347
:10F310001B4A1C49174804F035F818491A4804F0EC
:10F3200031F888211648D9E7144801F067FE2046D5
:10F3300001A9FFF785FE0446104801F049FE68B9AF
:10F3400040F231130E4A11490A4804F01BF80B49E8
:10F350000F4804F017F840F23111E3E785F3118804
:10F36000BFF36F8F204603B030BD00BFCBC7020094
:10F37000EEC60200DF8D02002AC70200285F0020CF
:10F38000A89002000191020016910200D59002009F
:10F39000EC9002000146014806F022BBA85900206B
:10F3A00070B50C46054658B938494FF4EA73384AE7
:10F3B000384803F0E7FF4FF4EA71354803F0D9FF0E
:10F3C000C368DB0509D5344940F2D513304A3148CA
:10F3D00003F0D8FF40F2D511EFE706F011FB48B17A
:10F3E0002E494FF4EB732A4A2A4803F0CBFF4FF41F
:10F3F000EB71E2E74CB92A4940F2D713244A254879
:10F4000003F0C0FF40F2D711D7E7EFF31186402396
:10F4100083F31288BFF36F8F224801F0CBFD60B9F0
:10F420008823214A21491B4803F0ACFF1D4920488D
:10F4300003F0A8FF88211C48C0E71A4801F0DEFD50
:10F4400028462146FFF7E2FE0546164801F0C0FDBA
:10F4500068B940F23113144A16490E4803F092FF7E
:10F460001049154803F08EFF40F23111E3E786F3AF
:10F470001188BFF36F8F3DB14FF0FF324FF0FF3374
:10F4800004F11000FFF738FC284670BDCBC702001E
:10F49000EEC60200DF8D020047C70200FBAD02008E
:10F4A00076C70200285F0020A890020001910200A8
:10F4B00016910200D5900200EC90020008B558B9F0
:10F4C000084909484FF43473084A03F05BFF4FF4CE
:10F4D0003471064803F04DFFE822002106F0C9FD13
:10F4E00008BD00BF15C70200DF8D0200EEC6020096
:10F4F000F0B589B004460E9D58B92E4940F2DF237D
:10F500002D4A2E4803F03EFF40F2DF212A4803F047
:10F5100030FF49B92A494FF43873274A274803F086
:10F5200031FF4FF43871F1E7D0F8E00010F001003E
:10F5300009D0244940F2E1231F4A204803F022FF6A
:10F5400040F2E121E2E7C4E9320004F1D000C4E96D
:10F55000340004F1D800C4E936004DB328790028FE
:10F5600040F2011008BF0120C4F8E00000204FF075
:10F57000FF364FF0FF37CDE90330CDE90100CDE98B
:10F5800006672046104B009400F008FB55B129682F
:10F5900011B1204600F030FA6B791BB1237B43F0A8
:10F5A00001032373204609B0BDE8F04006F030BAED
:10F5B0000120D9E78AC70200EEC60200DF8D0200F3
:10F5C00090C7020096C7020021EE010038B50D4633
:10F5D000044658B90F4940F25B330F4A0F4803F015
:10F5E000D1FE40F25B310C4803F0C3FE49B90C492F
:10F5F0004FF45773084A094803F0C4FE4FF457719B
:10F60000F1E73022002106F034FD4FF4807365608D
:10F61000E36038BDCAC70200EEC60200DF8D0200FB
:10F6200030C70200F7B516461D460C46019059B981
:10F630002D492E4840F2D5332D4A03F0A3FE40F267
:10F64000D5312B4803F095FEEFF31187402383F368
:10F650001288BFF36F8F274801F0ACFC60B9882394
:10F66000254A2649214803F08DFE2249244803F00B
:10F6700089FE88212048E5E71E4801F0BFFCE368C9
:10F6800013F01E0F27D155EA060216D1204601A914
:10F69000FFF7D6FC0446174801F09AFCE8B940F29F
:10F6A0003113154A1749114803F06CFE11491648E9
:10F6B00003F068FE40F23111DCE743F00803E36039
:10F6C000019B04F11000A36232462B460F4901F062
:10F6D00055FD0124DFE70024DDE787F31188BFF340
:10F6E0006F8F204603B0F0BDCAC70200DF8D020055
:10F6F000EEC60200285F0020A890020001910200DF
:10F7000016910200D5900200EC90020019F1010060
:10F7100001460148FFF786BFA8590020F7B51646F5
:10F720001D460C46019059B92C492D4840F2F93339
:10F730002C4A03F027FE40F2F9312A4803F019FE63
:10F74000EFF31187402383F31288BFF36F8F2648AE
:10F7500001F030FC60B98823244A2549204803F091
:10F7600011FE2149234803F00DFE88211F48E5E7DB
:10F770001D4801F043FC204606F0E9F855EA06036F
:10F7800016D1204601A9FFF75BFC0446164801F09C
:10F790001FFCE0B940F23113144A1749104803F036
:10F7A000F1FD1149154803F0EDFD40F23111DDE79F
:10F7B000E36804F1100043F00803E360019B324664
:10F7C000A3620F492B4601F0D9FC0124DEE787F341
:10F7D0001188BFF36F8F204603B0F0BDCAC7020087
:10F7E000DF8D0200EEC60200285F0020A890020014
:10F7F0000191020016910200D5900200EC900200E7
:10F8000019F1010001460148FFF788BFA8590020FF
:10F8100038B5044658B92349234840F21B43234ACC
:10F8200003F0B0FD40F21B41204803F0A2FDEFF3CE
:10F830001185402383F31288BFF36F8F1C4801F0BA
:10F84000B9FB60B988231B4A1B49174803F09AFD8E
:10F8500017491A4803F096FD88211648E5E7144831
:10F8600001F0CCFB204606F072F8204606F085F841
:10F8700004460F4801F0ACFB68B940F231130D4A61
:10F880000F49094803F07EFD09490E4803F07AFD4F
:10F8900040F23111E1E785F31188BFF36F8F204605
:10F8A00038BD00BFCAC70200DF8D0200EEC60200ED
:10F8B000285F0020A890020001910200169102002A
:10F8C000D5900200EC900200F8B50D46044658B9F8
:10F8D0003E4940F22C433E4A3E4803F053FD40F27D
:10F8E0002C413B4803F045FD49B93B4940F22D43CB
:10F8F000374A384803F046FD40F22D41F1E706F063
:10F900007FF848B1354940F22E43314A314803F07F
:10F9100039FD40F22E41E4E7EFF31186402383F3F3
:10F920001288BFF36F8F2E4801F044FB60B9882323
:10F930002C4A2D49274803F025FD29492B4803F07F
:10F9400021FD88212748CDE7254801F057FBE368D2
:10F9500003F01F03002B14BF0127002717D12048F5
:10F9600001F036FB68B940F231131E4A20491948AC
:10F9700003F008FD1A491F4803F004FD40F231115D
:10F98000E0E786F31188BFF36F8F3846F8BD204655
:10F9900005F0DDFF204605F0F0FF20462946FFF781
:10F9A00031FB04460E4801F013FB0028DBD086F340
:10F9B0001188BFF36F8F002CE7D04FF0FF324FF06C
:10F9C000FF3305F10800FFF797F9DEE7CAC7020029
:10F9D000EEC60200DF8D020076C70200FBAD02001A
:10F9E000285F0020A89002000191020016910200F9
:10F9F000D5900200EC90020010B5044608B9054B02
:10FA00009C681F2204F1880006F0B4FA002084F8F4
:10FA1000A70010BDF45E00202DE9F04F85B0119EC7
:10FA200004460F2E0F469946DDF838B0DDF84C80BD
:10FA30004FD14E498B4250D104F15801C4E91611FF
:10FA40001299002521730421A673D61D26F00706FE
:10FA500007EB060A617320465146C4E90655A560C6
:10FA6000E573F3F797FA109B073020F00700C4E91D
:10FA70002A76C4F8B00002930F9BAAEB0006CDE9EA
:10FA800000B332464B4639462046F3F753FF0F9BEF
:10FA9000C4E91D9BE367109B656584F87050C4F84A
:10FAA0008030EFF31189402383F31288BFF36F8F07
:10FAB0002F4801F07FFA18BB88232E4A2E492F4881
:10FAC00003F060FC2A492E4803F05CFC8821294899
:10FAD00014E006F110011E29AED940F21123294A83
:10FAE0002949264803F04EFC314628486FF00F03A1
:10FAF0000E2203F047FC40F21121224803F039FCAA
:10FB0000234F1B4801F07AFA3B6A1948C4F8843045
:10FB10003C6201F05DFA68B940F23113154A1D49A3
:10FB2000164803F02FFC12491B4803F02BFC40F24F
:10FB30003111CCE789F31188BFF36F8FB8F1000F53
:10FB400011D01F22414604F1880006F013FA84F810
:10FB5000A750BB680BB1D3F8B4303046C4F8B4300A
:10FB600005B0BDE8F08F84F88880F2E759E701001E
:10FB70003C5F0020A890020001910200DF8D02008E
:10FB800016910200DFC7020002C8020082C802000C
:10FB9000F45E0020D5900200EC900200F0B587B032
:10FBA0000446DDE91276EFF3058575B1194940F297
:10FBB0009E23194A194803F0E5FB194803F0E2FBBC
:10FBC00040F29E21144803F0D4FB0595109D049546
:10FBD0000F9D03950E9D02950D9D01950C9D009521
:10FBE000FFF71AFFB6F1FF3F08BFB7F1FF3F05D09F
:10FBF00056EA070305D1204600F0F0FC204607B086
:10FC0000F0BD3A463346074904F1180001F0B6FA50
:10FC1000F4E700BF29C60200DFC70200DF8D020043
:10FC2000B3C80200755A020038B5144D2B4653F87C
:10FC3000184F9C4200D004B9EC68AB68A8B963B90E
:10FC40000F49C8230F4A104803F09CFB0F4803F0EC
:10FC500099FBC8210B4803F08CFB5A7BD20604D1D8
:10FC6000A26912B9DA897F2A05D89C4202D02046BF
:10FC700001F014F923466B6138BD00BFF45E00202B
:10FC800004C90200D8C80200DF8D0200D39D020023
:10FC900008B590F90D200146002A437B11DA03F0E4
:10FCA0007F0343730B4B984209D10B490B488023C8
:10FCB0000B4A03F067FB8021094803F05AFB05F06B
:10FCC000A9FE084B9868431A58425841BDE80840BD
:10FCD000FFF7AABF185800204DC90200DF8D0200AF
:10FCE0002BC90200F45E002008B583685BB90A499D
:10FCF0000A4840F236230A4A03F044FB40F2362118
:10FD0000074803F036FB05F085FE437B23F0020332
:10FD100043730023836008BD6EC90200DF8D0200BB
:10FD20002BC9020070B590F90D30427B002B38DBF7
:10FD3000D30636D18369002B33D162F07F02427340
:10FD4000184A904209D1184918487923184A03F0F3
:10FD500019FB7921164803F00CFB16490A4652F8A4
:10FD6000184F944218BF2346CC6923B9C0E9002438
:10FD70002060C8610CE090F90E5093F90E60B54216
:10FD80000BD0AE4209DD5A68C0E9003210605860FD
:10FD90000020BDE87040FFF747BFA342E6D01B68D4
:10FDA000E3E770BD185800204DC90200DF8D020046
:10FDB0002BC90200F45E00202DE9F843171E0E4601
:10FDC00014BF08211021427B044611420FD141EAA1
:10FDD0000203D20928D14373082937D00120FFF745
:10FDE00023FFBFF35F8F637B23F0600363734C4B90
:10FDF0009B68A3427BD1EFF30583002B77D1494861
:10FE000001F0E6F8002861D140F26B13464A4749F9
:10FE1000474803F0B7FA4349464803F0B3FA40F2C3
:10FE20006B11414803F0A5FA03F07F034373424B83
:10FE3000984208D141498023414A3D4803F0A2FA43
:10FE400080213F48EEE705F0E5FDC5E7A36813B163
:10FE50002046FFF749FF04F1180001F055FAA56D9F
:10FE600004F15808A84511D04FF0000975B1284693
:10FE7000FFF73AFF05F1180001F046FA2846C5F8E9
:10FE8000C090FFF74FFFA56DA845EFD1244DAB689B
:10FE90009C4206D00120FFF7C7FE204601F0B6F8CD
:10FEA0009FE7EFF30583002BF4D00120FFF7BCFEA2
:10FEB000204601F0ABF840F20112224B9A81002259
:10FEC000AB60C3E92A22C3F8B4208AE73046F3F7CF
:10FED00051FC17B31C4940F2ED13194A144803F0C2
:10FEE00051FA1A4803F04EFA40F2ED11A9E70D4815
:10FEF00001F06EF868B940F231130B4A0B490C4817
:10FF000003F040FA07490B4803F03CFA40F2311184
:10FF100087E786F31188BFF36F8FBDE8F88300BFD2
:10FF2000F45E00202C5F0020A8900200D590020013
:10FF3000DF8D0200EC900200185800204DC902002D
:10FF40002BC90200905A002085C9020090C9020006
:10FF500070B590F90D200146002A437B234C10DA3E
:10FF600003F07F03A042437309D121498023214A32
:10FF7000214803F007FA80211E4803F0FAF905F042
:10FF800049FD4B7BA14263F07F034B7307D11849B6
:10FF90007923184A184803F0F5F97921ECE7174A54
:10FFA000104650F8183FD469834208BF002323B994
:10FFB000C1E900042160D1610CE091F90E5093F980
:10FFC0000E60B5420ED0AE420CDD5868C1E900307B
:10FFD000016059609068BDE87040431A584258412A
:10FFE000FFF722BE9C42E3D01B68E0E718580020D0
:10FFF0004DC902002BC90200DF8D0200F45E002013
:020000040002F8
:1000000038B50446EFF31185402383F31288BFF31C
:100010006F8F174800F0CEFF68B98823154A16493C
:10002000164803F0AFF91249154803F0ABF98821DF
:10003000104803F09EF90E4800F0E0FF2046FFF75D
:1000400071FE0B4800F0C4FF68B940F23113094A51
:100050000C490A4803F096F905490B4803F092F958
:1000600040F23111E4E785F31188BFF36F8F38BD9B
:100070002C5F0020A890020001910200DF8D020099
:1000800016910200D5900200EC90020038B50446AB
:10009000183001F039F9EFF31185402383F312880A
:1000A000BFF36F8F1A4800F085FF68B98823194A9B
:1000B00019491A4803F066F91549194803F062F91D
:1000C0008821144803F055F9114800F097FF627B2E
:1000D00012F0100216D00E4800F07AFF68B940F214
:1000E00031130C4A0F490D4803F04CF908490E48EA
:1000F00003F048F940F23111E3E785F31188BFF3CB
:100100006F8F38BD29462046BDE83840FFF754BE02
:100110002C5F0020A890020001910200DF8D0200F8
:1001200016910200D5900200EC90020038B504460A
:10013000EFF31185402383F31288BFF36F8F1848C4
:1001400000F038FF68B98823164A1749174803F0AA
:1001500019F91349164803F015F98821114803F0DD
:1001600008F90F4800F04AFFA36813B12046FFF7D3
:10017000BBFD0B4800F02CFF68B940F23113094A6F
:100180000C490A4803F0FEF805490B4803F0FAF859
:1001900040F23111E2E785F31188BFF36F8F38BD6C
:1001A0002C5F0020A890020001910200DF8D020068
:1001B00016910200D5900200EC90020070B5044642
:1001C0000D46EFF31186402383F31288BFF36F8F40
:1001D000234800F0EFFE68B98823224A22492348C9
:1001E00003F0D0F81E49224803F0CCF888211D48BE
:1001F00003F0BFF81A4800F001FF002394F87010D4
:10020000627B84F8703091B18DB1154800F0E0FE4A
:1002100008BB40F23113134A1649144803F0B2F8F0
:100220000F49154803F0AEF840F23111DFE712F044
:10023000280FEAD1A36813B12046FFF755FD637B71
:1002400035B903F0FB0320466373FFF76BFDDCE772
:1002500003F0EB03F7E786F31188BFF36F8F70BDF0
:100260002C5F0020A890020001910200DF8D0200A7
:1002700016910200D5900200EC9002002DE9F047A3
:10028000DFF8D4A0354D1746DDE90898DAF80820E4
:10029000334BA84204460E461A600BD1314932480E
:1002A00040F2AB23314A03F06DF840F2AB212F4806
:1002B00003F05FF8EFF31183402383F31288BFF359
:1002C0006F8F284600F076FE60B98823284A2949B6
:1002D000254803F057F82946274803F053F88821AA
:1002E0002348E5E7284600F089FEDAF80850394649
:1002F000284605F097FBB8F1FF3F08BFB9F1FF3F73
:1003000006D04A4643461D4905F1180000F036FF65
:10031000204600F05DFE68B9194940F26B13144A9B
:10032000114803F02FF82146164803F02BF840F24D
:100330006B11D5E7094800F04BFE40B9104940F277
:100340006B130B4A084803F01DF80449ECE73046EC
:10035000BDE8F047F3F70EBAF45E00202C5F0020F2
:10036000305F0020B2C90200DF8D02002BC90200FD
:10037000A89002000191020016910200755A020035
:10038000D5900200EC90020070B50546EFF311869F
:10039000402383F31288BFF36F8F1D4800F00AFEDD
:1003A00068B988231B4A1C491C4802F0EBFF184916
:1003B0001B4802F0E7FF8821164802F0DAFF1448D4
:1003C00000F01CFE2C68A54219D034B12046FFF77E
:1003D0008BFC04F1180000F097FF0D4800F0F8FDC9
:1003E00078B940F231130B4A0E490C4802F0CAFFAB
:1003F00007490D4802F0C6FF40F23111DCE7002446
:10040000EBE786F31188BFF36F8F204670BD00BF06
:100410002C5F0020A890020001910200DF8D0200F5
:1004200016910200D5900200EC9002002DE9F041F7
:1004300004460E46EFF31188402383F31288BFF37E
:100440006F8F384800F0B6FD074660B98823364AFA
:100450003649374802F096FF3249364802F092FF9B
:100460008821314815E02F4800F0C8FD637BDA068B
:1004700011D1A5697DB903F07F0363732E4B9C42B4
:100480001ED12E492A4880232D4A02F07BFF80216D
:100490002B4802F06EFF0027A673224800F098FD5B
:1004A000002837D140F231131F4A2649204802F074
:1004B00069FF1C49244802F065FF40F23111D0E782
:1004C000204605F0A7FA637B204A63F07F0363733D
:1004D000134671B2A17353F8180F984218BF05461E
:1004E000D06925B9C4E900300460D4610AE095F907
:1004F0000E60B1420AD08E4208DD6B68C4E9005339
:100500001C606C600120FFF78FFBC6E7A842E9D0B2
:100510002D68E6E788F31188BFF36F8F3846BDE892
:10052000F08100BF2C5F0020A89002000191020022
:10053000DF8D020016910200185800204DC90200FC
:100540002BC90200D5900200EC900200F45E00205E
:1005500070B504460D46F9B9EFF30586E6B91A4BB6
:100560005A699B689A4217D000F032FD78B940F280
:100570006B13164A1649174802F004FF2146164825
:1005800002F000FF40F26B11104802F0F2FE30461C
:10059000BDE87040F3F7EEB8204600F019FD68B9E9
:1005A00040F23113094A0A490A4802F0EBFE21469B
:1005B000094802F0E7FE40F23111E5E785F31188C2
:1005C000BFF36F8F70BD00BFF45E0020A8900200E3
:1005D000D5900200DF8D0200EC90020038B5044691
:1005E000EFF31185402383F31288BFF36F8F1D480B
:1005F00000F0E0FC68B988231B4A1C491C4802F043
:10060000C1FE18491B4802F0BDFE8821164802F0C1
:10061000B0FE144800F0F2FC637B5A0716D4114870
:1006200000F0D6FC68B940F231130F4A1249104865
:1006300002F0A8FE0B49114802F0A4FE40F231116D
:10064000E4E785F31188BFF36F8F38BD23F004030F
:1006500020466373FFF766FB2946BDE83840014832
:10066000FFF776BF2C5F0020A890020001910200E6
:10067000DF8D020016910200D5900200EC9002007E
:10068000034648B9EFF3058232B9064A51699268C8
:10069000914201D0F3F76EB883F31188BFF36F8FE7
:1006A000704700BFF45E002010B5EFF311844023C3
:1006B00083F31288BFF36F8F264800F07BFC60B98C
:1006C0008823254A2549264802F05CFE2149254811
:1006D00002F058FE8821204810E01E4800F08EFCF1
:1006E000EFF3058363B120498A23204A1C4802F0B6
:1006F00049FE1F4802F046FE8A211C4802F039FEDE
:100700001C4B9A68D37B012B0AD11B498B23174AB8
:10071000134802F037FE164802F034FE8B21ECE756
:10072000013BD3730B4800F053FC68B940F231131E
:10073000094A12490A4802F025FE0649104802F00B
:1007400021FE40F23111C6E784F31188BFF36F8FA9
:1007500010BD00BF2C5F0020A89002000191020094
:10076000DF8D02001691020029C60200EBC90200CB
:10077000D39D0200F45E002016CA0200D59002004C
:10078000EC90020038B5EFF31185402484F3128811
:10079000BFF36F8F2D4800F00DFC60B988232C4A01
:1007A0002C492D4802F0EEFD28492C4802F0EAFDC4
:1007B0008821274813E0254800F020FC284B9A6840
:1007C000D37B73B927494FF45373274A224802F069
:1007D000D9FD264802F0D6FD4FF45371224802F0AD
:1007E000C8FDEFF3058060B1214940F24D331E4A48
:1007F000194802F0C7FD1D4802F0C4FD40F24D311A
:10080000ECE70133D373FFF70FFA104800F0E0FB79
:1008100068B940F231130E4A16490F4802F0B2FD92
:100820000A49154802F0AEFD40F23111C1E785F3E7
:100830001188BFF36F8FEFF3118084F31288BFF339
:100840006F8FBDE83840FFF71BBF00BF2C5F002053
:10085000A890020001910200DF8D020016910200B3
:10086000F45E002047CA02002BC90200D39D02009B
:1008700029C60200D5900200EC900200024B03F161
:100880001802C3E906227047F45E0020F8B5EFF3C2
:1008900005836BB1414940F25C43414A414802F053
:1008A00071FD414802F06EFD40F25C413C4816E0AB
:1008B000EFF31185402383F31288BFF36F8F3B481A
:1008C00000F078FB68B98823394A3A49354802F084
:1008D00059FD3649384802F055FD8821344802F068
:1008E00048FD324800F08AFB3449354C8868437B28
:1008F000A04203F07F03437307D132498023284A83
:10090000284802F03FFD8021D0E705F083F88B688E
:100910005A7BA34262F07F025A7307D12949792397
:100920001F4A204802F02EFD7921BFE7084650F803
:10093000182FCC69824208BF002222B9C3E9000403
:100940002360CB610CE093F90E6092F90E70BE4209
:100950001BD0B74219DD5168C3E900210B60536019
:100960000120FFF761F9114800F032FB88B940F22D
:100970006B130F4A14490B4802F004FD0B4913484E
:1009800002F000FD40F26B11A8E7A242D6D0126837
:10099000D3E72846BDE8F840F2F7ECBE29C60200CE
:1009A0002BC90200DF8D0200D39D02002C5F0020C6
:1009B000A89002000191020016910200F45E00204E
:1009C000185800204DC90200D5900200EC9002009A
:1009D0002DE9F04105460E46EFF305836BB13F4923
:1009E00040F277433E4A3F4802F0CCFC3E4802F0DA
:1009F000C9FC40F277413A4824E050EA010303D1B0
:100A0000FFF744FF002067E0821C71F1FF331BDB1E
:100A100005F051F84419EFF31188402383F312884D
:100A2000BFF36F8F314800F0C5FA88B98823304A88
:100A300030492C4802F0A6FC2C492F4802F0A2FCB9
:100A400088212B4802F095FC6FF00104241AE2E79C
:100A50002A4F264800F0D2FAB868294B1860FFF7F1
:100A600017F9B8682A4633461830264900F086FB45
:100A7000BA681E48537B43F01003537300F0A8FA82
:100A800068B940F26B131A4A1F49164802F07AFC03
:100A900016491E4802F076FC40F26B11D1E7404641
:100AA000F2F768FEBB685B7BDB060CD5184940F2A9
:100AB00093430B4A0B4802F065FC0B4802F062FCC2
:100AC00040F2934197E704F0F6FF201A63EB03032B
:100AD000012873F1000395DBBDE8F08129C602000F
:100AE0002BC90200DF8D0200D39D02002C5F002085
:100AF000A89002000191020016910200F45E00200D
:100B0000305F0020755A0200D5900200EC90020080
:100B100078CA020070B5EFF3058474B1154940F24C
:100B2000A143154A154802F02DFC154802F02AFC95
:100B300040F2A141104802F01CFCB1F1FF3F08BF98
:100B4000B0F1FF3F06D10F4B9868FFF79FFA4FF0C7
:100B5000FF3070BDFFF73CFF4FF47A760546214623
:100B600047F6112047F612220023C5FB0601EBF7DA
:100B700067FEEEE729C602002BC90200DF8D0200E6
:100B8000D39D0200F45E0020014B9868704700BFBF
:100B9000F45E002038B50446EFF31185402383F35B
:100BA0001288BFF36F8F284800F004FA68B98823D1
:100BB000264A2749274802F0E5FB2349264802F048
:100BC000E1FB8821214802F0D4FB1F4800F016FA0F
:100BD000237BDA0724D51C4800F0FAF968B940F203
:100BE00031131A4A1D491B4802F0CCFB16491C4818
:100BF00002F0C8FB40F23111E4E785F31188BFF33E
:100C00006F8F40F29653174A1749124802F0BAFB09
:100C10002146164802F0B6FB40F296511148D2E741
:100C2000637B1B0709D5084800F0D2F90028D6D00D
:100C300085F31188BFF36F8F38BD29462046BDE884
:100C400038400122FFF7B8B82C5F0020A8900200BE
:100C500001910200DF8D020016910200D590020082
:100C6000EC9002002BC9020043CE0200B8CA020079
:100C70002DE9F843064688461746EFF311894023CD
:100C800083F31288BFF36F8F214800F093F9054674
:100C900068B988231F4A2049204802F073FB1C4989
:100CA0001F4802F06FFB88211A4802F062FB1848C7
:100CB00000F0A4F93468A6421FD004B32046C4F85B
:100CC000C0806761FFF710F804F1180000F01CFB0A
:100CD0002046FFF727F80E4800F07AF988B940F26D
:100CE00031130C4A0F490D4802F04CFB08490E48DD
:100CF00002F048FB40F23111D6E70025EBE725462C
:100D0000E9E789F31188BFF36F8F2846BDE8F883C0
:100D10002C5F0020A890020001910200DF8D0200EC
:100D200016910200D5900200EC900200D3B5DDE9E7
:100D30000667089CCDE90067FFF7A0FA1CB1034BDA
:100D40009B685B69236002B0D0BD00BFF45E0020E9
:100D50002DE9F84306460F469046EFF311894023EC
:100D600083F31288BFF36F8F1F4800F023F968B92F
:100D700088231E4A1E491F4802F004FB1A491E48D8
:100D800002F000FB8821194802F0F3FA164800F03F
:100D900035F93468A6421CD10025134800F018F933
:100DA000D0B940F23113114A1449124802F0EAFA5C
:100DB0000D49134802F0E6FA40F23111E3E74146EB
:100DC0002046B84705460028E7D17368A342E3D020
:100DD0002468002CF3D1DFE789F31188BFF36F8F0C
:100DE0002846BDE8F88300BF2C5F0020A8900200D1
:100DF00001910200DF8D020016910200D5900200E1
:100E0000EC90020008B568B10F4B98420AD303F189
:100E10001802904206D21822C01AB0FBF2F302FB6D
:100E200013034BB109490A4838230A4A02F0AAFAC7
:100E30003821084802F09DFA0122074BC0105843A0
:100E4000064B1A5408BD00BF585B0020FFCA0200C1
:100E5000DF8D0200D7CA0200ABAAAAAAF66600205C
:100E6000C3897F2B12D80A4B1B6863B1094B90F9D9
:100E70000E201B689A4209DB437BDB0606D1064B3A
:100E8000C31A18BF012303F0010070470023FAE7DB
:100E9000385F0020345F00201858002070B50E4BDA
:100EA0000E4C1E7C054606EB460304EBC3042046AD
:100EB00000F02AFA00220A4B28469A55FFF7D0FF85
:100EC00048B1084B2046BDE870401A680649013A0F
:100ED000D31700F053B970BDF45E0020585B0020BA
:100EE000F6660020385F0020050E020038B5EFF3EB
:100EF0001185402383F31288BFF36F8F234800F0DE
:100F000059F868B98823224A2249234802F03AFA5C
:100F10001E49224802F036FA88211D4802F029FABB
:100F20001A4800F06BF81E4B1E4A9C681068A042DD
:100F300013D1FFF7B3FF154800F04AF808BB40F2A1
:100F40003113134A1849144802F01CFA0F49174884
:100F500002F018FA40F23111DFE700211B7C11602A
:100F6000134AD35C002BE6D02046FFF779FF002818
:100F7000E1D0637BDB0602D12046FEF7E9FF204685
:100F8000D7E785F31188BFF36F8F38BD2C5F002042
:100F9000A890020001910200DF8D0200169102006C
:100FA000F45E0020305F0020D5900200EC9002003B
:100FB000F6660020006838B1044B00F003001B7C8B
:100FC000C01A18BF0120704701207047F45E00204E
:100FD000002302680360EFF30581074B19B199689C
:100FE000497BC90706D4197C98680843831A58427C
:100FF0005841704701207047F45E0020024B1A7C74
:101000009B68134303607047F45E002038B50446C4
:10101000EFF31185402383F31288BFF36F8F1F48CE
:10102000FFF7C8FF68B988231D4A1E491E4802F011
:10103000A9F91A491D4802F0A5F98821184802F0BB
:1010400098F91648FFF7DAFF194A136AA34215D137
:10105000D3F8843013621148FFF7BAFFC8B940F2E1
:1010600031130F4A1349104802F08CF90B4912480A
:1010700002F088F940F23111E0E71346002BEAD084
:10108000D3F88420A242F8D1D4F88420C3F8842075
:10109000E1E785F31188BFF36F8F38BD3C5F002017
:1010A000A890020001910200DF8D0200169102005B
:1010B000F45E0020D5900200EC90020008B50648CE
:1010C000064A0749121A04F0C7FBBDE80840054A62
:1010D0000549064804F0C0BB000000200C0C0020AD
:1010E000DCCF020000000000DCCF02000000002086
:1010F000034B1B680BB9FAF781BC0020704700BF97
:10110000405F002030B570B10B4B5B6898420AD04D
:10111000036843B1D3E90421D0E90445121941EB36
:101120000501C3E90421D0E9003213605A600023AD
:10113000C0E9003330BD00BFB407002010B50E4B2E
:101140001C689C4204D1FFF7D3FF6FF0004010BD34
:10115000FFF7CEFF002CF8D0D4E904321B1A62EB63
:10116000E072B3F1004F72F10001EEDA002AACBF79
:1011700018460020EBE700BFB4070020B3F1FF3FA3
:1011800008BFB2F1FF3F2DE9F047044692461D46E5
:1011900000F09D80066866B14E496E234E4A4F4866
:1011A00002F0F0F84E4802F0EDF86E214A4802F0E5
:1011B000E0F88160EFF31187402383F31288BFF3D7
:1011C0006F8F4848FFF7F6FE60B98823464A4749C3
:1011D000424802F0D7F84349454802F0D3F8882145
:1011E0004148E4E73F48FFF709FFBAF1FF3F75F1D7
:1011F000FF3323DA6FF001033E49D1E900209B1A47
:101200004FF0FF3262EB0000B3EB0A0360EB050026
:10121000012B70F1000201DA01233046C4E90430E9
:10122000354B1A68D3F804C09A4218BF164686B9DF
:10123000C4E9003CCCF800405C601CE0FFF758FFBC
:101240001AF1010845F1000518EB000345EBE070C9
:10125000E4E7D6E90415D4E904208A4270EB050ED0
:1012600028DA891A726865EB0005C6E90415C4E935
:101270000062146074601A689A4209D0944207D1DF
:101280001E4B1C6824B9FFF759FF2146FAF7CCFB27
:101290001448FFF79DFEB0B940F23113124A1849C5
:1012A0000E4802F06FF80F49164802F06BF840F252
:1012B000311195E7521A60EB05006645C4E9042038
:1012C000B6D03668B3E787F31188BFF36F8FBDE8F8
:1012D000F08700BFD4CC0200B0CC0200DF8D02004A
:1012E000D39D0200445F0020A890020001910200FB
:1012F00016910200705B0020B4070020405F0020C0
:10130000D5900200EC90020038B50446EFF3118549
:10131000402383F31288BFF36F8F1B48FFF74AFE09
:1013200068B98823194A1A491A4802F02BF8164955
:10133000194802F027F88821144802F01AF81248D8
:10134000FFF75CFE2368ABB12046FFF7DBFE00240D
:101350000D48FFF73DFE80B940F231130B4A0F49AB
:101360000C4802F00FF808490D4802F00BF840F263
:101370003111E1E76FF01504EAE785F31188BFF357
:101380006F8F204638BD00BF445F0020A890020048
:1013900001910200DF8D020016910200D59002003B
:1013A000EC9002002DE9F84F0446EFF3118840233A
:1013B00083F31288BFF36F8F4748FFF7FBFD68B9CF
:1013C0008823464A4649474801F0DCFF42494648DF
:1013D00001F0D8FF8821414801F0CBFFDFF80C91E4
:1013E000DFF80CB13C48FFF709FECBF80040D9F814
:1013F000004000264C4508BF00240027DFF8F4A079
:10140000DBF80030DAE90021002C4AD0D4E904509E
:101410004FEAE37CAB427CEB000E05DAED1A60EBA1
:101420000C00C4E904503CE0AA1841EBE5712046E9
:10143000C4E90467CAE90021FFF764FE2648FFF704
:10144000C7FD68B940F23113244A2B49254801F001
:1014500099FF2149294801F095FF40F23111BAE77F
:1014600088F31188BFF36F8F2046A3689847EFF386
:101470001188402383F31288BFF36F8F1648FFF75C
:1014800099FD00289CD01448FFF7B8FDDBF8003028
:10149000D9F800405B1B4C45CBF80030B0D1DAE9FD
:1014A000002100249A1841EBE371CAE90021CBF82E
:1014B0000040FFF743FE2146FAF7B6FA0648FFF769
:1014C00087FD0028BED088F31188BFF36F8FBDE879
:1014D000F84FFFF70BBD00BF445F0020A89002004B
:1014E00001910200DF8D020016910200B407002076
:1014F000405F0020705B0020D5900200EC9002005D
:1015000070B5EFF31186402383F31288BFF36F8F1A
:101510001A48FFF74FFD68B98823194A19491A4834
:1015200001F030FF1549194801F02CFF88211448BB
:1015300001F01FFF1148FFF761FDFFF7D9FD144AC5
:10154000D2E90045041945EBE0750C48FFF740FD72
:1015500068B940F231130A4A0E490B4801F012FFF4
:1015600006490D4801F00EFF40F23111DFE786F326
:101570001188BFF36F8F2046294670BD445F00205D
:10158000A890020001910200DF8D02001691020076
:10159000705B0020D5900200EC90020070B504460C
:1015A0000D46EFF31186402383F31288BFF36F8F4C
:1015B0001C48FFF7FFFC68B988231B4A1B491C48DD
:1015C00001F0E0FE17491B4801F0DCFE88211648B7
:1015D00001F0CFFE1348FFF711FD2068844209D0C7
:1015E000D0E9003213605A6000232946C0E9003375
:1015F00004F0AAFA0B48FFF7EBFC68B940F231138C
:10160000094A0D490A4801F0BDFE06490B4801F0A0
:10161000B9FE40F23111DAE786F31188BFF36F8F1C
:1016200070BD00BF485F0020A89002000191020039
:10163000DF8D020016910200D5900200EC900200AE
:1016400070B504460D46EFF31186402383F31288EC
:10165000BFF36F8F2148FFF7ADFC68B98823204A9C
:101660002049214801F08EFE1C49204801F08AFEE5
:1016700088211B4801F07DFE1848FFF7BFFC0121BF
:101680002068E5608442A16011D11448FFF7A0FCF6
:10169000E8B940F23113124A1549134801F072FEBD
:1016A0000E49144801F06EFE40F23111E1E7D0E935
:1016B000003213605A600023C0E9003304F044FA9A
:1016C000314604460548FEF743FF204670BD86F3C9
:1016D0001188BFF36F8F0024F7E700BF485F002039
:1016E000A890020001910200DF8D02001691020015
:1016F000D5900200EC90020073B506460D4604F04A
:101700007FF928BB144B9B68D3F8B4400CB32A1D57
:101710001ED200200021CDE90001204646F0040140
:10172000FCF7F2FDA0B10460041D96B1731E1C42CB
:101730000FD02523094A0A490A4801F023FE214611
:101740000948324601F01EFE2521044801F011FE31
:101750000024204602B070BDF45E0020EFCD0200F0
:1017600013CE0200DF8D020045CE020030B599B0E5
:101770000546684600F02AF86946044608A800F0C5
:1017800055FA034608A928461C4300F08BF9204669
:1017900019B030BD70B598B005466846164600F0E1
:1017A00015F83146044608A800F048F9034608A990
:1017B0006A4608461C4300F083F9034608A92846F8
:1017C0001C4300F06DF9204618B070BD38B50B68A9
:1017D000124D1BBAC3614B682A461BBA83618B68E2
:1017E00004461BBA4361CB681BBA03610B691BBA81
:1017F000C3604B691BBA83608B691BBA4360CB69BA
:1018000001461BBA0360DEF759FE034620461C461C
:1018100029461A46DEF772FE601E38BD287802009F
:101820002DE9F04106460C46904688B0684602F124
:10183000200106F12007DFF73BF96A466946684652
:10184000DFF758F869463846DFF732F93A46394645
:10185000384604F12005DFF74DF86A4669466846C8
:10186000DFF748F841462846DFF722F96A46414645
:101870003046DFF705F92A4629466846DFF73AF889
:101880002A4669466846DFF735F869466846114AD0
:10189000DFF730F869462046DFF70AF9324621467D
:1018A0002046DFF765F8324621462046DFF760F82C
:1018B000224631462846DFF75BF86A462946284625
:1018C000DFF7DEF83A4629462846DFF751F808B038
:1018D000BDE8F08108790200F0B504460D4699B0E4
:1018E0002A4668462146DFF743F869466846DFF72F
:1018F000DFF86A46214608A805F1200604F1200712
:10190000DFF7BEF86A4629466846DFF7B9F832467F
:10191000394610A8DEF7EEFF324639463046DFF78B
:1019200027F831462846DFF7C3F86A46204608A95B
:10193000DEF7E0FF224629462846DFF719F86A4617
:10194000684608A9DFF714F86A4639463846DFF7D3
:1019500097F82A46684608A9DFF70AF86A4631462A
:101960003046DFF78DF83A4631463046DFF700F86B
:10197000684610A9DFF79CF8224669462046DEF744
:10198000F7FF08A922460846DEF7F2FF10A908462D
:1019900008AADFF775F83A46384610A9DEF7E8FFDF
:1019A00019B0F0BD2DE9F04105460C46904688B0CF
:1019B0000A4668462946DEF7DBFF69466846DFF7D8
:1019C00077F86A462946284604F12006DFF758F8DA
:1019D00005F120076A4621466846DFF751F832468E
:1019E00039463046DEF7C4FF31462046DFF760F85F
:1019F0002A4621462046DEF7BBFF6A46214620469E
:101A0000DEF7B6FF6A4629464046DEF7B1FF42469A
:101A100039463846DFF734F8224629466846DEF76D
:101A2000A7FF6A4631463046DFF72AF83A46314684
:101A30003046DEF79DFF08B0BDE8F08170B5044682
:101A40000D4690B004F1200600F014F9304605F17F
:101A5000200100F00FF9214608A8DFF729F808A9AE
:101A600008460D4ADEF746FF08A922460846DFF77A
:101A700007F808A90846094ADEF73CFF31466846E0
:101A8000DFF716F8202269460DEB0200DEF704FFAF
:101A9000013810B070BD00BF08790200E87802007C
:101AA00000F002B938B505460C4600F0FDF805F126
:101AB000200004F12001BDE8384000F0F5B800BF77
:101AC00013462DE9F047B8B08946544A1946804676
:101AD00010A8DEF7F3FC5249024610A8DEF70EFD0F
:101AE0000746179E4D4907EAD676C6F1010210A8AF
:101AF000DEF704FD179C4A46E44328A918A8FFF71F
:101B00008FFEE40F20A90846C4F101024FF0FE0A3F
:101B1000C7F1010700F090F825466A4618A928A8E1
:101B2000FFF740FF4FEA6A1338AA02EB830353F82A
:101B3000A04C0AF01F03DC4004F0010465402A4673
:101B400028A918A8DEF736FD2A4630A920A8DEF716
:101B500031FD0AF1FF3A28A918A8FFF7BDFEBAF136
:101B6000FF3FD9D1C4F1010220A908A800F064F810
:101B700066406A4618A928A8FFF714FF324628A92C
:101B800018A8DEF717FD324630A920A8DEF712FDAF
:101B900008A96A460846DEF773FF08A9084600F060
:101BA0009DF808A908F12004084609F12002DEF793
:101BB00067FF204620A908AADEF762FF08AA684648
:101BC00018A9DEF75DFF69466846DEF771FF18AABF
:101BD000694608A8DEF754FF21466846DEF768FF2D
:101BE00008AA69461046DEF7C3FE68460D4A08A9F2
:101BF000DEF7BEFE20462021DEF762FE024608A97F
:101C0000684654423C43DEF7D5FC40466946064AE6
:101C1000DEF736FF204638B0BDE8F087687802006E
:101C200088780200E8780200487802000A460149F4
:101C3000FFF746BFA878020070B588B004460D468D
:101C4000164600212022684604F013FA0023294694
:101C500020222046009304F0FFF92A466946684690
:101C6000DEF786FE324669462046DEF7A3FC08B062
:101C700070BD00BF0B681BBAC3614B681BBA8361A0
:101C80008B681BBA4361CB681BBA03610B691BBA33
:101C9000C3604B691BBA83608B691BBA4360CB6915
:101CA0001BBA0360704700BFCB691BBA03608B6926
:101CB0001BBA43604B691BBA83600B691BBAC360D4
:101CC000CB681BBA03618B681BBA43614B681BBAB4
:101CD00083610B681BBAC361704700BF70B50D46C6
:101CE000052498B0064610A8DEF7E2FE2A466846AC
:101CF00010A9DEF7C5FE694610A8DEF7D9FE10A9C7
:101D00000846DEF7D5FE6A4610A908A8DEF7B8FE39
:101D100008A910A8DEF7CCFE10A90846DEF7C8FE19
:101D200010A90846DEF7C4FE10A90846DEF7C0FE7B
:101D300010A908AA0846DEF7A3FE10A90846DEF798
:101D4000B7FE10A90846DEF7B3FE10A96A4608A838
:101D5000DEF796FE08A910A8DEF7AAFE10A908462D
:101D6000DEF7A6FE013C10A9F5D1084608AADEF769
:101D700087FE052410A90846DEF79AFE10A908463A
:101D8000DEF796FE013CF5D110A908AA0846DEF759
:101D900077FE10A908A8DEF78BFE08A90846DEF733
:101DA00087FE08A96A466846DEF76AFE102469467F
:101DB00010A8DEF77DFE10A90846DEF779FE013C8B
:101DC00010A9F5D12A460846DEF75AFE402410A98C
:101DD0000846DEF76DFE10A90846DEF769FE013CF5
:101DE000F5D110A96A460846DEF74AFE102410A96C
:101DF0000846DEF75DFE10A90846DEF759FE013CF5
:101E0000F5D110A96A460846DEF73AFE102410A95B
:101E10000846DEF74DFE10A90846DEF749FE013CF4
:101E2000F5D110A9084608AADEF72AFE2A46304650
:101E300010A9DEF725FE18B070BD00BFF8B50D4E35
:101E40000D4C0E4D33680E48984767782B680C4848
:101E5000984733680B489847022F08D12478E31F2E
:101E60005C425C412B68074898472046F8BD002437
:101E7000F8E700BFE00700204C5F0020DC070020EF
:101E8000240A0020100A002038B504460D46FFF74A
:101E9000D5FF30B12A462146BDE83840024803F05C
:101EA000CEBE6FF0880038BD505F002070B51D4E6B
:101EB0001D4C33681D4898472378590744BF23F0C9
:101EC0000403237023789A0705D500F0C1F823781E
:101ED00023F002032370164D14482B68984733688B
:101EE00014489847637813B1134803F0ABFE0023FE
:101EF00004211148637000F0C9F82B680D48984719
:101F000033680A4898472378DB0705D503F093FE2A
:101F1000237823F0010323702B680448BDE8704048
:101F2000184700BFE00700204C5F0020100A002087
:101F3000DC070020240A0020505F00202DE9F0413A
:101F4000FFF77CFF18B100242046BDE8F081364F32
:101F500036483B689847044620B16FF08F04FFF77E
:101F6000A5FFF1E7324D2B78D80706D403F061FEC8
:101F700004462B7843F001032B702E4E2B48336818
:101F8000984710B1002CE8D0E9E7002CE7D13B6876
:101F90002648984704460028DFD12B78990706D4B5
:101FA00000F04EF804462B7843F002032B703368A0
:101FB0001E4898470028E5D1002CD0D13B681B482B
:101FC00098470028C9D13368184895F80080984789
:101FD0000028C2D13B681848984704460028BCD165
:101FE0006B7843B918F0010F05D0144803F024FEB4
:101FF000022304466B7033680F4898470028C1D10C
:10200000002CACD13B68094898470028A5D12B7813
:1020100006485A075CBF43F004032B7033689847A7
:10202000002890D099E700BFE0070020100A0020A8
:102030004C5F0020DC070020240A0020505F0020B5
:102040000122024B002083F880257047545F002056
:102050002DE9F041094C202526464FF001080327C1
:102060002046C4F82080277703F0C6FD013D04F127
:102070002C04F5D186F88055BDE8F081545F00202E
:10208000014B1B68184700BFBC07002010B50A466B
:10209000044619B1024B00211B68984710BD00BFD0
:1020A000C007002010B50C4C206800F097FB0B4ACD
:1020B0001368591C11604BB9094A4820D2F8003402
:1020C00043F00703C2F80034F1F7C0FB2068BDE815
:1020D000104000F09DBB00BFC8070020D86400205E
:1020E0000080045038B5164D286800F077FB154B7A
:1020F0001C68013C1C60ECB94820F1F7B5FB0722D5
:10210000114BC3F80823D3F8002422F00702C3F8C8
:102110000024C3F80041D3F80021C3F80441D3F8E8
:1021200004214FF48072C3F80841D3F80831074BFB
:10213000C3F888212868BDE8384000F069BB00BFBB
:10214000C8070020D86400200080045000E100E0AF
:1021500070B5114D114E2B68B34212D0FFF7A2FF9C
:1021600000F0DCFA0E4A0F4B0F4952F8040B43F80B
:10217000040B8B42F9D100F00FFB20B9FFF7B2FF3F
:102180002E60002406E003F06BFD0446FFF7AAFF73
:10219000002CF5D0204670BDC407002011736500E7
:1021A0002879020000C080511CD380514FF4807305
:1021B0002DE9F04397B0064603A80393002403F0EB
:1021C000B8FD4FF010090DF12F05DFF8608025F004
:1021D0001F0501221021404603F061FE2B190093D8
:1021E0004246102320211248CDF8049000F0DEF87A
:1021F0000746B0B91034302CEBD126B12246314617
:10220000284603F056FE2E46094C0FCE0FC496E822
:102210000F00203584E80F0095E80F00103484E8A3
:102220000F00384617B0BDE8F08300BF985B002070
:10223000785B0020F0B5184D184FAB6B8DB0BB42EA
:1022400028D0174E306800F0C9FA40230022194602
:10225000284603F063FD684603F078FD044678B92C
:102260006846FFF7A3FF044690B93023024619469B
:10227000684603F053FD01220023C5E90C23AF6338
:10228000306800F0C5FA204603F0EAFC0DB0F0BD5E
:102290000E24F5E70020F9E7785B0020B4A5B4A58B
:1022A000CC0700202DE9F04F9BB00DF15F07804671
:1022B0000E46144627F01F0722B100296CD0B2F554
:1022C000803F69D8DFF8D890364DD9F8000000F08B
:1022D00085FAD5E90C3213431BD06B6BB3F5803F05
:1022E00027D24FF4807304A804934FF0100B03F02F
:1022F00020FDDFF8B4A07CBB2046FFF757FF024665
:1023000068B9D5E90C31013341F10001C5E90C315F
:1023100005E04046FFF78EFF02460028DDD0D9F8E1
:102320000000039200F074FA039A10461BB0BDE857
:10233000F08F04A803F00AFD58B904A8FFF736FF90
:1023400002460028EBD1302304A8194603F0E6FC2E
:10235000C7E76FF09202E2E7102C4FF001024FF056
:1023600010015046A04628BF4FF0100803F097FD1B
:10237000524610232021CDE9007B0A4800F016F8D0
:1023800002460028CBD130464246394603F064FE6F
:10239000A4EB08044644AEE76FF08602C5E700BF31
:1023A000CC070020785B0020985B002010B543F03C
:1023B000005392B0109321234FF480740E920122A7
:1023C0001193149B01940293159B01AC41F00051B1
:1023D00006940C91112440F6110143F00053CDE90D
:1023E00003232023DFF864C00A90CDE908C40D91CF
:1023F00000200EA90AAC07940B910F92059300F0F0
:1024000003F9BFF35F8F4FF0A34306AA1A60BFF32F
:102410005F8FBFF35F8F02AA1A61BFF35F8FBFF3B5
:102420005F8F03225A63BFF35F8FBFF35F8F9A639F
:10243000BFF35F8F03F0CAFC431C0446FAD00020B0
:1024400000F00CF9204612B010BD00BF04000020BF
:1024500070B50026C0E9006605460C46FFF722FE6F
:1024600001232B70BFF35F8F334B1E60BFF35F8F71
:10247000BFF35F8F1A68BFF35F8F42F48071BFF3C1
:102480005F8F1960BFF35F8F22F48072BFF35F8F9D
:102490001A60BFF35F8FBFF35F8FDB68BFF35F8F9F
:1024A0009B08013B002C41D0226842B19A4205D9D9
:1024B000FFF718FE6FF03F002E7070BD1346D4E991
:1024C0000115D4E90304002908BF4FF40071BFF3DC
:1024D0005F8F194A9360BFF35F8FBFF35F8F1564FF
:1024E000BFF35F8FBFF35F8F5064BFF35F8FBFF3A6
:1024F0005F8F5163BFF35F8FBFF35F8F1368BFF3CD
:102500005F8F23F4732323F400631C4344F480237C
:10251000BFF35F8F1360BFF35F8F43F00104BFF31E
:102520005F8F1460BFF35F8F0020C6E74FF4007128
:1025300020462546CBE700BF0010805170B50378D8
:10254000002B51D0BFF35F8F2C4C236BBFF35F8FF9
:102550005D08C3F34203052B49D015F0060F02D1E5
:102560004FF0FF3070BD4368C3B9BFF35F8F63683E
:10257000BFF35F8F032BF3D9214B224DBFF35F8F46
:10258000D4F88060BFF35F8FBFF35F8F43F8046BB5
:10259000BFF35F8FAB42F1D101234360BFF35F8F85
:1025A000164B9868BFF35F8F0130B2EB001F21D844
:1025B000BFF35F8F5868BFF35F8FB2EB800FCFD848
:1025C00082B1BFF35F8FD3F88000BFF35F8F0C1D24
:1025D00001F8010BA1424FEA102002F1FF32EFD0C7
:1025E000002AF5D10020BDE76FF02000BAE76FF0B8
:1025F0005100B7E76FF03F00B4E700BF0010805113
:10260000101080512010805110B50446FFF74AFD8C
:10261000104B186800F0E2F80CB101232370BFF3EF
:102620005F8F4FF0A3430022DA61BFF35F8FBFF3E8
:102630005F8F4FF0FF321A63BFF35F8FBFF35F8F7F
:102640003422DA61BFF35F8F0122034BC3F8042306
:1026500010BD00BFD00700200080045010B5044614
:1026600038B9FFF73FFDBDE81040074B186800F090
:10267000CFB803783BB1FFF735FD034B186800F086
:10268000C7F80023237010BDD007002038B51C4CBC
:10269000D4F80051C5B1BFF35F8F4FF0A343996ADF
:1026A000BFF35F8FBFF35F8F4FF0FF321A63BFF34B
:1026B0005F8F0023C4F80031D4F80031114B186843
:1026C000BDE8384003F01BBCD4F8083153B100F02A
:1026D00081F803F0ACFBC4F80851D4F808310121AB
:1026E000094BECE709494423094A0A4800F04AFE2D
:1026F000094800F047FE4421054800F03AFE00BFBB
:1027000000800450D8070020D407002043CE0200E8
:1027100074CE0200DF8D0200DACE020008B5074B4E
:10272000186803F0DBFB064B186803F0D7FBBDE825
:102730000840002248201146F1F7AAB8D807002027
:10274000D407002038B5094B1C7864B1084B4FF012
:10275000FF311D68284603F0C3FB4FF0FF310446EC
:10276000284603F0CAFB204638BD00BFF5660020AE
:10277000D807002010B5064C236D3BB9214651F80F
:10278000503B986903F065FB01232365014810BDA8
:10279000DC6400202C65002038B500240B4D0C4B68
:1027A000EC662B6003F5C0436B60FFF7E3FF50B1AD
:1027B0006B6D2046B3F5007FCCBF4FF480634FF4C0
:1027C0000073AB6038BD0E20FCE700BFDC64002066
:1027D0000020805100487047DC64002008B54FF0AD
:1027E000FF324FF0FF33FBF7DBFF48B105490648E6
:1027F0001723064A00F0C6FD1721044800F0B9FD72
:1028000008BD00BF37CF0200DF8D0200F2CE02000C
:1028100008B5FCF795F848B1054906481F23064A54
:1028200000F0B0FD1F21044800F0A3FD08BD00BF6B
:1028300037CF0200DF8D0200F2CE02002DE9F74F04
:10284000002782460C469346009700F10C06EFF3F2
:102850001189402383F31288BFF36F8F3046FEF750
:10286000A9FB68B98823194A19491A4800F08AFD5A
:102870003146194800F086FD8821144800F079FDA2
:102880003046FEF7BBFBDAF8085050466C4004EACD
:102890000B0205EA0B08554010496A46CAF8085071
:1028A0000195FEF755FA009C44B12046C4F8C0706B
:1028B000A5660021646EFDF781FCF5E730464946C8
:1028C000FDF746FE404603B0BDE8F08FA890020039
:1028D00001910200DF8D020016910200035F0200E9
:1028E0002DE9F04F85B09046DDE90E2B06460C46EB
:1028F000EFF3058179B152EA0B010CD03F49F72380
:102900003F4A404800F03EFD3F4800F03BFDF721C4
:102910003B4800F02EFD0292002C5CD008F0010331
:102920000393FEF731F906F10C050746EFF3118A20
:10293000402181F31288BFF36F8F2846FEF73AFBE0
:10294000029A60B98823314A31492E4800F01AFDB5
:102950002946304800F016FD88212C48D9E7284642
:102960000292FEF74BFB18F0020F1CBF0021B16072
:10297000D6F8089008F00103029A09EA04019BB115
:102980008C4213D12846FEF723FBF0B940F23113F5
:102990001E4A21491B4800F0F5FC29461F4800F05B
:1029A000F1FC40F23111D8E70029EBD152EA0B01DA
:1029B00015D12846FEF70CFB0028E7D08AF31188D2
:1029C000BFF36F8F4FF0000903E08AF31188BFF364
:1029D0006F8F04EA0904204605B0BDE8F08FC7E90F
:1029E0001A485146CDE9002B28463246FDF746FCF1
:1029F0000028E7D1D7F86890EBE700BF97C6020040
:102A000040CF0200DF8D0200D39D0200A89002009B
:102A10000191020016910200D5900200EC90020094
:102A20000CB430B589B005460C461C22002101A823
:102A300003F01FFB022305958DF806300D4B029322
:102A400023462CB1B4F1004F28BF4FF00043013BA7
:102A50001D440DAA0C9901A80695009200F00CF8EF
:102A600014B1059B00221A7009B0BDE8304002B0D5
:102A7000704700BF836002002DE9F04F43688DB0BE
:102A800015468046029383789A0740F10D81002411
:102A90000E78002E00F00A81252E0BD04B1C0393DC
:102AA000013441463046029B98470028C0F2F68028
:102AB0000399EDE74E788B1C252E0393F0D0002769
:102AC000B946BB46BBF11F0F38D8A6F12003102B27
:102AD0000AD8DFE803F02A090930090909210909A0
:102AE0000928092D09091F00A6F13003092B33D944
:102AF0002A2E37D11BF0400F55F8043B40F082805E
:102B0000002BA7BF4BF0200B9946C3F100094BF0F7
:102B1000280B01E04BF0010B039B13F8016B0393AF
:102B2000002ECFD130E04BF0020B4BF0040BF3E75B
:102B30004BF0080BF0E74BF0100BEDE7BBF17F0F0C
:102B400019D8A6F13003092BD2D81BF0400F03D0BF
:102B50000A2101FB0737DFE70A214BF0200B01FBBD
:102B60000939D9E72E2E06D11BF0400F40F09E8088
:102B70004BF0400BD0E76C2E31D02BD8682E36D0DE
:102B80006A2E3CD04C2E3AD0002F46F02003B8BF1E
:102B90002BF04002A3F16501BCBF00271FFA82FBA6
:102BA000022901D9612B2FD107350727DFF8ACA205
:102BB00025F0070508351BF0080F66D00AEB070B58
:102BC00056465E4563D1A4EB0A0AA9EB070906EB5A
:102BD0000A026FE1742E9FD07A2E9DD0D4E71BF0AD
:102BE000800F18BF4BF4007B4BF0800B94E71BF475
:102BF000807F18BF4BF4007B4BF4807B8CE74BF459
:102C0000207B89E71F4687E7A6F16301122900F2BE
:102C1000F080DFE811F013004F00EE00EE00EE0050
:102C2000EE004F00EE00EE00EE00EE00EE00FE00C3
:102C3000E900EE00EE001B00EE00AF0055F8043B8B
:102C400001270DF1180A8DF81830B4E755F804ABD8
:102C5000834BBAF1000F08BF9A461BF0400F504655
:102C600014BF39464FF0FF3103F094F90746A2E74D
:102C700041462020029B984700280FDB013EB742C7
:102C8000F6D34C44B146A41B98E74E46F7E74146BD
:102C900016F8010B029B9847002892DA98F8023048
:102CA00043F0040388F802304FF0FF3420460DB0A3
:102CB000BDE8F08F1BF0800F34D01BF4007F2CD0C8
:102CC000073525F00705AA4669685AF8080B2BF066
:102CD00010050029ADB237DA404245F4806561EB5A
:102CE00041010DF1180B0A235A4603F05FF9A0EBDE
:102CF0000B0301936B0662D5019B25F001019F42F6
:102D000089B240F3A180002E00F0998015F01002E6
:102D100040F09C80BB460D4623E0AA465AF8040BBF
:102D2000C117D4E7AA461BF4807F5AF8041B01D1CF
:102D30000846F5E71BF4007F19BF48B241F3C01104
:102D400008B241F3C031C2E750EA0103C9D11BF018
:102D5000400FC6D0002FC4D12BF01102BB46019703
:102D600095B240F2064115EA01021CBF0BF1010BBE
:102D700000222CE02BF010020A231FFA82FB1BF02A
:102D8000800C49D01BF4007115BF0735AA4625F009
:102D900007055AF8040B1EBFAA4669685AF8080BC3
:102DA00050EA010545D12BF016051BF0400FADB2DE
:102DB00042D0002F40D12BF01702019795B215F0A9
:102DC000100248D0019B002E42D103F1010B2907CC
:102DD0005AD4EB0706D5D9456FDDA9EB0B03019952
:102DE000CB465F185B4649E04BF0100B102378266A
:102DF000C5E7782B04D1C6F1780343F01003BEE792
:102E000041462520029B98470028FFF647AF023431
:102E100047E608230026B2E7AA461BF480715AF859
:102E2000040BBDD01BF400711ABFC0B2614680B262
:102E3000B6E72BF0060295B20DF1180B54E725F01A
:102E40001105BB46ADB28CE70D46B8E73B460D46D3
:102E500003F1020BBBE7DDF804B082E7D2CF02003A
:102E6000CBCF0200CDE9043241462020029B984797
:102E70000028FFF613AF049B059A01339945F1DC56
:102E8000A4EB0B019B46CC180AB341463020029BB1
:102E900098470028FFF602AF8EB901342744391B4A
:102EA000019B994224DC1D4655BB019AA9EB0B09F5
:102EB000554622441446914433E0019F92E7023480
:102EC00041463046029B98470028E7DAE6E640F2A2
:102ED00006410D42E2D015F0020F04F10104414613
:102EE00014BF2B20202015F4806F18BF2D20E9E798
:102EF00041463020029B013498470028CFDACDE6C6
:102F000006AB013D4146585D029B98470028CBDA4D
:102F1000C4E641462020029B013498470028FFF672
:102F2000BDAEA9EB0403002BF3DCC1E570477FB510
:102F30000BAB059303930A9B029300231846CDE93C
:102F40000033EFF7D3FC07B05DF804FB836800EBB8
:102F5000C101B3F5004F2CBF51F8220031F8120027
:102F6000704700EBC1018068B0F5004F2CBF41F8FD
:102F7000223021F812307047012208B5FFF7E6FF32
:102F8000D04008BD836800EBC101B3F5004F08D302
:102F90004B681AB143F001034B60704723F0010303
:102FA000FAE74B881AB143F001034B80704723F0D6
:102FB0000103FAE753000122FFF7D3BF8368B3F59B
:102FC000004F34BF04230823C91A081AC0087047E9
:102FD000B0F5004F34BF042308230731C818C008D8
:102FE00070470A4608B50121FFF7F2FF0132121AB5
:102FF000B2FA82F0C0F11F0008BD2DE9F04117467A
:1030000003220E460446FFF7A1FF8642054607F15C
:1030100004080AD10122E368BA4023EA0203E3600C
:10302000002344F82830BDE8F081314602222046D2
:10303000FFF78CFF06462B4601460322204644F844
:103040002850FFF78EFF334629462046BDE8F04161
:103050000222FFF786BF70B50D4686680446FFF76B
:103060008BFFB6F5004F014601D3012809D0304649
:10307000FFF7B7FF294602462046BDE87040FFF73C
:10308000BCBF70BD2DE9F047054680688846FFF754
:10309000A8FF05EB800ADAF810900646B9F1000F98
:1030A0001BD00327DAF8104028462146FFF764FFBB
:1030B000404507D3324621462846FFF79EFF20466B
:1030C000BDE8F087032221462846FFF73FFF013F76
:1030D000CAF8100001D08145E4D14FF0FF34EB680D
:1030E0000136B4401C40EAD094FAA4F2B2FA82F25B
:1030F000131D55F82340DEE72DE9F04114460E4636
:103100000546FFF739FFA4EB0608371B0744424684
:1031100031462846FFF74EFF3A4621462846FFF73C
:1031200049FF4346002221462846FFF71AFF214661
:103130002846FFF721FF3B46211800222846BDE81C
:10314000F041FFF70EBF2DE9F041164604460F4649
:10315000FFF712FF314605462046FFF70DFF0544F5
:103160002A4639462046FFF725FF31462046FFF71D
:1031700003FF2B46311800222046BDE8F041FFF73F
:10318000F0BE2DE9F0410D4686680446FFF7F4FED7
:10319000B6F5004F014601D3012832D03046FFF783
:1031A00020FF04EB80010E6996B90122E36882409A
:1031B0001343E36002220D612B4629462046FFF7A8
:1031C000D0FE032229462046BDE8F041FFF7C9BEE4
:1031D000022231462046FFF7B9FE0746034629463C
:1031E0002046FFF7BEFE0322334629462046FFF75E
:1031F000B8FE39462B462046FFF7B3FE0222314681
:10320000E1E7BDE8F081F8B50C460546FFF7B4FEEE
:103210002618012231462846FFF798FEC3070CD432
:1032200031462846FFF717FF21462846FFF7A4FE40
:10323000214622182846FFF786FF0022214628460D
:10324000FFF784FE271A012239462846FFF77EFE43
:1032500010EA020613D139462846FFF7FCFE214644
:1032600032462846FFF772FE2246211A2846FFF70B
:103270006AFF214632462846FFF768FE241A214697
:103280002846BDE8F840FFF77CBF70B5066809B96D
:10329000002070BDB068B0EBD10FF9D9FFF798FEF0
:1032A000014605463046FFF7EDFE04460028EFD004
:1032B00001463046FFF760FEA84209D92544214661
:1032C00030462A46FFF718FF29463046FFF759FFD8
:1032D000304601222146FFF755FEB368B3F5004F93
:1032E00034BF0423082303EBC4031844D1E72DE9BA
:1032F000F04706460D46174698462BB34FF0000A96
:1033000098F8004093F80190DB78A40004EB4304A4
:1033100098F802301C444444CA4509D33946304623
:10332000AC46D8F8042008F10803BDE8F047604730
:1033300014F8013B0AF1010A204648F82340EEF751
:103340005CF801300444E7E76FF01500BDE8F08752
:103350000020704700F0A1B80FB407B504A951F8D8
:10336000040B019100F099F803B05DF804EB04B090
:103370007047002383F31188BFF36F8F042318462F
:1033800002DF70470FB407B504A951F8040B01918F
:10339000FFF7E0FF03B05DF804EB04B07047838BE8
:1033A00013F0070305D10368002B0CBF0020032096
:1033B0007047022B05D1C08BB0FA80F04009800025
:1033C0007047012B05D10368002B0CBF002005209E
:1033D00070470020704710B50C4600B111B96FF06E
:1033E000150010BD081D00F02FF80028F9D1A368C2
:1033F000032BF6D9F3E72DE9F0410D4607461946B0
:10340000281D90461E46EFF7D5F8044638B13346DE
:10341000424629463846A446BDE8F0416047BDE82B
:10342000F08138B50C46054658B151B10B6843B12F
:103430004B6833B12022002102F01BFE00202C61DA
:1034400038BD6FF01500FBE7034640B1426802F05B
:103450000302022A06D0032A04D0012A05D06FF005
:10346000150070471A68002AF9D00020986070474C
:10347000704700207047F8F779BA0346D3E8EF0F9A
:10348000421CC3E8E12F0029F8D17047002108B59C
:103490000846EFF7BBF8002008BD1FB50023CDE9B3
:1034A00002011A4619461846CDE90033EFF71EFA15
:1034B00005B05DF804FB70470020704770B50E46FC
:1034C00015461946044618B9BDE87040EFF792B9A1
:1034D00033B1C2F34A231030120D184402F0BCFD80
:1034E000C4E900562046BDE87040EFF797B97FB5B4
:1034F0000BAB059303930A9B022202930023184609
:10350000CDE90033EFF7F2F907B05DF804FBF8B549
:1035100006460D4614461F4604B9F8BD2146284606
:103520003A46B047241A0544F6E707B5D1E9003218
:103530008DF80700012152680DF10700984700201F
:1035400003B05DF804FB0A2838B504460D4602D1E5
:103550000D20FFF7EAFF29462046FFF7E6FF00208F
:1035600038BD2DE9F043054687B008460E8891F82E
:1035700000900C46D1F808801746EFF72DFA011E8F
:10358000C6F38216C9F3C2091EDB4846EFF77AF983
:103590000346214651F8102B6088C2F34A22002AC4
:1035A00001EB020408BF00210022C0F30B10CDE99B
:1035B0000407CDE902142846414601960092EFF730
:1035C00037FA07B0BDE8F0830023E2E74368002044
:1035D0001B685B689961704701212DE9F0414368E0
:1035E0001B685A6811771D682F68D5E90136D3E941
:1035F00000481CB96B681C60BDE8F081214630466C
:103600004246B847241A0644F3E770B543680C46AF
:103610001D686B689869EFF78BF8214603460F2207
:103620002868BDE87040184738B50D46AB421146D2
:103630001C4604D81A4602F00FFD204638BD00246F
:10364000FBE702F016BDC30903EB430303EBC3031F
:1036500083EA4000C0B27047CB78027853400370D1
:103660004B884278534043700A68837883EA122378
:1036700083700A68C3785340C370CB790279534092
:103680000371CB884279534043714A68837983EA56
:10369000122383714A68C3795340C371CB7A027A8B
:1036A00053400372427A4B89534043728A68837A4B
:1036B00083EA122383728A68C37A5340C372CB7B36
:1036C000027B53400373CB89427B53404373CA68E8
:1036D000837B83EA12238373CA68C37B5340C3731B
:1036E00070471FB50278C37A8DF8002042798DF8B3
:1036F0000120827A8DF80220C27B8DF803200279A6
:103700008DF80420427A8DF80520827B8DF8062002
:10371000C2788DF80720027A8DF80820427B8DF858
:10372000092082788DF80A20C2798DF80B20027B5F
:103730008DF80C2042788DF80D2082798DF80E20BE
:103740008DF80F3010236A461946FFF76DFF05B05C
:103750005DF804FBF8B5064608780C46FFF773FFE2
:1037600005466078FFF76FFFA27863785340E278F0
:1037700053405D406840307060782778FFF763FF02
:103780000546A078FFF75FFFA3785F40E3785F40CE
:103790007D406840707063782778A0785F40FFF7BD
:1037A00052FF0546E078FFF74EFFE3785F407D402B
:1037B0006840B0702078FFF746FF62782378534066
:1037C000A278534080EA0305E078FFF73CFFEDB2B2
:1037D0004540F570F8BD70B51446054688B0002820
:1037E00049D0002949D0002A49D010230A4668460A
:1037F0001946FFF719FF21466846FFF72DFF1034E1
:1038000001F1A0066846EFF7FFFA6846FFF769FF87
:10381000694604A8FFF79EFF01A905A8FFF79AFFD4
:1038200002A906A8FFF796FF03A907A8FFF792FFD2
:103830001023684619460DEB0302FFF7F5FE2146FB
:1038400068461034FFF708FFB442DBD1EFF7DCFA2B
:103850006846FFF746FF21466846FFF7FDFE102346
:103860006A4619462846FFF7DFFE68461022002107
:10387000FFF7E7FE012008B070BD0846FBE71046E1
:10388000F9E70A4610B512F9103B0F30002BACBF18
:103890000023872312F8014D83EA44038A4200F88B
:1038A000013902D01378DB09F4E710BD08B520B167
:1038B00058220021FFF7C5FE012008BD10B50446BF
:1038C00088B110220021FFF7BCFE102204F1300065
:1038D0000021FFF7B6FE0023002263644FF480331B
:1038E0000120C4E9142310BD70B504460D461646E8
:1038F00010B311B358220021FFF7A3FE294630462A
:10390000A664EFF78DFA102200212046FFF799FEFA
:1039100004F11005A26C21462046FFF75CFF21460A
:103920002846FFF7AEFF294604F12000FFF7A9FF64
:103930002046FFF7C3FF012070BD0846FCE72DE9D4
:10394000F0410E4615460446002860D0FAB1002921
:103950005DD0D0E9143253EA020158D0013BD0F8CF
:10396000448042F1FF32C0E91432B8F1000F2CD08C
:10397000C8F1100708F13000BD4220440AD22B469E
:1039800032462946FFF750FE636C2B4463640120E6
:10399000BDE8F0813B4632463946FFF745FE00233D
:1039A000103D636445443E44631E04F10F0113F867
:1039B000012F93F830008B4282EA00021A70F6D190
:1039C00021462046A26CFFF706FF04F10F07102DD9
:1039D0000AD8002DDBD02B463246294604F13000B0
:1039E000FFF722FE6564D2E7631E711E13F8012FF4
:1039F00011F8010FBB4282EA00021A70F6D121468B
:103A00002046A26CFFF7E7FE1036103DDFE70020EE
:103A1000BEE770B50C460546F0B171B34A6C102A8A
:103A20001BD11031631E013904F10F0013F8012F6F
:103A300093F83060984282EA060211F8016F82EA38
:103A400006021A70F2D12146A26C2846FFF7C3FE87
:103A50002046FFF72BFF012070BD02F1300000214E
:103A6000C2F110022044FFF7ECFD8022636C04F1E8
:103A70002001234483F83020D4E70846ECE77FB5E3
:103A80000BAB059303930A9B012202930023184674
:103A9000CDE90033EEF72AFF07B05DF804FB0146DD
:103AA0000068EFF711BA08B5EFF770FABDE8084003
:103AB000EFF790BA7FB50BAB059303930A9B0122F6
:103AC000029300231846CDE90033EEF70FFF07B04D
:103AD0005DF804FB00210120EFF7F6B9D0F8A8301B
:103AE00083F30B88704761B662B680F31188BFF329
:103AF0006F8F704772B6002383F31188BFF36F8F07
:103B0000BFF34F8F30BF62B6BFF36F8F704772B68F
:103B1000002383F31188BFF36F8FBFF34F8F20BF54
:103B200080F31188BFF36F8F62B6704740E800F3EF
:103B300013F4803FD8B208BF6FF0150070477FB50F
:103B40000BAB059303930A9B0122029300231846B3
:103B5000CDE90033EEF7CAFE07B05DF804FB30B5DF
:103B60000C684B6885B00A894D890094013B24F0AC
:103B70001F04234402F01F0242EA451223F01F03F0
:103B800069468DF808200393EFF774FF05B030BD48
:103B900008B5D1E904319847002008BD08B5F0F711
:103BA000BDF9002008BD7047C16A8968F0F764BAA2
:103BB00003680B6043684B6083688B60704710B587
:103BC000036802211C88F0F703FD204610BD02683F
:103BD0008068101A70478388C2888168D21A036887
:103BE0005B1AD01A704738B50D4614461146F0F7E7
:103BF0002BFD22462946BDE8384002F02DBA10B50B
:103C00000C460121F0F720FD047010BD10B50C46E4
:103C10000221F0F719FD0470240A447010BD10B59C
:103C20000C46017822788AB08A420FD06946F0F7B4
:103C30001FFE204605A9F0F71BFE10220DF115010D
:103C40000DF1010002F086F90AB010BD012A06D07C
:103C5000022A07D072B940886388C01AF4E7406826
:103C60006368FAE71022611C01300AB0BDE8104019
:103C700002F070B96FF01500E6E7042A0AD0102AA6
:103C80000DD0022A4FF0000315D103700B8843803A
:103C900001207047012303700B684360F8E702239B
:103CA00000F8013B01F1100351F8042B994240F850
:103CB000042BF9D1ECE718467047012310B5062113
:103CC000044600F8013BF8F7D5FC18B9A37963F076
:103CD0003F03A37110BD0B6803608B8883808B79D1
:103CE0008371037823F00203037070470078C0F3F8
:103CF00040007047438A23B9C068B0FA80F0400999
:103D00007047002070470F2807D80D280BD80528CA
:103D100008BF032018BF02207047132803D01A28B9
:103D200008BF0120F6E701207047034610B5D3E82D
:103D3000EF0F40EA0102C3E8E42F002CF7D110BDD9
:103D40007FB50BAB059303930A9B029300231846A0
:103D5000CDE90033EEF7CAFD07B05DF804FBD0E80B
:103D6000EF3F0B40C0E8E23F002AF8D17047817670
:103D70007047704710B503884288934219D8052BC5
:103D800017D9B2F5486F14D88388B3F5FA7F10D2EB
:103D900040F67644C088A0F10A0189B2A14208D851
:103DA00001339BB25343B3EB800F34BF012000209B
:103DB00010BD0020FCE74FF45070704700207047A2
:103DC00070B506460D4640F206400321F1F778FA39
:103DD000044668B103210C30F0F736FC068085708C
:103DE0002146BDE87040002240F20640F1F71EBDBA
:103DF0006FF0680070BDC068037823B13C2B04D01D
:103E00001846F0F711BFF2F7ADB9704738B5022187
:103E1000054642F21600F1F753FA044668B1022152
:103E20000C30F0F711FC2B88214603800022BDE8FE
:103E3000384042F21600F1F7F9BC6FF0680038BD67
:103E40002DE9F0478146884642F2320007211746A5
:103E50001E469DF820A0F1F733FA0546A0B10721D0
:103E60000C30F0F7F1FBB9F8003080F802800380E5
:103E7000C7700671A0F805A02946BDE8F0470022EA
:103E800042F23200F1F7D2BC6FF06800BDE8F08773
:103E900008B500200021F1F753FC18B1BDE8084037
:103EA000F1F786BBBDE80840F3F7CABF072208B5A3
:103EB00002F050F8B0FA80F0400908BD7FB50BABB6
:103EC000059303930A9B029300231846CDE9003320
:103ED000EEF70CFD07B05DF804FB00280CBF0846A8
:103EE0000020704770B50D460446002843D00029D5
:103EF00041D000F11003D3E8AF2F920711D40A6824
:103F0000C0F803208A88A0F8072001228270D3E835
:103F1000EF1F41F00801C3E8E21F002AF7D100209B
:103F200070BD072142F23500F1F7CAF9064628B301
:103F300007210C30F0F788FB03466278314603F81E
:103F4000012B2A68C0F80120AA8842F235009A8025
:103F50000022F1F76BFC0028E2D1E31C9D424FF0F8
:103F600001031EBF2A68C4F80320AA88A37018BFE3
:103F7000A4F80720D3E76FF01500D1E76FF06800D1
:103F8000CEE713B5044680B106216846F8F772FB08
:103F900048B99DF80530694603F03F0320468DF887
:103FA0000530FFF79FFF02B010BD6FF01500FAE774
:103FB0001030D0E8EF3F23F01003C0E8E23F002AC2
:103FC000F7D17047034610F4004F0CBF07200620BE
:103FD000DA0348BF00F005009B0348BF00F0FB0078
:103FE0007047D0E8AF0F084100F00100704703466A
:103FF00010B5D3E8EF0F00EA0102C3E8E42F002C6C
:10400000F7D110BD0B6803608B8883808B79837137
:1040100070477FB50BAB059303930A9B0293002374
:104020001846CDE90033EEF761FC07B05DF804FBFC
:10403000012310B403FA01F1044642B1D4E8EF3F82
:104040000B43C4E8E23F002AF8D110BC7047C943D3
:1040500010BCFFF7CCBF01238B40D0E8EF2F1A43F1
:10406000C0E8E12F0029F8D170472DE9F04F87B063
:104070009DF84C4007460E4692460021102202A8A9
:104080001D469DF844B09DF8488001F0F2FF44BB06
:10409000BBF1000F02D0B8F1000F15D1CDE9026AD3
:1040A000012342F23701384602AAF2F775FB40B904
:1040B000B8F1000F2AD107F110000221FFF7CBFF62
:1040C000002007B0BDE8F08F109B029503930123F9
:1040D00042F23801384602AAF2F75EFB0028EAD025
:1040E000EFE7F1F761FA814626BB7DBB4846EDF765
:1040F00084F909228DF801008DF80020CDF8049094
:10410000BBF1000F24D0B8F1000F21D0109B022C7E
:1041100002950393DBD10123CDF810D005932346FC
:10412000D6E716F83210083901291AD9013292451A
:10413000F7D1DAE70022FAE715F832100839012939
:104140000FD90132109B9342F6D1CFE70022F9E755
:10415000012CCDE9026AA3D10223CDF810D0059439
:104160009FE76FF01500ACE708B500F110030921D7
:104170001846FFF736FF28B91846BDE80840082161
:10418000FFF72FBF022008BD436813F008000AD0D4
:104190005A0307D403F4C063B3F5806F14BF022041
:1041A00001207047012070472DE9F04180460F46FD
:1041B00042F23900062186B01446F1F781F806462E
:1041C00088B300F10C0537B301212846FFF717FD2E
:1041D00001212846FFF713FD284698F80110FFF744
:1041E0000EFDD4B121882846FFF710FDA17828469E
:1041F000FFF705FD304608F1100203A907230097D9
:10420000F1F74CF80022314642F23900F1F70EFB8B
:1042100006B0BDE8F0813946D7E721462846FFF7CA
:10422000F5FC2146E3E76FF06800F1E70022FFF7B5
:10423000BBBF2030FBF7ECBA2DE9F043984600F104
:10424000100385B004460F4618460C21DDF8309067
:10425000FFF7C7FE0B2105461846FFF7C2FE0646CC
:1042600045B128B9B9F1000F04D06FF085000DE019
:10427000002AFAD12046FFF777FF4346CDE90260D6
:1042800039462046CDE90095FFF7EFFE05B0BDE8C1
:10429000F083002203680BB9184670478B4210D197
:1042A0000B6842B942680360914200D14360002329
:1042B00001200B60704713604368994208BF426059
:1042C000F5E71A461B68E6E7D0F8B000003818BFDB
:1042D00001207047D0E8AF0F704773B504460D4614
:1042E000CDE9003222B96B46D0F8A86001AAB047E8
:1042F0002846F0F77BF8019B23B16FF06D02204652
:104300000099984702B070BD7FB50BAB059303933E
:104310000A9B029300231846CDE90033EEF7E6FA34
:1043200007B05DF804FB2438F3F718B910B504465C
:10433000006918B1F0F75AF80023236110BD2DE988
:10434000F84307460E46904600244FF0D009B44289
:1043500003D100231846BDE8F88309FB0470F3F786
:104360007FFA034658B1857A012D02D0073D012D11
:1043700003D81A884245EDD01846F3F731FB0134D3
:10438000E5E738B5037A04468B42154615D100F1AE
:1043900070010722284601F0DDFD80B1E378072295
:1043A00043B904F17E01284601F0D4FDB0FA80F053
:1043B000400938BD04F17701F5E70020F9E7012055
:1043C000F7E770307047F8B507460D4642F2130024
:1043D0000E21F0F775FF0646D0B10E210C30F0F734
:1043E00033F904460E22002101F043FE3B8831469A
:1043F00023802B88002263806B8842F21300A38005
:10440000AB88E380EB882381BDE8F840F1F70EBA72
:104410006FF06800F8BD70477FB50BAB0593039351
:104420000A9B029300231846CDE90033EEF75EFAAB
:1044300007B05DF804FB7047012210B400F150038F
:10444000D3E8EF1FC3E8E42F002CF9D141B90346AC
:1044500053F84C2BC164D2F8B41029B9C2E92C33FB
:10446000006810BCF3F726BA0B60C2F8B430F7E767
:1044700070B50446D0E900352BB30021D3F8B02045
:104480004C306AB1904230D1E26C31BBD3F8B410F9
:10449000C3F8B020884201D1C3F8B4200023E364FC
:1044A000002204F15003D3E8EF1FC3E8E02F0028F7
:1044B000F9D104F13006236BD3B96B680BB12046F8
:1044C000984700232360E3680BB1204698472B6A86
:1044D000B3B12046BDE8704018470A60D3F8B42055
:1044E000904208BFC3F8B410D8E711461268C8E775
:1044F000002200233046FAF74FFBEFF777FFDAE7A9
:1045000070BD38B5406B30B150F8084904B1083C73
:10451000FFF7AEFF04B938BDA5682DB12046083DB0
:10452000FFF7A6FF2C46F7E72046BDE83840FFF727
:104530009FBF0431F3F7E6BB406B28B1838B08388B
:104540008B4201D08068F8E7704710B54AB989B24C
:10455000FFF7F2FF28B143689B6913B1BDE8104033
:10456000184710BD38B50D460521FFF7E5FF0023BC
:1045700029461A46F4F7F0F8044610B12846EFF73A
:1045800035FF204638BD406B28B1838908388B42FF
:1045900001D08068F8E7704770470346006828B18B
:1045A0005968026888421A6008BF5A60704703461B
:1045B000002003B970471A8A5B681044F9E710B508
:1045C000D4680231237813B92170012010BD8B42C9
:1045D000FBD0038A023B038200201061F6E706202D
:1045E000704773B51446014605464FF4957220682E
:1045F00000F088FD207500BB237A2068ABB1A3F1E1
:104600001802534253419B000193638A2946009349
:10461000AE68238AE268B047002808DB238A834219
:104620000ED100230120237508E00223ECE710F1EE
:10463000FF0F05D34042C0B22075002002B070BD0C
:104640000E20F9E71FB5CDE9012300231A46009398
:10465000F5F768FE05B05DF804FBF8B5936805460C
:104660000F461446166863B9506801210C30EFF705
:10467000EBFFA0602B681B78002B14BF02230123E3
:104680000370A3681B78012B03D0022B1FD00020DE
:104690001CE02B681B78002BF9D1606804210C30DA
:1046A000EFF7D2FFE06007802A68E36852885A80FB
:1046B0006168728D738B088A9A4294BFC0EB0200C6
:1046C000C0EB0300042894BF00200120F8BD2B6834
:1046D0001B78022BDBD1606812210C30EFF7B4FF9E
:1046E000E06007802B68E268591C0232113351F8F0
:1046F000040B994242F8040BF9D16168728D738BF7
:10470000088A9A4294BFC0EB0200C0EB0300122853
:10471000D9E770B40568AA6A52B3136803B1B03B15
:10472000A2F1B0040022114600E0B03B844207D061
:10473000668D648BB14238BF3146A24238BF2246F3
:104740001C462BB1D3F8B030002BEED18442EFD110
:10475000438D408B8B4201D890420BD9824238BFA7
:1047600002469942286838BF194670BCF6F7A0BACD
:104770001146EDE770BC7047D0680431037813B977
:104780000170012070478B42FBD0002091680B8A9A
:10479000043B0B82106170477FB50BAB059303930D
:1047A0000A9B029300231846CDE90033EEF79EF8EA
:1047B00007B05DF804FB2DE9F04F044685B01046C4
:1047C00090469946FFF7F3FE638B628D8B469342CA
:1047D00028BF1346834240F29380636840460393A8
:1047E000EFF74AFE4FF0000A06464046FFF7DFFEAD
:1047F000628B638D06F10C079A4294BFC0EB0205F1
:10480000C0EB03053846FFF7E6F9854217D240466C
:10481000FFF7CDFE628B638D9A4294BFC0EB020519
:10482000C0EB03058DBB98F80A00EFF7D5FB00221B
:104830000023FFF7B9F9064630B9574636E0384647
:10484000FFF7C9F90546EDE701464046EFF75AFE86
:104850004046FFF7ACFE628D638B06F10C079A426F
:1048600094BFC0EB0205C0EB03053846FFF7B3F970
:1048700085421FD24046FFF79AFE628D638B9A42B3
:1048800094BFC0EB0205C0EB0305F168328ACDF896
:104890000090DBF804700A4403985946ABB2B8475D
:1048A000071E0CDABAF1000F18BF5746384605B09C
:1048B000BDE8F08F3846FFF78EF90546E5E70E9B19
:1048C000B3B9394606F10C00EFF7BEFE4046FFF7DC
:1048D0006EFE638D628BB944934228BF13468342B8
:1048E000BA441FFA89F9A8D9AF423FF47EAFA4E7D2
:1048F000394630460F9A0E9B98470028E1D19CE735
:104900000027D3E70022036803B970478B420FD119
:104910000B683AB942680360914200D143600023BA
:104920000B60704713604368994208BF4260F6E726
:104930001A461B68E8E706207047D0E8EF3F43F0CF
:104940000802C0E8E12F0029F7D1C3F3C000704787
:1049500073B500230546166814467068294613731C
:10496000952200F0CFFB207380B9CDE900002946E5
:104970003046A388A268FFF71EFF002809DA10F16D
:10498000FF0F32BF0E204042C0B22073002002B0A1
:1049900070BD0120FBE72DE9F341002307461668AF
:1049A0001446706839461373952200F0ABFB054638
:1049B000207308BBA068718B728D038A914294BFEB
:1049C000C3EB0103C3EB0203012B15DD02210C3005
:1049D000EFF73AFECDE900558046A38839463046C8
:1049E000A268FFF7E8FE031E0ADA13F1FF0F32BFD9
:1049F0000E235B42DBB22373002002B0BDE8F081DE
:104A00000120A8F80030F8E72DE9F0410446886855
:104A1000FFF7CDFD638B628D0D46934228BF134691
:104A200083421DD300272166D1F808808F60FBF7F1
:104A30003BFE41462046F4F7B5FA064638B1C5F8C4
:104A400008802766FBF79EFE3046BDE8F081618D49
:104A5000638B2846994228BF194600F0ACFBF1E76A
:104A60006FF07906F0E738B50546D1E8AF3FDB07D0
:104A700017D550F8040CA0B1EB6D93B90430FFF7D3
:104A80008CFD044668B10146281FF4F711FB00288D
:104A900007DA55F8043C5A6822609A685C6002B9EB
:104AA0009C6038BD2DE9F041846A07463CB354F858
:104AB000B06906B1B03E002307F104081D4601E0CD
:104AC00034461646226E9AB905B98BB94046FFF7AF
:104AD00064FD054658B101462046F4F7E9FA00287E
:104AE0000DDA7B682B60BB687D6003B9BD6023462F
:104AF0002EB1D6F8B020002AE2D0B03AE0E7BDE807
:104B0000F08170B504460E46002200230846FAF7ED
:104B100043F8054658B101462046F4F743FA0446E7
:104B200018B12946304600F0E8FE204670BD6FF00F
:104B30000104FAE7F8B5054650F8044C071F00F1E8
:104B40005803D3E8EF1F21F00401C3E8E21F002A55
:104B5000F7D104B3EB6D8BB963687BB1201DFFF710
:104B60001CFD014606463846FFF74EFF002812DAC4
:104B700063683360A368666003B9A660384605F1D0
:104B80006001FFF7BEFF30B1384604F10C01BDE80B
:104B9000F840FFF7B6BFF8BD38B504460D46F4F748
:104BA00001FA30B1294604F16400BDE8384000F054
:104BB00099BE38BD2DE9F0418846174601210422EF
:104BC00005461E46F4F75CFB044670B104210C3028
:104BD000EFF73AFD80F80080A0F80170C67021461A
:104BE0002846BDE8F041FFF7D7BFBDE8F08137B5F3
:104BF0000C46054601F10C00FEF7E1FF228A034650
:104C00000192E2681221009228461322F4F7FEFB7B
:104C100003B030BD37B50C46054601F10C00FEF778
:104C2000CEFF228A03460192E268284600920022C3
:104C30001146F4F7EBFB03B030BD07B5CA680C2191
:104C40001388528800920D22F4F7BEFD03B05DF880
:104C500004FB07B50022CB680A211B8800920B22B7
:104C6000F4F7B2FD03B05DF804FB2DE9F041CB6829
:104C700005461F88BBB2162B1BD90321F4F760FC35
:104C80000646C0B102210C30EFF7DEFC00244FF0E5
:104C90001708314680F8008044702846FFF77CFFF3
:104CA0002846A5F81A806F85FFF733FD2046BDE83A
:104CB000F0810420FBE70E20F9E7F5F795BA0A8AA0
:104CC0000023C968F4F712BF0120704708B5F4F754
:104CD0000BF978B1836A6BB1B03B03F15C02D2E8A7
:104CE000EF0F20F00800C2E8E10F0029F7D1D3F858
:104CF000B030F0E708BD08B50421FFF744FC20B14F
:104D00005830D0E8AF0FC0F3C00008BD70B51C46E6
:104D10000E461546F4F720F90123C0E90365C38068
:104D2000047570BD1060002070470B4609895A89D0
:104D30008A4203D05981DB6803B11847704710B528
:104D4000029CA36833B1B1F5807F28BF0E21CAB29F
:104D500021469847A37DE268013BDBB2A37522B1EF
:104D60001BB92046BDE81040104710BD106091806F
:104D700000207047072208B501F0ECF8B0FA80F087
:104D8000400908BDD0E8AF0F7047034610B5D3E81F
:104D9000EF0F40EA0102C3E8E42F002CF7D110BD69
:104DA0000B6803608B8883808B79837170477FB534
:104DB0000BAB059303930A9B029300231846CDE99E
:104DC0000033EDF793FD07B05DF804FBF0B507681D
:104DD00006463D78144689B0E5B97B88B3F5245F73
:104DE00004D011D8A3F52053032B13D8ADF80A1023
:104DF000022220460DF10A01F5F7B2F870B16FF00A
:104E00001502C4F8082106E003F55643FF339BB2B0
:104E1000042B1DD90125284609B0F0BD7B8802224C
:104E200020460DF10A01ADF80A30F5F799F800288F
:104E3000E5D1009003AA132331467768B847021ED4
:104E4000DFDB03A92046F5F78BF80028E2D0D6E790
:104E5000ADF80A10022220460DF10A01F5F780F89C
:104E60000028CCD17B880222ADF80A300DF10A016E
:104E7000E8E770B500F1700605463146007AFEF7A6
:104E80009DFF04463146287A3CB1F4F7DFFF18B1A4
:104E9000002303604360836070BDF4F7D7FF0028F0
:104EA000FAD0046044608460F6E7022A10B508D1A5
:104EB000002300F170011A46007AF5F77DF8022010
:104EC00010BDFFF7D6FFFAE7F7B51546BDF820602D
:104ED0001F46FEF770FF022EADF806000ED8C6F191
:104EE0000204BC42A8BF3C460DF1060322462846F8
:104EF000991901F0B1F8204603B0F0BD6FF0060437
:104F0000F9E72DE9F04198461546BDF81860F0F72D
:104F10004BFB0746ECF771FA83B2B3420CD39C1BF0
:104F20004445A8BF4446A4B222462846B91901F018
:104F300093F82046BDE8F0816FF00604F9E7F7B575
:104F40001F4600231546BDF820608DF80430F4F7A5
:104F500065FF10B1037A8DF80430012E0DD8C6F12B
:104F60000104BC42A8BF3C4601AB22462846991921
:104F700001F072F8204603B0F0BD6FF00604F9E7C7
:104F800013B5C96810460A781C46BDF8103092B9AE
:104F90004A88022BADF8062018D8C3F102029442C9
:104FA000A8BF144622460DF10601194401F054F839
:104FB000204602B010BD102B01F1010106D8C3F14B
:104FC00010029442A8BF14462246EEE76FF0060492
:104FD000EEE7F7B5C96815461F46BDF82060F4F73F
:104FE00047FF00B10089022EADF806000ED8C6F1C9
:104FF0000204BC42A8BF3C460DF1060322462846E7
:10500000991901F029F8204603B0F0BD6FF00604AD
:10501000F9E701210C30FFF7B8BE38B50446154654
:10502000FFF752FE40B12046F4F7F8FE20B1037AB4
:10503000DB0701D5FFF7EDFF35B9207A04F17001E8
:10504000F4F704FF00B1856038BD13B5044610B90C
:10505000002002B010BD00238DF8043042F6030397
:10506000006801A9ADF80630FEF7D9FD0028EFD1A0
:10507000E36898880028ECD12046F5F70BF9013059
:1050800080B2E6E7F0B5CC681F46A37987B0084642
:105090008DF804301546BDF83060FFF7D6FF246860
:1050A000ADF8050023789BB963880524ADF8073077
:1050B000B44219D3A41BBC42A8BF3C4601ABA4B266
:1050C00022462846991900F0C7FF204607B0F0BDD8
:1050D000631C0DF10702113453F8041BA34242F87C
:1050E000041BF9D11324E3E76FF00604EDE71FB5C5
:1050F000CDE9012300231A460093F5F713F905B013
:105100005DF804FB12F0010F4B8A04D013F0950FE9
:1051100010D0486870B112F0020F04D013F4957FDC
:105120000AD0896841B11A4012F4DE7F14BF05200D
:105130000020704702207047032070472DE9F0419E
:1051400005468846F4F76AFE0446E8B1037ADA07B2
:105150001AD500F10C063046FFF714FE10F00107D7
:1051600012D1B8F1000F10D0D6E8EF3F23F00202C1
:10517000C6E8E12F0029F7D19B07284608D5FFF79D
:10518000A5FD2046FFF745FF01273846BDE8F08121
:10519000FFF79AFD0028F8D02846FFF7ACFD00285D
:1051A000F3D0D6E8EF3F23F00203C6E8E23F002A3F
:1051B000F7D12846E3E770470021F8B54FF0FF32FA
:1051C0004FF0FF3305460846FFF7B3F900F10C072F
:1051D000044601213846EFF737FA0526012106700B
:1051E0003846EFF731FA002306701A462146284662
:1051F000F3F7B2FA10B12046EFF7F8F80020F8BD47
:105200006FF08500704700207047F8B5069F04696D
:10521000C9B2EFF31186402585F31288BFF36F8F73
:105220000C2569430C44A56C05F0070CBCF1010F7B
:105230000BD1A76486F31188BFF36F8FC4E91023E5
:1052400043685B5898470020F8BD05F0C005AF42A1
:1052500086F31188BFF36F8F0CBF6FF077004FF0AC
:10526000FF30F1E713B580240094FFF7CEFF02B0C2
:1052700010BD0069CBB200EB4310002110470020A5
:10528000F7F796BC0020F7F7BBBC1046F9F7F0BC67
:105290008022F5F7D7BD0020704738B50C4615467B
:1052A000F0F77AF928B129462046BDE83840F0F7F2
:1052B00053BE6FF00A0038BD084608B51146FCF72A
:1052C000E3FD002818BF6FF0040008BD08B5FCF727
:1052D00035FE002818BF6FF0040008BD43680020A9
:1052E0005B68DB680B607047436802EA01005B683B
:1052F00021EA02015860002099607047436800204D
:105300005B6859607047436800205B68996070472C
:1053100043685A68136821EA03000B40506000207C
:105320009360704730B543681360057A446804EBB6
:10533000C504A34202D36FF0010030BD5C798C42FA
:1053400001D00833F0E70020F7E743681B68D3F883
:105350003031704743681B68D3F88004C3F8800479
:10536000704742681368D3F84C0150B10020526A6C
:1053700012780A70C3F84C01D3F84C2101229A62CA
:1053800070474FF0FF30704737B5044600220121C7
:10539000C620EEF77DFAC620EEF758FA6268536928
:1053A0001068C0F82435917E537ED58B0B43918BCA
:1053B000127E294389B20B431343C0F86C356168F0
:1053C0000B68D3F8002242F48022C3F8002208229E
:1053D000C3F800250A6A0121C3F83C270022C3F85C
:1053E00040271965D3F830110029FBD0C3F80025F8
:1053F00063680021DD6801AA2846FFF793FF0028B3
:1054000005DB019B2A6819791868F6F75DF9082110
:1054100062681368C3F80015117A51B9526AC3F86B
:1054200004270122C3F80827C3F84C11D3F84C1104
:105430009A62002003B030BD10B500F0B4F84FF010
:10544000FF304FF0FF31F6F71DFB044620B9DBF7C4
:10545000B9FE0446F6F71EFB204610BD10B586B017
:105460000BA8059003900A98089C029000200094D5
:105470000190EDF73BFA06B010BD38B50B8A0D462A
:1054800073B30B7EA3B1022B2AD14FF0FF304FF044
:10549000FF31F6F7F7FA044640B9E868E7F733FD5D
:1054A0000446F6F7F7FAB4B1F6F748FC204638BDE3
:1054B0004FF0FF304FF0FF31F6F7E4FA04460028D2
:1054C000F4D1E868F6F724FD0446F6F7E3FA002C79
:1054D000ECD1F6F733FC2846EEF788FF0024E5E729
:1054E0006FF01504E2E7F6F74BBC10B5312200214E
:1054F000044600F0BEFD202323708023A3706FF0CC
:105500003F0363710423A3722823A3730223E3736D
:105510000423A3756FF0080363766FF03C03A37652
:105520006FF00403E3767E232377302384F8203062
:10553000062384F822306FF00F0384F82330FF2312
:1055400084F82430032384F82530802384F826301F
:10555000032384F82730042384F82930402384F877
:105560002D3010BD002303604360037823F01D033A
:1055700043F01D030370437823F0510343F05103BC
:10558000437070477FB50BAB059303930A9B02935F
:1055900000231846CDE90033EDF7A8F907B05DF810
:1055A00004FBF7F72FB970470021F7F7D3B990F84C
:1055B0004010012901D8F7F7CDB91220704768468D
:1055C00020F007018D4601B5E5F754FEEDF702FD29
:1055D000BDE8014085467047684620F007018D46CA
:1055E00001B5EBF70EFDBDE8014085467047684602
:1055F00020F007018D4601B5E5F7B8FCEDF7EAFCB0
:10560000BDE801408546704708B5EBF790FC0020E7
:1056100008BD7047E5F7D2BA004700F0DCB870B5B6
:10562000044608461646F7F7F7FB083034F8103002
:105630000D46DA0509D5C3F3432304EBC302314613
:10564000284654F8333052689847A3682BB1314646
:105650002846E268BDE87040184770BD2DE9F34167
:105660001746DDE90858019001A80C461E46F7F7D9
:105670002BFC019B391E18BF012100EB8300231E68
:1056800018BF0123002E43EA410314BF0C2100215F
:10569000002D43EA010314BF4FF470610021B8F1FB
:1056A000000F43EA010314BF4FF440310021D0F84A
:1056B00080200B4322EA030304B124780FB13F7822
:1056C0007F001C430EB13678B6003C438DB129787B
:1056D00009023443B8F1000F03D098F800804FEA74
:1056E0000848214341EA0801C0F8801002B0BDE833
:1056F000F0812946EDE71FB50DF10F03019300235B
:105700008DF80F101A4619460093FFF7A7FF05B052
:105710005DF804FB10B504792046F7F75DFC10B185
:105720002046F7F77FFC00F0010010BD2DE9F0479F
:1057300000250446884617462E464FF00109AA4622
:10574000BE420CD1D4F8443133B10023C4F8443103
:10575000D4F8443145F400352846BDE8F087F0B26E
:10576000F7F7E4FBA0F580739B0809FA03F318EA46
:10577000030F05D022581AB144F800A022581D4347
:105780000136DDE770B50679044630460D46F7F779
:1057900049FCB0B13046F7F71FFC90B93046F7F737
:1057A0000BFC012322688340C2F81833226803B23D
:1057B00002EB8303D3F8102522F00302C3F810256F
:1057C00070BD2846BDE870400021FFF794BFF7F791
:1057D00021BDFFF7D7BF08B1EEF7AABF704740B1B0
:1057E000C368587810F001001EBF1878B0FA80F036
:1057F000400970477FB50BAB059303930A9B0122C9
:10580000029300231846CDE90033EDF76FF807B097
:105810005DF804FBEFF31183402383F31288BFF399
:105820006F8FFEE710B5D0E9003433B90020E2688D
:10583000537843F00103537010BD20469847002869
:10584000F4D00028B8BF4042FF28A8BFFF20E3687B
:105850001870ECE700F00DBC00F0FEBB704710B410
:1058600000F10C04C0E9034410BCECF733B98169C2
:10587000C36843EA010212F003020FD102614269D8
:10588000013A01FB0233C2689A4201D900207047F5
:1058900002691A60826903619B1AF4E76FF01500D0
:1058A000704790F90E308B4201D0FAF7BFBD00204F
:1058B000704710B5044630B10268930703D04468BE
:1058C00009B100F087F9204610BD0023C0E900337C
:1058D000836000F10C03C0E9033300F11403C0E955
:1058E00005337047012307B5009300230A46194684
:1058F000F9F7B6F803B05DF804FB002307B50A46D4
:1059000000931946F9F7ACF803B05DF804FB0021E9
:105910000068FFF7CEBF5AB18A4209D300F11003E5
:10592000C0E90212C0E90000C0E90433002070475A
:105930006FF015007047012302688B4022EA0303D1
:10594000036022FA01F000F001007047704710B5C3
:10595000032104460C30FFF7EEFF30B104F11000D4
:10596000FBF7D2FCB0FA80F0400910BD20B1002254
:10597000D0301146FBF77CB9704770B5C368044658
:10598000C3F340069B0716D4856802210C30FFF74D
:10599000D2FF80B1D5F8C8206AB194421DD12268E7
:1059A0009EB9D5F8CC30C5F8C8209C4201D1C5F8C5
:1059B000CC2000232360E36813F01F001EBF43F0D8
:1059C0000203E36040F0020070BD3260D5F8CC20E5
:1059D000944208BFC5F8CC60EBE716461268DBE7D7
:1059E00010B5F9F76DFC041E08DDEFF311804023BC
:1059F00083F31288BFF36F8FFAF742FE204610BD83
:105A0000EFF30580003818BF0120704788307047D9
:105A1000FAF7E4BDD0E9003213605A600023C0E910
:105A20000033704738B504460D46FAF731F9637B09
:105A300043F002036373E5B1A5602B689D4209D171
:105A40006B68C4E900531C606C6012E06A689A429B
:105A5000F6D01B68002BF3D094F90E2093F90E10AA
:105A60008A42F3D09142F1DD5A68C4E900321460F1
:105A70005C6038BD01211838FAF7A0BB10B50446A8
:105A8000FAF754FB04F11800BDE81040FBF73CBCEA
:105A900038B5054604680020AC4200D138BD002C62
:105AA000FCD02046FFF7EAFF2046FAF7A9FA2C6857
:105AB0000120A542F1E708B5FBF722FD08BDB3F1CF
:105AC000FF3F08BFB2F1FF3F70B504461D461646C2
:105AD00013D01A4315D06FF001024FF0FF33921B21
:105AE00063EB0501002904DAFBF70AFD821941EB9B
:105AF0000501C4E90021204670BD4FF0FF32114678
:105B0000F7E70022FBE7B3F1FF3F08BFB2F1FF3F29
:105B1000F8B5074616461C4610D054EA020311D0C9
:105B2000FBF7EEFCB0420A46A14103460AD2F31A43
:105B300064EB0204C7E900343846F8BD4FF0FF3388
:105B40001C46F7E70023FBE72DE9F0418468054692
:105B50000E46ECB16378012B25D114F8533C9A071B
:105B600014D5A4F160073846FFF788FF082E0CBF54
:105B70006FF003030023236614F8533CDB0605D1C2
:105B800054F8483C13B93846FAF73AFA0023237020
:105B90000020EB68A860C3F38632164366F39433A3
:105BA000EB60BDE8F081022BF0D12378002BEDD023
:105BB00054F8048CB8F1000FE8D004F11400FBF79E
:105BC000A3FB0023A4F1140739464046E362F9F72A
:105BD00077FBDBE720B1011F50F8040CF8F732BC6B
:105BE000704710B50446406A10B1A16A00F02EF863
:105BF0000020C4E9090010BD38B50546FFF7F1FFE4
:105C00002B7F0446012B0ED0023B012B0ED82B6AB2
:105C1000012B18BF6FF096042C220021284600F0BB
:105C200028FA204638BD2B6A002BF2E76FF0960465
:105C3000F2E7FCF78DBA70470020FCF7FBBA0020B2
:105C4000FCF730BB002000F09EB8704710B504464A
:105C500008B1FCF71BFA2046BDE81040FCF710BA6B
:105C60000A2840DCC31C22DA10F1400F47D010F1A3
:105C70003F0F2BDA10F1410F44D010F1540F44D0F4
:105C800010F1490F08BF6FF0840018BF6FF0860055
:105C9000704709282AD8DFE800F0052929081629C5
:105CA0003829292F6FF09800704700207047C31CD7
:105CB0000D2B1BD8DFE803F0072F1A1C1A1A1A1A2B
:105CC0001A1A1D1A1A1D6FF08500704710F1210F66
:105CD0001ED00BDB10F1200F1DD010F1100F08BFEC
:105CE0006FF09400D1E764380928D2D96FF08600AC
:105CF00070476FF0940070476FF08C0070476FF042
:105D0000840070476FF0890070476FF09300704710
:105D10006FF0880070476FF09200704710B58B42AB
:105D200094BFC4184418A04200D110BD00F8012B44
:105D3000F9E70368D90444BF43F480630360036850
:105D40009A0444BF43F400630360704737B50546C7
:105D500000216846FCF77CFB044668B930222946DE
:105D60006846FCF7EBFB10F1520F044607D0431CCA
:105D7000F4D0684600F051F8204603B030BD6846C4
:105D800000F04BF8E4E700207047BFF35F8F4FF05F
:105D9000A343DA69BFF35F8FBFF35F8F10215963AD
:105DA000BFF35F8FBFF35F8F00215963BFF35F8F36
:105DB000BFF35F8FD96BBFF35F8F4906F8D422B171
:105DC000BFF35F8FDA61BFF35F8F704708B5FCF7F1
:105DD000B9FC30B9BFF35F8F4FF0A343986ABFF3AC
:105DE0005F8FBFF35F8F4FF0A342D36BBFF35F8F23
:105DF00010F0240F03F0230304D0FFF7C6FF6FF069
:105E00001F0008BD4FF0FF30002BFAD1BFF35F8FAA
:105E10001063BFF35F8F1846F3E710B503780446AD
:105E20001BB1FCF75FF900232370002010BD38B5CB
:105E30000225036804469D6000F006F818B1236847
:105E400003F58053DD6138BD0369186800F4003044
:105E50007047C0F30B03482B4B6028BF482310F456
:105E6000003F8B6008BF0023CB6010F4803308BF75
:105E7000C1E9013300F47003B3F5700F14BF0023C0
:105E80008B6800284FF0010C4FF008028B60B8BF00
:105E90000023C1E905C2B8BFC1E905337047014419
:105EA000814200D1704711F8013D1A440A70120A6C
:105EB000F6E710B501380A44914200D110BD10F840
:105EC000013F11F8014B63400370F5E7F8F738BD67
:105ED0004FF0FF324FF0FF33F8F762BC00F029B803
:105EE00007B54FF0FF334FF0FF32CDE9002300221A
:105EF00000F02DF803B05DF804FB00F024B800F0CA
:105F00001EB810B5C46E826E4B68E40703EA020344
:105F10000BD59A420BD1012380F870300B68436691
:105F200008601830FBF7F0F901E0002BF3D10020F6
:105F300010BD0023C0E90000C0E9023370474FF0F4
:105F4000FF32FCF77BBC0A460021FCF777BC52000D
:105F5000FCF7C6BC0139024410B5904201D10020C3
:105F600005E0037811F8014FA34201D0181B10BDC2
:105F70000130F2E710B50139044632B111F8013FA2
:105F8000013A00F8013B002BF7D1002100F071F835
:105F9000204610BD0246014410B58A42134603D084
:105FA0001C780132002CF8D1181A10BDF0B5C3F1DD
:105FB0003707044603F01F031046FFB2082BE6B272
:105FC00032D0102B3DD06508A40845EAC17544EADB
:105FD00081748A082D1942EB5102290941EA0271A4
:105FE0006D1842EB1212290A41EA02616D1842EB68
:105FF0001222290C41EA02416D1842EB1242AD18FF
:1060000042F10002EC0844EA4274D10804EB840235
:10601000A6EB4205EDB2092D0CD90134A5F10A0514
:1060200041F10001EDB212E0E40806F0070544EA90
:106030004174C908303554EA010200F8015BBDD152
:10604000F0BD240906F00F0544EA01740909092D81
:1060500084BFED19EDB2EDE70A44431E914200D131
:10606000704710B511F8014B914203F8014FF9D177
:1060700010BD02440346934200D1704703F8011B50
:10608000F9E7D1E9043293421EBF5A1C0A61187025
:10609000704700000148006870470000485C00201D
:1060A0004AB3FE7F010000008546010000000000A9
:1060B000E5AE010050610200B9E2010000000000FD
:1060C000EDE4010000000000CDB201008C6102008F
:1060D000CDB2010078610200CDB20100646102001E
:1060E000DDC90100000000000956020000000000A8
:1060F00097520200A0610200CD520200B46102007A
:1061000089530200C8610200DDB1010000000000F7
:1061100001B9010000000000554701000000000027
:106120008D340200000000007D3F010000000000EF
:1061300021CB010000000000EDED01000000000097
:1061400049BB0100DC6102002D4801000000000095
:10615000EEB70200A0760200B876020060090020C7
:10616000205E00204BB90200FC760200447702005A
:10617000660900207C5E002057B9020014770200F7
:106180004477020068090020885E002062B902009E
:106190002C770200447702006A090020945E0020F8
:1061A00015B8020000000000D47602006209002049
:1061B0000000000024B8020000000000DC760200AD
:1061C000640900200000000076B902008077020018
:1061D000CC7702006C090020A05E0020A8BD020060
:1061E00000000000D87702006E090020B05E002099
:1061F00000000000D53A020000000000D53A02007D
:1062000000000000D53A020000000000D53A02006C
:1062100000000000D53A020000000000D53A02005C
:1062200000000000D53A020000000000D53A02004C
:1062300000000000D53A020000000000D53A02003C
:1062400000000000D53A020000000000D53A02002C
:1062500000000000D53A020000000000D53A02001C
:1062600000000000D53A020000000000D53A02000C
:1062700000000000D53A020000000000D53A0200FC
:1062800000000000D53A020000000000D53A0200EC
:1062900000000000D53A020000000000D53A0200DC
:1062A00000000000D53A020000000000D53A0200CC
:1062B00000000000D53A020000000000D53A0200BC
:1062C00000000000D53A020000000000D53A0200AC
:1062D00000000000B9CA010000000000D53A020029
:1062E00000000000D53A020000000000D53A02008C
:1062F00000000000D53A020000000000D53A02007C
:1063000000000000D53A020000000000D53A02006B
:1063100000000000D53A020000000000D53A02005B
:1063200000000000D53A020000000000D53A02004B
:1063300000000000D53A020000000000D53A02003B
:1063400000000000D53A020000000000D53A02002B
:1063500000000000D53A020000000000D53A02001B
:1063600000000000D53A020000000000D53A02000B
:1063700000000000D53A020000000000D53A0200FB
:1063800000000000D53A020000000000D53A0200EB
:1063900000000000D53A020000000000D53A0200DB
:1063A00000000000D53A020000000000D53A0200CB
:1063B00000000000D53A020000000000D53A0200BB
:1063C00000000000D53A020000000000D53A0200AB
:1063D00000000000D53A020000000000D53A02009B
:1063E00000000000D53A020000000000D53A02008B
:1063F00000000000D53A020000000000D53A02007B
:1064000000000000D53A020000000000D53A02006A
:1064100000000000D53A020000000000D53A02005A
:1064200000000000D53A020000000000D53A02004A
:10643000000000008D26020000000000D53A020096
:1064400000000000D53A020000000000D53A02002A
:1064500000000000D53A020000000000D53A02001A
:1064600000000000D53A020000000000D53A02000A
:1064700000000000D53A020000000000D53A0200FA
:1064800000000000D53A020000000000D53A0200EA
:1064900000000000D53A020000000000D53A0200DA
:1064A00000000000D53A020000000000D53A0200CA
:1064B00000000000D53A020000000000D53A0200BA
:1064C00000000000D53A020000000000D53A0200AA
:1064D00000000000D53A020000000000D53A02009A
:1064E00000000000D53A020000000000D53A02008A
:1064F00000000000D53A020000000000D53A02007A
:1065000000000000D53A020000000000D53A020069
:1065100000000000D53A020000000000D53A020059
:1065200000000000D53A020000000000D53A020049
:1065300000000000D53A020000000000D53A020039
:1065400000000000D53A020000000000D53A020029
:1065500000000000D53A020000000000D53A020019
:1065600000000000D53A020000000000D53A020009
:1065700000000000D53A020000000000D53A0200F9
:1065800000000000D53A020000000000D53A0200E9
:1065900000000000D53A020000000000D53A0200D9
:1065A00000000000D53A020000000000D53A0200C9
:1065B00000000000D53A020000000000D53A0200B9
:1065C00000000000D53A020000000000D53A0200A9
:1065D00000000000D53A020000000000D53A020099
:1065E00000000000D53A020000000000D53A020089
:1065F00000000000D53A020000000000D53A020079
:1066000000000000D53A020000000000D53A020068
:1066100000000000D53A020000000000D53A020058
:1066200000000000D53A020000000000D53A020048
:1066300000000000D53A020000000000D53A020038
:1066400000000000D53A020000000000D53A020028
:1066500000000000D53A020000000000D53A020018
:1066600000000000D53A020000000000D53A020008
:1066700000000000D53A020000000000D53A0200F8
:1066800000000000D53A020000000000D53A0200E8
:1066900000000000D53A020000000000D53A0200D8
:1066A00000000000D53A020000000000D53A0200C8
:1066B00000000000D53A020000000000D53A0200B8
:1066C00000000000D53A020000000000D53A0200A8
:1066D00000000000D53A020000000000D53A020098
:1066E00000000000D53A020000000000D53A020088
:1066F00000000000D53A020000000000D53A020078
:1067000000000000D53A020000000000D53A020067
:1067100000000000D53A020000000000D53A020057
:1067200000000000D53A020000000000D53A020047
:1067300000000000D53A020000000000D53A020037
:1067400000000000D53A020000000000D53A020027
:1067500000000000D53A020000000000D53A020017
:1067600000000000D53A020000000000D53A020007
:1067700000000000D53A020000000000D53A0200F7
:1067800000000000D53A020000000000D53A0200E7
:1067900000000000D53A020000000000D53A0200D7
:1067A00000000000D53A020000000000D53A0200C7
:1067B00000000000D53A020000000000D53A0200B7
:1067C00000000000D53A020000000000D53A0200A7
:1067D00000000000D53A020000000000D53A020097
:1067E00000000000D53A020000000000D53A020087
:1067F00000000000D53A020000000000D53A020077
:1068000000000000D53A020000000000D53A020066
:1068100000000000D53A020000000000D53A020056
:10682000C86102004B53020000000000D53A02008C
:1068300000000000D53A020000000000D53A020036
:1068400000000000D53A020000000000D53A020026
:1068500000000000D53A020000000000D53A020016
:1068600000000000D53A020000000000D53A020006
:1068700000000000D53A020000000000D53A0200F6
:1068800000000000D53A020000000000D53A0200E6
:1068900000000000D53A020000000000D53A0200D6
:1068A00000000000D53A020000000000D53A0200C6
:1068B00000000000D53A020000000000D53A0200B6
:1068C00000000000D53A020001D80100195602006C
:1068D00000000000D53A020000000000D53A020096
:1068E00000000000D53A020000000000D53A020086
:1068F00000000000D53A020000000000D53A020076
:1069000000000000D53A020000000000D53A020065
:106910000DDE01001956020000000000D53A020009
:1069200000000000D53A020000000000D53A020045
:1069300000000000D53A020000000000D53A020035
:1069400000000000D53A020000000000D53A020025
:1069500000000000D53A020000000000D53A020015
:1069600000000000D53A020000000000D53A020005
:1069700000000000D53A020000000000D53A0200F5
:1069800000000000D53A020000000000D53A0200E5
:1069900000000000D53A020000000000D53A0200D5
:1069A00000000000D53A020000000000D53A0200C5
:1069B00000000000D53A020000000000D53A0200B5
:1069C00000000000D53A020000000000D53A0200A5
:1069D00000000000D53A020000000000D53A020095
:1069E00000000000D53A020000000000D53A020085
:1069F00000000000D53A020000000000D53A020075
:106A000000000000D53A020000000000D53A020064
:106A100000000000D53A0200155602001956020087
:106A200000000000D53A020000000000D53A020044
:106A300000000000D53A020000000000D53A020034
:106A400000000000D53A020000000000D53A020024
:106A500000000000D53A020011D8010019560200CA
:106A600000000000D53A020005000000DD850100AD
:106A7000000000000600000045AD0100000000001D
:106A800004000000458D0100000000004075020078
:106A900008000000E0750200070000006CAA020078
:106AA00003000000CCB4020003000000EF9F0200CE
:106AB00003000000F8AF020003000000F69F020090
:106AC000030000004EB70200030000001FA80200F0
:106AD000030000006FA9020003000000FAB10200E9
:106AE00003000000C5BD020003000000DFBE02007D
:106AF00003000000B3BD0200030000007BB70200EA
:106B00000300000082B7020003000000F18F0200C2
:106B10000300000007B80200030000006DCE020071
:106B200003000000EF910200030000008A920200BF
:106B3000030000001D940200030000009A8D020073
:106B4000030000006CBF020003000000B69B0200BF
:106B500003000000DB9D020003000000769E02009F
:106B60000300000023C4020003000000859E020011
:106B70000300000081B9020003000000F872020067
:106B8000A00500200C940200010000000400000099
:106B90000F000000010000000800000020000000BD
:106BA00074000000840000000D0000000C000000D4
:106BB0000E0000005000000088000000BC00000033
:106BC000FFFFFFFFFFFFFFFFFFFFFFFFFFFFFFFFD5
:106BD00000000000000000010000000200000004AE
:106BE000000000080000001000000020000000402D
:106BF000000000800000001B0000003624A70200F7
:106C000029A702002DA7020031A7020035A7020024
:106C100039A702003DA7020041A7020045A70200D4
:106C200049A702004DA7020051A7020055A7020084
:106C300059A702005DA7020000A0105000820D506D
:106C400000040550050000000400000001000000E1
:106C5000E5C602000001000003040200000000007D
:106C600048A3000014A0000068A600003CA5000096
:106C7000F401FA00960064004B0032001E0014007C
:106C80000A00050002000100252627010204010276
:106C900003030000250D0F0F010204000000000097
:106CA00048A3000014A0000068A600003CA5000056
:106CB0000102040000000000F02300002413000083
:106CC0003CF000003CF000000000000048A3000081
:106CD00014A0000068A600003CA500000304020008
:106CE0000000000048A3000014A0000068A60000F7
:106CF0003CA5000001020303F401FA0096006400C1
:106D00004B0032001E0014000A00050002000100C2
:106D10000000000048A3000014A0000068A60000C6
:106D20003CA5000000000000F02300002413000038
:106D30003CF000003CF00000F401FA009600640012
:106D40004B0032001E0014000A0005000200010082
:106D50000000000048A3000014A0000068A6000086
:106D60003CA500000F141E28323C506478FCFF7FC5
:106D7000FCFFFFFFFFFF1F000102030301010002F0
:106D800007000102040100010000010100000100F0
:106D900001000001000100000000F401FA0096006B
:106DA00064004B0032001E0014000A0005000200BF
:106DB00001000F141E28323C5064780001000B00C3
:106DC00002000A00050009000A000800140007007C
:106DD0001E000600320005004B00040064000300A2
:106DE00096000200FA000100F40100000102030312
:106DF0000C0802170D010102090901010602091818
:106E000018030101090903030503020123020224F7
:106E10000910040405050B0B040B2B1B1B151A1A78
:106E20001C021D16130501490D1505000000000088
:106E300048A3000014A0000068A600003CA50000C4
:106E40000000000048A3000014A0000068A6000095
:106E50003CA500000001020201020400A201B003EF
:106E6000BE05EE024806A209C405F40B24120E0268
:106E70001C045A03B4063006600C01020303000030
:106E8000010203030000000048A3000014A000005A
:106E900068A600003CA500000102040102030300F3
:106EA0000000000048A3000014A0000068A6000035
:106EB0003CA50000F401FA00960064004B0032008B
:106EC0001E0014000A00050002000100000000007E
:106ED000F0230000241300003CF000003CF0000010
:106EE0000000000048A3000014A0000068A60000F5
:106EF0003CA500000000000048A3000014A0000012
:106F000068A600003CA50000010203030000000089
:106F1000F0230000241300003CF000003CF00000CF
:106F200001020400030000000000000048A300006C
:106F300014A0000068A600003CA5000000000000AE
:106F4000F0230000241300003CF000003CF000009F
:106F50000000000048A3000014A0000068A6000084
:106F60003CA50000F401FA00960064004B003200DA
:106F70001E0014000A0005000200010000000000CD
:106F800048A3000014A0000068A600003CA5000073
:106F9000F401FA00960064004B0032001E00140059
:106FA0000A0005000200010000000000F0230000BC
:106FB000241300003CF000003CF000000102030339
:106FC00001020400010202000000000048A30000CA
:106FD00014A0000068A600003CA500000001030208
:106FE000001700200200000BE3A3C3003C000020B8
:106FF0000200000B6C1700200200000C6E1700202E
:107000000200000B6E1700200100000C701700201A
:107010000100000C0100000007000000000000005B
:1070200000000000000000000406080A0C0E101208
:107030001416181C1E20222426282A2C2E30323406
:1070400036383A3C3E40424446484A4C4E021A507A
:10705000000040060C036009340800000000000036
:1070600048A3000014A0000068A600003CA5000092
:10707000000000002800000018000000500100007F
:107080005001000000000000F02300002413000065
:107090003CF000003CF0000000000000F023000085
:1070A00024130000E8670000187900001C0C780524
:1070B000A4381437000000000000000100008063C5
:1070C0000000806300000000400600004006000051
:1070D0004006000040060000000098086B035802BC
:1070E0009C18000000000000F023000024130000A2
:1070F0003CF000003CF0000000010302FF7F002094
:107100000018000A800720029801AA8000000028C9
:10711000000000200102030402030404010203042E
:10712000010101020101010102030402E4E1D8D2DC
:10713000C6C9B4B19C93878D6C6378724E4B272D72
:107140001B1E3639002060204060800000000000D7
:10715000000001010101010101010101010102021F
:1071600002020202030303030404050506060707DF
:1071700008090A0B0C0D0E0F101112131415161717
:1071800018191A0010010000D200000030010000A0
:10719000D800000001000000E40000000200000030
:1071A000EA00000003000000EE0000000400000000
:1071B000F000000005000000F200000006000000E2
:1071C000F400000007000000F600000008000000C6
:1071D000F700000009000000F80000000A000000AD
:1071E000F90000000B000000FA0000000D00000094
:1071F000FB0000000F000000FC0000001100000078
:10720000FD00000013000000FE000000150000005B
:10721000FF00000018000000000000001B0000003C
:10722000010000001F000000020000002300000019
:107230000300000028000000040000002D000000F2
:1072400005000000330000000600000039000000C7
:10725000070000003F0000000800000008090A06BF
:1072600008080102060000100200FA0000000000F9
:10727000CB130100D7130100DB130100E31301005E
:10728000E71301001800280000002A000000000099
:107290000338FDD870470000000000000000000027
:1072A0000338FDD87047000063350200000000007D
:1072B00000000000000000000000000094930200A5
:1072C0009C9302000000000000000000000000008D
:1072D000A4930200A8930200AC930200B0930200B2
:1072E000E87202001C5C0020812D01003C5C002043
:1072F00061650020010000000B3602000000000064
:10730000D9350200A52D010000000000CD35020096
:107310000000000000000020000000000600010046
:10732000020000002873020000000000639D0200BC
:1073300006000000E04F1600000000206B9D0200D8
:1073400021000000E0EF02200D40010000000000DD
:10735000A73B020048730200607302004700000070
:10736000088E002048730200707302003D00000088
:107370001092002048730200807302000201000096
:107380001C93002061A702007FA702009AA70200B9
:10739000AAA70200B7A70200C0A70200C7A7020061
:1073A000CEA70200D5A70200DDA70200B7A7020002
:1073B000E5A70200F7A702000CA802000E030000D8
:1073C000896201000F040000596201001A010000E7
:1073D000454B010005040000B14A01001301000003
:1073E00071510100FF010000854E01003E010000C7
:1073F000654E010005040000DD4B01001001000096
:10740000714B010001120000D96101000A1E000049
:10741000F73D020003090000A1500100040B000029
:10742000D94E0100060A0000755601000C05000047
:10743000A14B0100120500001171010013080000AA
:107440004172010048730200507402000301000001
:107450003C94002077AF020084AF0200A4AF02008A
:1074600098AF0200AFAF0200C6AF0200D6AF020075
:107470008FB20200EAAF0200487302008474020077
:10748000000000007C960020487302009474020003
:1074900020000000A4960020174402003744020098
:1074A000000000000000000000000000D58801007E
:1074B00000000000000000000000000000000000CC
:1074C000020201006B4C020004040100119A010049
:1074D00006060100519901000804010059980100B5
:1074E0000A020100534C02000C0401003B4C020054
:1074F0000E0401002D970100200401009196010067
:1075000010040100A195010012020100EF4B0200DE
:1075100016040100DF45020018010100374902008E
:107520001E000400BF4C020052020000154C020075
:10753000487302003C750200220000007C97002086
:10754000708C0200814F0200000000006C8C020071
:1075500000000100688C020085500200000000005D
:107560004006002000000100608C020000000000C6
:107570000000000000000000000000005C8C020021
:10758000D34F0200999E010048060020000003002E
:10759000588C0200855002000000000038060020D0
:1075A00000000100508C02003F4F0200F9A00100D2
:1075B00000000000000003004C8C02008550020017
:1075C000000000003006002000000100448C020092
:1075D0008DA4010000000000000000000000010078
:1075E0009C8C0200814F020000000000988C020079
:1075F00000000100948C0200855002000000000091
:1076000070060020000001008C8C0200034F020075
:10761000000000000000000000000100888C020053
:1076200085500200000000006806002000000100F4
:10763000808C0200C94E0200000000000000000023
:10764000000001007C8C0200855002000000000058
:107650006006002000000100748C0200C1A001003F
:107660000000000000000000000001000000000019
:10767000000000000000000000000000000000000A
:10768000B9510200000000000000000000000000EE
:107690000000000095AD0100BDAE0100000000003B
:1076A0002DB00100D1AD0100FBB702007F520200F6
:1076B0008552020001B8020041AF01009152020060
:1076C00065520200000000000DAE01000000000045
:1076D000000000009B52020000000000B9520200AE
:1076E0000000000000A0105000820D500004055062
:1076F0007F000000FFFF0100FF0700001F000000E7
:1077000000A01050000000000000000000C0105059
:1077100001000000FFFF000000820D50000000008B
:107720000100000000A00D5000000000FF07000055
:1077300000040550000000000200000000000000EE
:107740000000000059B40100DD520200E9520200BD
:10775000FD520200075302001153020075B30100ED
:107760002DB201000000000000A0105000820D505A
:10777000000405507F000000FFFF0100FF0700002C
:1077800000600C500000000000000000A87702001C
:1077900000C201000000D60100000000000000400F
:1077A000056600200466002000600C50B4770200DB
:1077B00001000000BC77020004000000240000006B
:1077C000260000022506000127060003635302007D
:1077D00005B801005553020039BC010039540200BC
:1077E0007B54020000A0105000820D500004055090
:1077F0007F000000FFFF0100FF07000081C30200BF
:107800008FC30200A3C30200B2C30200BEC30200C2
:10781000A8600200A860020010610200206102005E
:107820005061020050610200512563FCC2CAB9F3E5
:10783000849E17A7ADFAE6BCFFFFFFFFFFFFFFFF27
:1078400000000000FFFFFFFFAAAAAAAAAAAAAAAAEC
:10785000AAAAAAAA55555555555555555555555584
:107860000000000055555555522563FCC2CAB9F3B6
:10787000849E17A7ADFAE6BCFFFFFFFFFFFFFFFFE7
:1078800000000000FFFFFFFF512563FCC2CAB9F3EF
:10789000849E17A7ADFAE6BCFFFFFFFFFFFFFFFFC7
:1078A00000000000FFFFFFFF96C298D84539A1F401
:1078B000A033EB2D817D0377F240A463E5E6BCF8AD
:1078C00047422CE1F2D1176BF551BF376840B6CB78
:1078D000CE5E316B5733CE2B169E0F7C4AEBE78E74
:1078E0009B7F1AFEE242E34F4B60D2273E3CCE3BE9
:1078F000F6B053CCB0061D65BC86987655BDEBB38B
:10790000E7933AAAD835C65AFCFFFFFFFFFFFFFFF7
:10791000FFFFFFFF0000000000000000000000006B
:1079200001000000FFFFFFFF00388A408F409440B5
:10793000A140A640AC401548CB40AE40A340003823
:10794000003800380038CE40ED409D414941564155
:10795000324137413C414141B941BE41D7410E42DC
:10796000FA418D411B42804162426A427742744330
:107970006E4366437F432E48244600380038003863
:107980000038AF48D548F34863457D4585439D455C
:10799000A845BB45E345ED45CF45FC4515468C461E
:1079A0006E4695468E46003800380038284200382A
:1079B0000038003800380038003800380038003807
:1079C000003800380038003819491949194919494F
:1079D00019491949194919491949194900380038EB
:1079E00000380038003800380038003800380038D7
:1079F00000380038003800380038003800380038C7
:107A000000380038003800380038003800380038B6
:107A100000380038003800380038003800380038A6
:107A200000380038003800388C090038FFFFFF00AC
:107A30000000000010270081878A001A7B627AA666
:107A400078797A8D00307B627AA778797A8D0030E8
:107A500078207B6279217A220C10865082A2808164
:107A600082A28287828D001A0030722095407AAC03
:107A7000797B003078247B627AA884797A8D003013
:107A80007224A7407B2479257A26856286A8728491
:107A9000868D11A68584116286A78586842086211D
:107AA000862286509A5086A6867286A88685868DFE
:107AB0008462868D781086A67270001A00307ABBB8
:107AC0007879003000830030001C001C001C001C72
:107AD000001B7C22001D1310D040001A001C001C4B
:107AE000001C001B7C22001D001B7C22001D1310AB
:107AF000DA40001A000C016A3427001A006E1027C1
:107B0000001A7B62782479257A260C1086500E1094
:107B100022590E101A59848FC50811B88585041092
:107B2000295911A284871AA211111120071890A2B5
:107B3000801A9020001919A272871AA61970001BCA
:107B40007C201AA21A8013100B410E101D5904102C
:107B5000335986A21A72868D001A0030870811B830
:107B6000858211A284871AA211111120031890A2F4
:107B7000801A9020001915A281871AA215151520C8
:107B8000031890A2801A90200019074186500524FE
:107B900008250426F5408650042406250526F540D0
:107BA00086500C2406250B26F54086500B2408250C
:107BB0001A26F55000AB0C1A00300DA702720AAC61
:107BC000060D0EA703720BAC060E02620CA8720320
:107BD0000C8D00307DBB0203048F05A6707003621C
:107BE0008650042072210E229A500070108A0E24B2
:107BF0000B250E26F35002728650042072210D22AE
:107C00009A5002721027108A0D240A250D26F3506F
:107C100005A70D0E05200C2105229A50007005BB0A
:107C2000030505A60E05003002628650042072216D
:107C30000D229A500070108A0D240A250D26F3504B
:107C400000300DA70D0E05A67070027286500C2034
:107C50000D2105229A50007005BB030505A60E05EF
:107C6000003002620DA7027203620EA7037201BB0D
:107C70000D0E00BB02030D200E21802282AC8081FC
:107C8000812082213910A941006201A80180018D63
:107C9000012408250626B1500030032406250826B5
:107CA0008650F340032405250A268650F3500262CD
:107CB00086500A2072210A229A5038100039062074
:107CC0000A210B229A500BA60B0C0BA80B050B8D4F
:107CD00038100039003002620A8E0A8F0B8E0B8F2B
:107CE000072787500EA8720B0C200E210D229A50E8
:107CF0000A200E210E229A500062865003240D2580
:107D00001A2608210E221A510262008107271A2022
:107D100072211A229A5000AB0A1A003086500DBB0D
:107D200008060DA6040D032406250E26F3500E208A
:107D300007210E229A500EA7050E0E8D0E240D253A
:107D40000B26F34086500A2408250D26F350022006
:107D50000D210E229A500E240C250B26F34086503E
:107D600007200A210D229A5003240C250E26F350D9
:107D700005A60D0E058D0030865001A700720AB9C8
:107D8000010006240A250426F55077A7047238104E
:107D90000030011877A704013810003004200421B6
:107DA00004229A5077A704723810003C001977A774
:107DB00004013910003C0030A0A27210685380A268
:107DC000811090A291100210965308105B54141069
:107DD000FB5439108134001A000C865033A2041071
:107DE00002102D440810D74414105B455852262029
:107DF000782148522621001C7A20CC425852262055
:107E0000782148521D2079214A52262026211D2200
:107E1000001E7A20CC425852782479257D527A204F
:107E2000CC42112084214852112010107A590E1092
:107E3000364901218526006886AC86012EA6707021
:107E4000C1522E2236102C2235A78682006CC8081B
:107E500011B83581EA5026201121001C262002107D
:107E60001254112126220718B120021015540810AF
:107E7000C7541410515580210019E35226202621A1
:107E8000D0501122BC520068C152006C2320361021
:107E900026201B220318001E802100192621001A0B
:107EA000001B0B102320001F001A2CBA73742CBA6D
:107EB0002C2C2CA72C742DA7018677A72D2C001A0B
:107EC000A122DC5202108D53081054541410F654A1
:107ED00080A2807290A29072808D908D001A0030E6
:107EE00082A2821082A2827282A81082001A2C20A2
:107EF00013211622071880A2818280219020B222AD
:107F000000193222DC5229A2322828A2323131A2B1
:107F1000292525A2293030A2312222A2312F2FA2D9
:107F2000301F1FA2302E2EA22F1C1CA22F2D2DA2DF
:107F30002E1919A22E2C2CA22D1616A22D132FA607
:107F4000117030A6127031A6137013A62C70112078
:107F50001121081802108D53081054541410F654AF
:107F6000A020B121001926A62F7027A6307028A6C0
:107F70003170001A1120842148521D20822148525C
:107F80008A0811B88583142011211122001C0518BC
:107F90008024B1208421001E001920201D211D22D3
:107FA000001C05188024B1208421001E0019E35212
:107FB000262026211922001EDA501122BC52192235
:107FC0002620BC5277A22872F810821077A785016C
:107FD00077108620CC4285A6850183A6830183A6DF
:107FE000830113A272101DA619701EA61A701FA677
:107FF00013702C43585278210810E044818F918FE0
:10800000001A003077A701003810013A001A00303A
:10801000585204216853021039540810F054381093
:10802000053A001A00305852262078214A52001A88
:1080300000305852151075536E53262002214A52B3
:1080400000302DA2A1A12EA2A12D80A2812D90A24F
:10805000912E001A2FA205102EA280802CA2803310
:108060002EA22E802DA290902EA62E2C2EA62F2E44
:108070002CA72D2E2CA22C722C8D001A30A691919B
:108080002CA681812DA230911A10E24331A2A1A128
:108090001810C5432EA2818131A231312CA22C2D82
:1080A00031A231332FBA2E742EA62F3131A62C2CAB
:1080B000D1432EA681312FA781312CA22C2D2EA2A7
:1080C0002E2F31A62C2C2EBA2E742DA22D2D2FA2A0
:1080D0002E2E2DA62D2D80A72F3131A72C80A0A2CA
:1080E00030A12FA22E3190A72F2D001A2EA2818110
:1080F0002CA22C2DCD4331A67092ED4331A7709266
:10810000ED4330A2A1A12FA231A131A230822FA232
:108110002F3031A731812FA72F9130A23131A0A26A
:1081200031A12CA2813030A231302EA62C2C31A2CC
:108130002F2F2EA6302E80A7312E2CA72C802EA2DA
:10814000913031A22F2C90A7312E001AB0A2A0A0FE
:10815000001A2EA670921B442EA770921B442DA2CB
:10816000A2B231A2A1A12CA281B22FA2A13131A22F
:1081700082312DA2912D2FA22E2F2EA2A1A22C2131
:10818000F543AAC3E7D3EAE32CA6047477A72C002F
:10819000381477A604707814001A2DA205102EA6A4
:1081A00033332FA62D2D2EA22E2E2FA62F2D2EA20D
:1081B0002E332FA22F2F30A62F2F2EA62E2F2FA6F5
:1081C0002E3077A22F72001A90A77090908D001A0F
:1081D0002DA2A1A180A281A190A2912D001A2FA26F
:1081E00005102EA280802CA280332EA22E802CA2DD
:1081F0002C802DA2909030A280902EA62E2C2DA601
:108200002D302EA62F2E2CA72D2E001A2CA281A1A8
:108210002DA281812EA62D912DA22D2DA0A22C2C38
:108220002CA22C2E2EA22E2E181085442FA2A03365
:1082300087442FBAA0042EA62E2C80A62E2F2CA663
:10824000A02C2DA22DA02CA22C8090A62C2D001AA3
:10825000702398448223984431A683922FA282A14E
:1082600030A2A1A130A2313031A2818132A22F2FC0
:1082700029A6313231A63191A0A229A131A22F31F4
:108280002EA6812F32A630322FA6913032A2813213
:108290002FA22F2E2CA2812F2DA2299180A6323120
:1082A0002CA62C2D32A62FA031A22C2929A2328057
:1082B00090A63129001A30A2A1A12DA2A2A22CA21F
:1082C00081A22FA282A12DA2912D30A292302EA2A6
:1082D000A1A22C21A04472C494D496E4006877A78C
:1082E00072043714006C001A2DA272872CA22D8103
:1082F00077A7812C391081362CA22D9177A7912C4C
:1083000039109136001A003077A60570001A90A631
:108310008090001A80A281A190A291A1001A31A29E
:1083200072102CA280802DA290902EA62C2D2FA210
:108330002C2D2FA2332F2FA62F312EA72E2F2E8D8F
:10834000001A2CA6819130A281812DA291912EA29A
:10835000A1A12CA22C2C2EA62E2E2FA6302D2DA77F
:10836000302D2CA72C2F2EA72F2E90A22D2F80A2A0
:108370002C2EA0A22E2F001A2EA670822E452EA7DC
:1083800070822E452FA2A1922EA2A12E30A2819101
:1083900031A22E2F32A6912E2EA7812E2CA6812F10
:1083A0002FA6912F32A22C322CA22E2F2EA63031A6
:1083B0002FA7303130A72C2F31A7322E80A22E309C
:1083C00090A22F31A0A23031001A2CA2A2812DA29E
:1083D000A2912FA2A1922EA2A1822C2132450DC5DD
:1083E00028D52BE5001A80A77080808D001A58527E
:1083F000022407257D522620CC52E65087502620A5
:1084000072210A229A503810003906200A210B22C4
:108410009A500BA60C0B0BA80B070B8D38100039CC
:108420000030E65087500A8E0A8F0B8E0B8F0DA8F6
:10843000720B0C200D2135229A500A202B229A50C3
:10844000EA50585208222B2302243525262626538B
:10845000E6500081262072212C229A5000AB0A2C73
:108460000030E6502BA872062B8DEA505852022499
:108470002B257D520820CC42000C006435A60A0C46
:10848000E65087503520722135229A500BA70735C8
:1084900006200B210B229A50381000390030000CB6
:1084A000006435A60A0CE65087500B8F35207221E8
:1084B00035229A50EA50585208220B2302243525BF
:1084C0000D2626530030585226200B2148521D20DD
:1084D00006214A52262026211D22001E1D20082189
:1084E0004A52262026211D22001E0D20CC42E65095
:1084F00087500B200C210A229A5082A70882828D75
:108500000030585208220C2378240A2526262653A8
:1085100000682620062100AB818000AB91900030DE
:1085200058520620021050540810F35414105F558E
:1085300006240B257D521D2008214A522620262183
:108540001D22001E1120CC5211240A257D520D201F
:10855000CC42E65087500A200D212B229A50EA5037
:10856000CF550BA62B700D240B257D520820CC4235
:108570008650000800B8797917A70173179E179ED7
:108580000BA2781017A217100C200E2280A60B70D9
:1085900090A2721082A6907092A6707068460E2209
:1085A0007AA882927A8D00300E210C2211A6819138
:1085B00012A7819113A2111114A2121215A6829270
:1085C00016A7829215A2151216A2111611A713143E
:1085D00081A2131412A2171114A6151615A71516A9
:1085E00082A2141416A2151513A6131292A2160B2A
:1085F00091A2111312103B46001B0A1040460C2199
:108600000E22424606217A5608217C5636A2060BD7
:1086100036A236870AA608360A8D0030E650875003
:1086200091A2918736A2768736A2913681A2818760
:1086300081A6368181A28172818D91A67070001A07
:1086400002248F46062408217A56EA501410C447A3
:10865000F34606217A560A8FEA501410C9471C4780
:1086600035A2811034A2911031A2353536A23434AE
:1086700033A2041035A2313634A2721033A233353E
:1086800031A7363136A6343331A73136318D391022
:108690008134001A31A2911036A2041031A2313176
:1086A00033A2721036A2363131A7313336A63633B3
:1086B00033A2363633A2333634A2333335A23436BE
:1086C00035A2353134A2313335A23572358D33A719
:1086D000007333A73374339E339E339E3524332582
:1086E0003526F55035A2351034A2343533A2343452
:1086F00033A2333633A63331338D72203810052040
:1087000081A23480818D7D1081A70081001A000C28
:108710008650D00811B8080132A2041032A63232B5
:1087200084210C20A5570C212D2088571120AE57ED
:10873000071880222D21C0205D578021AE570019D7
:108740000C210C2088C75DD768E7D050112217573D
:108750000A20B9570030001B0C200B102D20684751
:10876000000C86500821B6569C5632A2041032A640
:108770003232920811B80A0602210C20A5570C21AA
:108780002D2088571120AE57031880222D21C0209C
:108790005D578021AE57001908212120A5572121BE
:1087A0002D2088572120AE57031880222D21C0206C
:1087B0005D578021AE5700190C2121220C205D57F6
:1087C00088C75DD768E7DA5011221757212217575B
:1087D0000C20B95777A680703E10003900AB0B9083
:1087E000003031A6918136A7918131A2318236A223
:1087F000369233A670B2734731A6918136A7918124
:1088000031A2319236A2368233A770B2734734A2B6
:10881000A1A233A2B13335A6313631A7313636A7FE
:10882000343333A6343380A2313690A23533A0A23C
:108830003633B0A23531001A31A6918136A7918125
:1088400034A2313133A2313631A2A1B136A2A1A175
:1088500031A6313136A6363636A7363334A7343111
:1088600080A23136A0A2363390A23334B0A2313484
:10887000001A80A2811090A29110A0A27210B0A242
:108880008090001A31A6918190A7918180A63170C5
:10889000A0A6A1A1B0A2B132001A35A2721035A8CB
:1088A00035A180A2813590A29135808D908D001ADE
:1088B000082558527D520A20CC4258520821DB57D5
:1088C00008205F550822062302240A25262626535F
:1088D00077A626703E100B3900AB0B270030918F26
:1088E0002CA291872DA272872CA22C2C2EA72C2D86
:1088F0002CA22C332CA72C2D2DA22E2E2FA22E2CC9
:108900002DA22D2F2FA22F2F2FA22D2F2FA22F726E
:108910002F8D30A70074309E309E2F2430252F26B7
:10892000F5502FA22F872DA22F2D2FA22D2D2FA254
:108930002F2C2FA72F2E2F8D3910913481A22D721D
:10894000818D7C1081A7008177A781003710913439
:10895000001A000C7B62865078231BA67D721B9E3A
:10896000341043481B9E83241B257A26F5507A2019
:108970007A211B229A501BA71B831B8D3910003DA7
:10898000001A00305852782078211C229A501CA6D8
:108990001C041C209A501CA61C051C8D1C23195855
:1089A00077A67A703D1000307AA7007A00301DA7B4
:1089B0007D721EA61D701E9E83241E257A26F550EC
:1089C000381000301EA77A723910003D1FA28310A4
:1089D0001DB91D0020A6757021A2721022A62121AA
:1089E00022239E5824A6287025A67570A85823A770
:1089F0002821238D39106B4822A622215C481DA70F
:108A00001D721D9E1F239E5826A21F2827A22628BE
:108A100028A72721288D381099482AA6727029A2E4
:108A2000272728A72921288D3810874829A22929F6
:108A30002AA62A727D481EA7202A28A6247025A6C9
:108A40001E70A8582BA6287024A22B2B20A62A70B3
:108A500026A22B2627A2272474487AA226727A8D72
:108A6000001A003023A28372238D23241D25232680
:108A7000F55028A22310001A25A725723810001AD5
:108A800028A22828A8480610003858520224072592
:108A90007D522620CC5200680AA60C800AAC0A013E
:108AA000381000392AA67206E6502BA8722A2AAC82
:108AB0002B0187500A2006212B229A502BA7072B27
:108AC0002BAC2B012A202B210B229A503810003975
:108AD000003006100038E65087500A8E0A8F0B8E41
:108AE0000B8F2AA60A0B2AAC2A0138100039EA504B
:108AF000585208222A2302240B2523262653E65007
:108B00002AA60C232AAC2A0100AB0A2A0030061040
:108B100000385852E65087502AAC0D0F2AA62A0F6B
:108B20002A2007212A229A502AA6062A2AAC2A019C
:108B30002BAC0A0F2BA62B0F2B202A212B229A506D
:108B40002BBB2B0C2ABB2A0CEA50585208222A2392
:108B50000A242B250D2626530030003885A9010F45
:108B6000001A11BA010F85A78511001A007001A61D
:108B70007070007001A77D72001A007009A67070F5
:108B8000007009BB7D0F7D2109620081001A81629E
:108B90000081001A0F210F260068868EC152361000
:108BA0008636006C021050590310875211A62670A9
:108BB00012A6277013A62870E65036A8850F368DAA
:108BC00001213626EA508742900811B8868615D4CE
:108BD00018E4112012541D201121001C12541121DF
:108BE0001D220318C120001E12548021001926A640
:108BF000117027A6127028A6137026202621001CAB
:108C0000001C001C001B7C22001D262113106B4938
:108C10001122BC522621E7D3EAE3001A00680F8E26
:108C2000006C2CA20F10875902108759A0A2A02C0B
:108C300015108959001A80A2802C90A2902C001A3D
:108C4000FA1ED65F00002A2B00002A2B0000032802
:108C50000000292B0000292B000003280000022916
:108C60000000052A0000052A000003280000011862
:108C7000000000280000042A0000042A0000032845
:108C80000000012A0000012A000003280000002A39
:108C90000000002A0000032800000018000000283F
:108CA0004572726F20616F20637269617220736513
:108CB00074202564202865727220256429004D33B4
:108CC00000496E7374C3A26E6369612025642069D4
:108CD0006E69636961646120284571756970204916
:108CE000443A202564290046616C6861206E612049
:108CF000617475616C697A61C3A7C3A36F206461F5
:108D000020696E7374C3A26E636961202564005389
:108D100074617274696E6720426C7565746F6F74EC
:108D200068205065726970686572616C2041647674
:108D300065727469736572206578616D706C650029
:108D4000426C7565746F6F746820696E6974206613
:108D500061696C656420286572722025642900426F
:108D60006C7565746F6F746820696E697469616C85
:108D7000697A6564004661696C656420746F20736C
:108D800074617274206164766572746973696E6768
:108D9000202865727220256429006D61696E5F620A
:108DA0006C655F6D616E6167657200574553545F16
:108DB000544F504449522F7A65706879722F6C690C
:108DC000622F686561702F686561702E630063684B
:108DD000756E6B5F7573656428682C20632900418C
:108DE0005353455254494F4E204641494C205B2530
:108DF000735D20402025733A25640A0009756E656D
:108E0000787065637465642068656170207374614F
:108E100074652028646F75626C652D667265653FA8
:108E20002920666F72206D656D6F727920617420E4
:108E300025700A006C6566745F6368756E6B2868E0
:108E40002C2072696768745F6368756E6B28682C84
:108E500020632929203D3D20630009636F727275EC
:108E600070746564206865617020626F756E6473EC
:108E70002028627566666572206F766572666C6F13
:108E8000773F2920666F72206D656D6F7279206162
:108E9000742025700A0028616C69676E20262028DE
:108EA000616C69676E202D20312929203D3D2030DD
:108EB0000009616C69676E206D75737420626520AE
:108EC0006120706F776572206F6620320A006279C8
:108ED000746573203E20686561705F666F6F7465AE
:108EE000725F627974657328627974657329000909
:108EF000686561702073697A6520697320746F6F8B
:108F000020736D616C6C0A00686561705F737A2014
:108F10003E206368756E6B737A2873697A656F6635
:108F200028737472756374207A5F6865617029298B
:108F3000006368756E6B305F73697A65202B206DF6
:108F4000696E5F6368756E6B5F73697A65286829FF
:108F5000203C3D20686561705F737A00574553542B
:108F60005F544F504449522F7A65706879722F6C64
:108F700069622F6F732F63627072696E74665F70BF
:108F800061636B616765642E630009537472696E77
:108F900067207769746820746F6F206D616E792027
:108FA000617267756D656E74730A00097374725F20
:108FB0007074725F706F735B5D20746F6F20736D80
:108FC000616C6C0A0009756E657870656374656420
:108FD0002073697A652025750A0009746F6F206D0A
:108FE000616E7920666F726D617420617267730AB9
:108FF0000063627072696E74665F7061636B616753
:109000006500574553545F544F504449522F7A6579
:10901000706879722F6C69622F7574696C732F6F29
:109020006E6F66662E63007374617465203D3D202B
:10903000305500217379735F736C6973745F697362
:109040005F656D70747928266D67722D3E636C695B
:10905000656E747329007472616E73697420213DAA
:10906000202828766F6964202A29302900737461CA
:109070007465203D3D202831554C203C3C20283152
:109080002929006D67722D3E72656673203D3D2073
:1090900030007374617465203D3D202831554C20AB
:1090A0003C3C202830292900574553545F544F50E9
:1090B0004449522F7A65706879722F696E636C75B6
:1090C00064652F7A65706879722F7370696E6C6F42
:1090D000636B2E68007A5F7370696E5F756E6C6F7C
:1090E000636B5F76616C6964286C2900094E6F744C
:1090F000206D79207370696E6C6F636B2025700A28
:10910000007A5F7370696E5F6C6F636B5F76616C22
:109110006964286C290009496E76616C6964207362
:1091200070696E6C6F636B2025700A00574553544D
:109130005F544F504449522F7A65706879722F6C92
:1091400069622F7574696C732F6E6F746966792EFE
:109150006300574553545F544F504449522F7A652A
:10916000706879722F7375627379732F6C6F67678C
:10917000696E672F6C6F675F636F72652E63006C3B
:109180006F675F6261636B656E645F636F756E745A
:109190005F6765742829203C2028283332202F203F
:1091A000335529202D202831202B203029290062F9
:1091B00061636B656E64203C3D205F6C6F675F622E
:1091C00061636B656E645F6C6973745F656E640088
:1091D00009756E6578706563746564206C69737475
:1091E00020656E64206C6F636174696F6E0A006C39
:1091F0006F6700574553545F544F504449522F7A7C
:1092000065706879722F7375627379732F6C6F67ED
:1092100067696E672F6C6F675F6D676D742E630093
:109220006C696E6B203C3D205F6C6F675F6C696E94
:109230006B5F6C6973745F656E6400574553545F70
:10924000544F504449522F7A65706879722F696E75
:10925000636C7564652F7A65706879722F6C6F67BF
:1092600067696E672F6C6F675F6261636B656E64C1
:109270002E68006261636B656E6420213D202828A2
:10928000766F6964202A293029006C6F675F6D67EB
:109290006D7400574553545F544F504449522F7AD0
:1092A00065706879722F7375627379732F6C6F674D
:1092B00067696E672F6C6F675F6D73672E630070F1
:1092C0006C656E203E3D2030004D657373616765AF
:1092D0002064726F70706564206265636175736588
:1092E00020697420657863656564732073697A65A5
:1092F000206C696D69746174696F6E202825752909
:10930000000D0A001B5B306D00574553545F544FEE
:10931000504449522F7A65706879722F7375627361
:1093200079732F6C6F6767696E672F6C6F675F6FFC
:1093300075747075742E63006C6576656C203C3DA9
:1093400020345500257320005B2530386C755D2076
:10935000005B253032753A253032753A253032754A
:109360002E253033752C253033755D200025732F65
:10937000003C25733E200025733A20006572722060
:109380003E3D203000253032782000202020007C17
:10939000002563001B5B313B33316D001B5B313BB0
:1093A00033336D006572720077726E00696E66000D
:1093B00064626700574553545F544F504449522FDD
:1093C0007A65706879722F7375627379732F6C6F19
:1093D0006767696E672F6261636B656E64732F6C7C
:1093E0006F675F6261636B656E645F756172742E37
:1093F00063006465766963655F69735F7265616464
:109400007928756172745F64657629006C6F675F97
:109410006261636B656E645F75617274006C6F6727
:109420005F75617274002A2A2A20426F6F74696E18
:1094300067206E524620436F6E6E656374205344FE
:109440004B2076322E392E322D3461623762393814
:109450006663373666202A2A2A0A002A2A2A2055D5
:1094600073696E67205A6570687972204F53207651
:10947000332E372E39392D6161333461353633322D
:10948000393731202A2A2A0A00637C777BF26B6FF6
:10949000C53001672BFED7AB76CA82C97DFA594722
:1094A000F0ADD4A2AF9CA472C0B7FD9326363FF7AF
:1094B000CC34A5E5F171D8311504C723C31896053E
:1094C0009A071280E2EB27B27509832C1A1B6E5A99
:1094D000A0523BD6B329E32F8453D100ED20FCB139
:1094E0005B6ACBBE394A4C58CFD0EFAAFB434D3311
:1094F0008545F9027F503C9FA851A3408F929D382B
:10950000F5BCB6DA2110FFF3D2CD0C13EC5F974413
:1095100017C4A77E3D645D197360814FDC222A90D9
:109520008846EEB814DE5E0BDBE0323A0A490624C8
:109530005CC2D3AC629195E479E7C8376D8DD54EA6
:10954000A96C56F4EA657AAE08BA78252E1CA6B442
:10955000C6E8DD741F4BBD8B8A703EB5664803F6C6
:109560000E613557B986C11D9EE1F8981169D98EF3
:10957000949B1E87E9CE5528DF8CA1890DBFE6425A
:109580006841992D0FB054BB1672302F61313A20CB
:1095900020307825303878202072312F61323A20FF
:1095A00020307825303878202072322F61333A20ED
:1095B000203078253038780072332F61343A2020FB
:1095C000307825303878207231322F69703A202077
:1095D000307825303878207231342F6C723A202060
:1095E0003078253038780020787073723A20203037
:1095F0007825303878004661756C74696E6720692B
:109600006E737472756374696F6E206164647265E1
:10961000737320287231352F7063293A20307825F2
:1096200030387800556E68616E646C65642049520C
:10963000516E3A202564002A2A2A2A2A204D5055A4
:10964000204641554C54202A2A2A2A2A00202053F9
:109650007461636B696E67206572726F7220286334
:109660006F6E746578742061726561206D696768DA
:1096700074206265206E6F742076616C69642900C5
:109680002020556E737461636B696E67206572721A
:109690006F720020204461746120416363657373BD
:1096A0002056696F6C6174696F6E0020204D4D46C5
:1096B000415220416464726573733A203078257892
:1096C000002020496E737472756374696F6E204157
:1096D00063636573732056696F6C6174696F6E00A4
:1096E0002020466C6F6174696E672D706F696E74AF
:1096F000206C617A7920737461746520707265736F
:109700006572766174696F6E206572726F72005750
:109710004553545F544F504449522F7A65706879CD
:10972000722F617263682F61726D2F636F72652F84
:10973000636F727465785F6D2F6661756C742E63EC
:1097400000212828285343425F54797065202A2934
:1097500020282830784530303045303030554C297D
:10976000202B20307830443030554C2920292D3E94
:10977000434653522026202831554C203C3C20287B
:109780003055202B20345529292900095374616351
:109790006B696E67206F722044617461204163635E
:1097A0006573732056696F6C6174696F6E206572A2
:1097B000726F7220776974686F7574207374616357
:1097C0006B2067756172642C20757365722D6D6FE7
:1097D0006465206F72206E756C6C2D706F696E748D
:1097E000657220646574656374696F6E0A0A002A85
:1097F0002A2A2A2A20425553204641554C54202AD1
:109800002A2A2A2A002020537461636B696E67201C
:109810006572726F720020205072656369736520F3
:109820006461746120627573206572726F720020CA
:10983000204246415220416464726573733A20307D
:10984000782578002020496D707265636973652002
:109850006461746120627573206572726F7200209A
:1098600020496E737472756374696F6E20627573CC
:10987000206572726F72002A2A2A2A2A20555341C3
:109880004745204641554C54202A2A2A2A2A00209E
:10989000204469766973696F6E206279207A6572F7
:1098A0006F002020556E616C69676E6564206D6580
:1098B0006D6F727920616363657373002020537448
:1098C00061636B206F766572666C6F772028636FBB
:1098D0006E746578742061726561206E6F74207695
:1098E000616C6964290020204E6F20636F70726F75
:1098F000636573736F7220696E73747275637469D4
:109900006F6E73002020496C6C6567616C206C6F12
:109910006164206F66204558435F52455455524E4E
:1099200020696E746F205043002020496C6C65677D
:10993000616C20757365206F6620746865204550E2
:109940005352002020417474656D707420746F2030
:109950006578656375746520756E646566696E65A6
:109960006420696E737472756374696F6E005265FA
:1099700073657276656420457863657074696F6E8F
:1099800020280053707572696F757320696E746555
:1099900072727570742028495251200053505345FB
:1099A0004C20696E20746872656164206D6F646517
:1099B00020646F6573206E6F7420696E64696361E3
:1099C0007465205053500065736620213D2028287F
:1099D000766F6964202A293029000945534620639F
:1099E0006F756C64206E6F7420626520726574728E
:1099F0006965766564207375636365737366756CFA
:109A00006C792E205368616C6C206E6576657220CF
:109A10006F636375722E0A002A2A2A2A2A20484177
:109A20005244204641554C54202A2A2A2A2A0020F2
:109A300020427573206661756C74206F6E207665A8
:109A400063746F72207461626C652072656164007A
:109A500020204465627567206576656E740020205D
:109A60004661756C7420657363616C6174696F6EB7
:109A700020287365652062656C6F77290041524329
:109A8000485F455843455054207769746820726593
:109A900061736F6E2025780A00094661756C742029
:109AA000657363616C6174696F6E20776974686F48
:109AB00075742046535220696E666F0A000948612A
:109AC00072644661756C7420776974686F75742070
:109AD0004846535220696E666F205368616C6C2053
:109AE0006E65766572206F636375720A002A2A2A92
:109AF0002A2A204465627567206D6F6E69746F72E3
:109B000020657863657074696F6E202A2A2A2A2A74
:109B1000002A2A2A2A2A20257320256429202A2A75
:109B20002A2A2A00574553545F544F504449522F14
:109B30007A65706879722F617263682F61726D2F18
:109B4000636F72652F636F727465785F6D2F6972D2
:109B5000715F6D616E6167652E63007072696F2061
:109B60003C3D20282831554C203C3C2028332929D5
:109B7000202D2031290009696E76616C696420709E
:109B800072696F7269747920256420666F7220256E
:109B90006420697271212076616C756573206D7522
:109BA0007374206265206C657373207468616E2025
:109BB000256C750A0A006D7075004661696C6564F4
:109BC00020746F20616C6C6F63617465206E6577C3
:109BD000204D505520726567696F6E2025750A000B
:109BE000506172746974696F6E2025753A207361D3
:109BF0006E69747920636865636B206661696C6562
:109C0000642E00496E76616C696420756E646572BD
:109C10006C79696E6720726567696F6E20696E6422
:109C2000657820257500574553545F544F5044497B
:109C3000522F7A65706879722F617263682F617232
:109C40006D2F636F72652F6D70752F61726D5F6D13
:109C500070752E630009436F6E6669677572696E71
:109C60006720257520737461746963204D505520F9
:109C7000726567696F6E73206661696C65640A0A54
:109C800000094D61726B696E6720257520617265F0
:109C9000617320666F722064796E616D69632072F2
:109CA0006567696F6E73206661696C65640A0A0096
:109CB000095265717565737420746F20636F6E66E9
:109CC00069677572653A20257520726567696F6EE0
:109CD000732028737570706F727465643A202575EF
:109CE000290A0A002128726567696F6E5B696478CA
:109CF0005D2E64745F617474722026202831554C87
:109D0000203C3C202830292929000952414D5F4E32
:109D10004F434143484520776974682044545F4D60
:109D2000454D5F434143484541424C452061747471
:109D30007269627574650A0A00094661696C656436
:109D400020746F20616C6C6F63617465204D505599
:109D500020726567696F6E732066726F6D20445460
:109D60000A0A00464C4153485F30005352414D5F50
:109D70003000574553545F544F504449522F7A6531
:109D8000706879722F6C69622F6E65745F62756698
:109D90002F6275662E63006275662D3E666C616784
:109DA00073203D3D203055006275662D3E66726120
:109DB0006773203D3D202828766F6964202A29306A
:109DC00029007265715F73697A65203C3D20736973
:109DD0007A6500090A0066726167006E65745F62E9
:109DE000756600574553545F544F504449522F7A7B
:109DF00065706879722F6C69622F6E65745F627529
:109E0000662F6275665F73696D706C652E630062A4
:109E100075662D3E6C656E203D3D203055006275A7
:109E2000662D3E6C656E203E3D206C656E006E6555
:109E3000745F6275665F73696D706C655F6865619C
:109E400064726F6F6D2862756629203E3D206C65D7
:109E50006E006E65745F6275665F73696D706C65C8
:109E60005F7461696C726F6F6D2862756629203E40
:109E70003D206C656E006E65745F6275665F736928
:109E80006D706C6500736F630000FFFFFFFFFFFFE5
:109E900000000000000000FFFFFFFFFFFF000000C8
:109EA0000000007075626C69630072616E646F6DB2
:109EB000007075626C69632D69640072616E646F15
:109EC0006D2D696400253032583A253032583A25D4
:109ED0003032583A253032583A253032583A253007
:109EE0003258202825732900303132333435363743
:109EF0003839616263646566004254204C572057CC
:109F0000510002FB349B5F800000800010000000C5
:109F1000000000574553545F544F504449522F7A24
:109F200065706879722F7375627379732F626C75BF
:109F300065746F6F74682F686F73742F6275662E07
:109F4000630074797065203D3D2042545F42554660
:109F50005F455654207C7C2074797065203D3D20FF
:109F600042545F4255465F41434C5F494E207C7CE2
:109F70002074797065203D3D2042545F4255465F14
:109F800049534F5F494E0009496E76616C69642000
:109F90006275666665722074797065207265717588
:109FA00065737465640A006D6574612D3E7061723D
:109FB000656E740076696577006E65745F627566BC
:109FC0005F68656164726F6F6D28706172656E7431
:109FD00029203E2030002162745F6275665F6861EF
:109FE000735F7669657728706172656E74290062A7
:109FF000745F6275660062745F6461746100436FD0
:10A00000756C64206E6F74207375626D6974207254
:10A01000785F776F726B3A20256400446174612029
:10A02000627566666572206F766572666C6F772002
:10A03000286C696E6B207479706520307825303219
:10A040007829004861726477617265206572726F69
:10A05000722C20686172647761726520636F646539
:10A060003A20256400556E61626C6520746F206C27
:10A070006F6F6B757020636F6E6E20666F722068F5
:10A08000616E646C6520257500556E61626C65209B
:10A09000746F206C6F6F6B20757020636F6E6E2015
:10A0A000776974682068616E646C65202575005559
:10A0B0006E6578706563746564207374617475731C
:10A0C0002030782530327820257300546F6F20734C
:10A0D0006D616C6C20282575206279746573292068
:10A0E0006576656E742030782530327800556E685C
:10A0F000616E646C6564206576656E7420307825C9
:10A10000303278206C656E2025753A202573004921
:10A110006E76616C6964204843492041434C20704D
:10A1200061636B65742073697A6520282575290041
:10A1300041434C2064617461206C656E67746820D3
:10A140006D69736D617463682028257520213D2039
:10A1500025752900556E61626C6520746F206669F3
:10A160006E6420636F6E6E20666F722068616E642D
:10A170006C6520257500496E76616C6964204843E2
:10A1800049206576656E742073697A652028257587
:10A190002900574553545F544F504449522F7A6514
:10A1A000706879722F7375627379732F626C75653D
:10A1B000746F6F74682F686F73742F6863695F635F
:10A1C0006F72652E630062745F6863695F657674A1
:10A1D0005F6765745F666C616773286864722D3EA3
:10A1E000657674292026202831554C203C3C2028B7
:10A1F00031292900556E6B6E6F776E20627566206F
:10A200007479706520257500556E68616E646C65A3
:10A21000642076656E646F722D737065636966691C
:10A2200063206576656E7420307825303278206C36
:10A23000656E2025753A202573004E6F20636F6D83
:10A240006D616E642073656E7420666F7220636D3D
:10A250006420636F6D706C657465203078253034D0
:10A2600078004F70436F6465203078253034782053
:10A27000636F6D706C6574656420696E737465617D
:10A2800064206F662065787065637465642030783B
:10A2900025303478002162756600657674206E750D
:10A2A0006D5F68616E646C657320283D257529209B
:10A2B000746F6F206C6172676520282575203E20C1
:10A2C000257529004E6F20636F6E6E656374696F2C
:10A2D0006E20666F722068616E646C652025750063
:10A2E0007061636B65747320636F756E74206D6944
:10A2F000736D617463680061746F6D69635F676536
:10A30000742826636F6E6E2D3E696E5F6C6C29003B
:10A31000756E6B6E6F776E006576745F666C6167E5
:10A32000732026202831554C203C3C2028302929F8
:10A3300000496E76616C696420627566207479707C
:10A3400065202575005B305D004964656E74697435
:10A350007925733A202573004964656E74697479B0
:10A360005B25645D3A202573004843493A207665B1
:10A370007273696F6E20257320283078253032780B
:10A3800029207265766973696F6E203078253034C4
:10A39000782C206D616E75666163747572657220CC
:10A3A000307825303478004C4D503A207665727301
:10A3B000696F6E2025732028307825303278292067
:10A3C0007375627665722030782530347800556E6A
:10A3D00061626C6520746F2073656E6420746F20F9
:10A3E000647269766572202865727220256429007E
:10A3F000556E61626C6520746F20616C6C6F636177
:10A4000074652062756666657200556E636C656181
:10A410007265642070656E64696E672073656E7422
:10A420005F636D6400737563636573730009636FC5
:10A430006D6D616E64206F70636F64652030782588
:10A440003034782074696D656F75740A00657272B6
:10A45000203D3D20300009436F6E74726F6C6C6557
:10A460007220756E726573706F6E736976652C20DD
:10A47000636F6D6D616E64206F70636F6465203013
:10A4800078253034782074696D656F75742077692C
:10A490007468206572722025640A006F70636F64AF
:10A4A000652030782530347820737461747573209A
:10A4B000307825303278202573004E6F6E2D4C4554
:10A4C0002063617061626C6520636F6E74726F6C83
:10A4D0006C65722064657465637465642100436F04
:10A4E0006E74726F6C6C657220646F6573206E6F32
:10A4F0007420737570706F727420274C455F5245DD
:10A5000041445F4D41585F4144565F444154415F6F
:10A510004C454E272E20417373756D696E67206D13
:10A520006178696D756D206C656E677468206973FC
:10A530002033312062797465732E0041434C2042F0
:10A54000522F4544522062756666657273206E6FA5
:10A550007420696E697469616C697A656400566516
:10A560006E646F722048434920657874656E736924
:10A570006F6E73206E6F7420617661696C61626CBE
:10A580006500485720506C6174666F726D3A2025E3
:10A5900073202830782530347829004857205661B8
:10A5A0007269616E743A2025732028307825303422
:10A5B0007829004669726D776172653A20257320AB
:10A5C00028307825303278292056657273696F6E8D
:10A5D0002025752E2575204275696C64202575002F
:10A5E0004661696C656420746F20726561642073D4
:10A5F0007570706F727465642076656E646F72201A
:10A60000636F6D6D616E6473004661696C65642093
:10A61000746F207265616420737570706F727465F9
:10A62000642076656E646F7220666561747572650C
:10A63000730048434920647269766572206973200B
:10A640006E6F742072656164790042542052582004
:10A6500057510048434920647269766572206F70D3
:10A66000656E206661696C65642028256429006533
:10A6700076742D3E737461747573203D3D2030787F
:10A680003030004E6F2070656E64696E6720636FB6
:10A690006E6E20666F7220706565722025730009EA
:10A6A0004E6F206D6F726520636163686520656E13
:10A6B000747269657320617661696C61626C652E84
:10A6C000546869732073686F756C64206E6F7420B2
:10A6D00068617070656E2062792064657369676E69
:10A6E0000A00556E657870656374656420484F5341
:10A6F000545F4E554D5F434F4D504C455445445F5C
:10A700005041434B4554532C20737461747573202E
:10A710003078253032782025730091FBFBF3F4FB71
:10A72000FBFBFBEA312E306200312E3100312E323C
:10A7300000322E3000322E3100332E3000342E30D5
:10A7400000342E3100342E3200352E3000352E31BB
:10A7500000352E3200352E3300352E3400362E30A3
:10A76000005374616E6461726420426C7565746F2D
:10A770006F746820636F6E74726F6C6C65720056D4
:10A78000656E646F722073706563696669632063C8
:10A790006F6E74726F6C6C6572004669726D776172
:10A7A0007265206C6F6164657200526573637565D4
:10A7B00020696D6167650072657365727665640016
:10A7C0006E5246353178006E5246353278006E5200
:10A7D00046353378006E524635344878006E52461E
:10A7E00035344C7800496E74656C20436F72706F1D
:10A7F000726174696F6E004E6F7264696320536595
:10A800006D69636F6E647563746F72004E5850208B
:10A8100053656D69636F6E647563746F7273006204
:10A82000745F6863695F636F726500636D64206461
:10A830006973616C6C6F776564004F6E6C79207220
:10A84000616E646F6D2073746174696320696465FF
:10A850006E746974792061646472657373207375B2
:10A8600070706F7274656400496E76616C69642003
:10A87000696E70757420706172616D657465727354
:10A88000004661696C656420746F207265616420A4
:10A890007075626C696320616464726573730052E1
:10A8A00065616420537461746963204164647265F6
:10A8B0007373657320636F6D6D616E64206E6F746A
:10A8C00020617661696C61626C65004661696C65E6
:10A8D0006420746F207265616420737461746963AD
:10A8E00020616464726573736573004E6F207374C6
:10A8F0006174696320616464726573736573207346
:10A90000746F72656420696E20636F6E74726F6C11
:10A910006C65720043616E27742073657420626FEA
:10A920007468204944454E544954592026204E52BB
:10A93000504100556E61626C6520746F20736574C0
:10A94000206964656E7469747920616464726573EA
:10A950007300556E61626C6520746F20736574209E
:10A9600072616E646F6D20616464726573730062FE
:10A97000745F696400616476206F72207363616E36
:10A9800020727370206461746120746F6F206C6139
:10A990007267652028257A75203E206D6178202514
:10A9A000752900546F6F2062696720616476657253
:10A9B000746973696E67206461746100574553540C
:10A9C0005F544F504449522F7A65706879722F73E3
:10A9D00075627379732F626C7565746F6F74682F0D
:10A9E000686F73742F6164762E630073747265618F
:10A9F0006D2D3E72656D61696E696E675F73697A10
:10AA000065203E3D20726561645F6C656E00466145
:10AA1000696C656420746F20737461727420616462
:10AA2000766572746973657200436F6E74726F6CD1
:10AA30006C65722063616E6E6F7420726573756DE4
:10AA40006520636F6E6E65637461626C652061641E
:10AA5000766572746973696E672028256429004ED3
:10AA60006F2076616C6964206164760062745F6156
:10AA7000647600574553545F544F504449522F7ADF
:10AA800065706879722F7375627379732F626C7554
:10AA900065746F6F74682F686F73742F636F6E6E59
:10AAA0002E63006362203C3D205F62745F636F6EC3
:10AAB0006E5F63625F6C6973745F656E64002162D0
:10AAC000745F6275665F6861735F76696577286F2A
:10AAD000757473696465290074780069735F6163D4
:10AAE0006C5F636F6E6E28636F6E6E2900466169DE
:10AAF0006C656420726561642072656D6F74652099
:10AB00006665617475726573202825642900466145
:10AB1000696C6564204C4520536574205048592069
:10AB200028256429006B5F63757272656E745F67B8
:10AB300065742829203D3D206B5F776F726B5F71D4
:10AB4000756575655F7468726561645F67657428B3
:10AB500074785F6E6F746966795F776F726B717509
:10AB60006575655F6765742829290009636F756CD1
:10AB7000646E2774207375626D6974202865727223
:10AB8000202564290A00556E6578706563746564D4
:10AB9000206669727374204C3243415020667261A2
:10ABA0006D6500556E6578706563746564204C3220
:10ABB00043415020636F6E74696E756174696F6E86
:10ABC000004E6F7420656E6F7567682062756666EB
:10ABD000657220737061636520666F72204C32432A
:10ABE0004150206461746100556E657870656374CE
:10ABF00065642041434C20666C616773202830787F
:10AC000025303278290041434C206C656E206D69F7
:10AC1000736D6174636820282575203E2025752991
:10AC2000006275662D3E726566203D3D203100094B
:10AC30006275662D3E7265662025640A0073203DAC
:10AC40003D206E6F64650009496E76616C69642011
:10AC5000636F6E6E656374696F6E20726566657290
:10AC6000656E63650A006F6C64203E203000094306
:10AC70006F6E6E207265666572656E636520636FC8
:10AC8000756E74657220697320300A0028756E6BCA
:10AC90006E6F776E29006E6F207472616E736974C7
:10ACA000696F6E20257300496E76616C6964202897
:10ACB000257529206F6C6420737461746500636F5F
:10ACC0006E6E202570206661696C656420746F204B
:10ACD00065737461626C6973682E205246206E6FD2
:10ACE0006973653F006E6F2076616C69642028256A
:10ACF000752920737461746520776173207365749E
:10AD000000696E636F6D70617469626C6520686163
:10AD10006E646C6520257500696E646578203E3D23
:10AD2000203020262620696E646578203C20282863
:10AD300073697A655F742920282828696E74292030
:10AD400073697A656F6628636861725B31202D20B4
:10AD500032202A202128215F5F6275696C74696E38
:10AD60005F74797065735F636F6D70617469626C35
:10AD7000655F70285F5F747970656F665F5F2861DB
:10AD8000636C5F636F6E6E73292C205F5F747970E4
:10AD9000656F665F5F28262861636C5F636F6E6E08
:10ADA00073295B305D2929295D29202D2031292037
:10ADB0002B202873697A656F662861636C5F636F07
:10ADC0006E6E7329202F2073697A656F662828615B
:10ADD000636C5F636F6E6E73295B305D292929296F
:10ADE0000009496E76616C69642062745F636F6EFE
:10ADF0006E20706F696E7465720A00216B5F6973F3
:10AE00005F696E5F697372282900556E61626C65B7
:10AE100020746F20616C6C6F63617465206275666D
:10AE20006665722077697468696E2074696D656FF4
:10AE300075740009496E76616C696420636F6E6E8B
:10AE400020747970652025750A00636F6E6E202569
:10AE5000703A206E6F7420636F6E6E656374656404
:10AE600000094E6F20636F6E74726F6C6C65722098
:10AE7000627566730A00094E6F20545820636F6E26
:10AE8000746578740A0030207C7C20286275662DF9
:10AE90003E726566203D3D20312900667261672063
:10AEA000213D202828766F6964202A29302900094D
:10AEB000496E76616C696420636F6E6E6563746958
:10AEC0006F6E20747970652025750A004661746183
:10AED0006C206572726F7220282564292E204469C7
:10AEE00073636F6E6E656374696E672025700046CC
:10AEF0006F756E642076616C696420636F6E6E6539
:10AF00006374696F6E202825702920776974682022
:10AF10006164647265737320257320696E202573E4
:10AF2000207374617465200053656E64204C452065
:10AF3000706172616D20757064617465206661690D
:10AF40006C65642028657272202564290053656E43
:10AF500064206175746F204C4520706172616D20B2
:10AF6000757064617465206661696C65642028652C
:10AF700072722025642900646973636F6E6E656365
:10AF800074656400646973636F6E6E6563742D63CA
:10AF90006F6D706C657465007363616E2D626566BC
:10AFA0006F72652D696E6974696174696E67006995
:10AFB0006E6974696174696E672D66696C74657217
:10AFC0002D6C697374006164762D636F6E6E6563BA
:10AFD0007461626C65006164762D6469722D636FC3
:10AFE0006E6E65637461626C6500646973636F6E35
:10AFF0006E656374696E670062745F636F6E6E0086
:10B00000556E61626C6520746F20616C6C6F63615A
:10B0100074652062756666657220666F72206F7057
:10B0200020307825303278004E6F20617661696C6F
:10B0300061626C65204C3243415020636F6E7465D1
:10B04000787420666F7220636F6E6E2025700057D3
:10B050004553545F544F504449522F7A6570687974
:10B06000722F7375627379732F626C7565746F6F6D
:10B0700074682F686F73742F6C326361702E630075
:10B0800073203D3D20266C655F6368616E2D3E5FD9
:10B090007064755F7265616479006F6C64006663EB
:10B0A00068616E203C3D205F62745F6C326361704A
:10B0B0005F66697865645F6368616E5F6C6973740D
:10B0C0005F656E6400457870656374696E672075AE
:10B0D0007020746F20256420726566732C20676F62
:10B0E0007420256400616C72656164792068617602
:10B0F000652076696577206F6E2025700062203D9F
:10B100003D2070647500546F6F20736D616C6C200E
:10B110004C32434150207369676E616C696E6720E1
:10B12000504455004C32434150206C656E67746842
:10B13000206D69736D617463682028257520213D39
:10B140002025752900496E76616C69642069646503
:10B150006E742076616C756520696E204C324341B7
:10B16000502050445500546F6F20736D616C6C20FB
:10B170004C4520636F6E6E20706172616D2072733A
:10B18000700052656A656374696E6720756E6B6ED8
:10B190006F776E204C324341502050445520636FEE
:10B1A00064652030782530327800546F6F20736DDD
:10B1B000616C6C204C3243415020504455207265E4
:10B1C0006365697665640049676E6F72696E6720B2
:10B1D0006461746120666F7220756E6B6E6F776E3E
:10B1E000206368616E6E656C20494420307825309C
:10B1F000347800636F6E6669670062745F6C3263F7
:10B20000617000556E61626C6520746F20637265B9
:10B2100061746520555549443A2073697A65202543
:10B220007500556E61626C6520746F206372656194
:10B23000746520555549443A2073697A6520256420
:10B24000004E6F20617661696C61626C65204154CB
:10B250005420636F6E7465787420666F7220636F1C
:10B260006E6E202570004E6F20617661696C6162A0
:10B270006C6520415454206368616E6E656C206675
:10B280006F7220636F6E6E202570004E6F742063A6
:10B290006F6E6E656374656400556E61626C6520E7
:10B2A000746F2066696E6420415454206368616E37
:10B2B0006E656C00415454206368616E6E656C204D
:10B2C0006E6F7420636F6E6E6563746564005745BE
:10B2D00053545F544F504449522F7A6570687972C5
:10B2E0002F7375627379732F626C7565746F6F74E9
:10B2F000682F686F73742F6174742E63006E6574A9
:10B300005F6275665F706F6F6C5F676574286275EA
:10B31000662D3E706F6F6C5F696429203D3D20266D
:10B320006174745F706F6F6C006275662D3E6C6542
:10B330006E203E3D2073697A656F6628737472755E
:10B3400063742062745F6174745F6864722900457D
:10B3500072726F72207369676E696E6720646174C0
:10B36000610052616E206F7574206F662054582002
:10B3700062756666657273206F7220636F6E7465A6
:10B380007874732E006368616E007265712D3E667D
:10B39000756E6300216368616E2D3E7265710047B2
:10B3A0006F74206572722025642C206E6F74206388
:10B3B000616C6C696E6720415454206362000955CA
:10B3C0006E6B6E6F776E206F7020747970652030B1
:10B3D00078253032580A00415454204D5455206588
:10B3E000786365656465642C206D61782025752C13
:10B3F0002077616E74656420257A7500546F6F2024
:10B40000736D616C6C20415454205044552072651A
:10B4100063656976656400556E68616E646C656429
:10B420002041545420636F64652030782530327891
:10B4300000496E76616C6964206C656E202575200C
:10B44000666F7220636F6465203078253032780033
:10B450004E6F20415454206368616E6E656C2066A7
:10B460006F72204D545520257A75004E6F207065FF
:10B470006E64696E672041545420726571756573FE
:10B4800074004154542054696D656F757420666F63
:10B4900072206465766963652025732E2044697384
:10B4A000636F6E6E656374696E672E2E2E0044693D
:10B4B00073636F6E6E656374696E67206661696C35
:10B4C00065642028657272202564290062745F61BA
:10B4D0007474004E6F20737061636520746F207305
:10B4E000746F7265204343432063666700434D4198
:10B4F0004320757064617465206661696C656400E1
:10B50000756E61626C6520746F207361766520537F
:10B51000433A206E6F20636667206C656674004E48
:10B520006F20737061636520746F2073746F726530
:10B5300020436C69656E7420537570706F7274650A
:10B540006420466561747572657300574553545F96
:10B55000544F504449522F7A65706879722F737531
:10B56000627379732F626C7565746F6F74682F687E
:10B570006F73742F676174742E63007374617469E0
:10B58000635F737663203C3D205F62745F67617424
:10B59000745F736572766963655F73746174696300
:10B5A0005F6C6973745F656E6400434D4143207343
:10B5B00065747570206661696C656400434D414334
:10B5C0002066696E697368206661696C656400094C
:10B5D000696E76616C696420706172616D65746515
:10B5E000720A0A006174747200094E6F206D6F72E6
:10B5F0006520617474726962757465730A0A004C1F
:10B60000696E6B206973206E6F7420656E6372794A
:10B610007074656400446576696365206973206EA3
:10B620006F74207375627363726962656420746FEE
:10B630002063686172616374657269737469630021
:10B640004E6F2062756666657220617661696C6115
:10B65000626C6520746F2073656E6420696E646926
:10B66000636174696F6E00706172616D7300096966
:10B670006E76616C696420706172616D657465726B
:10B68000730A0A00706172616D732D3E6174747289
:10B69000207C7C20706172616D732D3E75756964CC
:10B6A000002161746F6D69635F746573745F6269B3
:10B6B000742873632D3E666C6167732C2053435F5F
:10B6C000494E4449434154455F50454E44494E47D5
:10B6D000290009496E64696361746520616C726553
:10B6E0006164792070656E64696E670A0043434344
:10B6F000202570206E6F74207772697461626C65AA
:10B7000000534320726573746F726520696E6469BB
:10B71000636174696F6E206661696C6564004E6F69
:10B720002062756666657220617661696C61626C23
:10B730006520746F2073656E64206E6F746966692E
:10B74000636174696F6E0062742F63636300627477
:10B750005F67617474004E6F20617661696C61622D
:10B760006C6520534D5020636F6E7465787420664D
:10B770006F7220636F6E6E2025700062745F736D50
:10B78000700063616368655F6E7266780057455349
:10B79000545F544F504449522F7A65706879722F24
:10B7A000647269766572732F636C6F636B5F636F2E
:10B7B0006E74726F6C2F636C6F636B5F636F6E740C
:10B7C000726F6C5F6E72662E630074797065203CD8
:10B7D00020434C4F434B5F434F4E54524F4C5F4EB0
:10B7E00052465F545950455F434F554E5400636C69
:10B7F0006F636B40313065303030006866636C6B6E
:10B80000006C66636C6B00636C6F636B5F636F6E81
:10B8100074726F6C00656E74726F70795F62745FC2
:10B82000686369007073612D726E670057455354E9
:10B830005F544F504449522F7A65706879722F696E
:10B840006E636C7564652F7A65706879722F6472A7
:10B8500069766572732F6770696F2F6770696F5FA4
:10B860007574696C732E680063616C6C6261636BE4
:10B8700000094E6F2063616C6C6261636B210A008A
:10B8800063616C6C6261636B2D3E68616E646C65B4
:10B890007200094E6F2063616C6C6261636B20689B
:10B8A000616E646C6572210A00574553545F544FB2
:10B8B000504449522F6D6F64756C65732F68616CCD
:10B8C0002F6E6F726469632F6E7266782F68616C79
:10B8D0002F6E72665F6770696F2E68006E72665FAA
:10B8E0006770696F5F70696E5F70726573656E74A3
:10B8F0005F636865636B282A705F70696E29005703
:10B900004553545F544F504449522F7A65706879BB
:10B91000722F647269766572732F6770696F2F6713
:10B9200070696F5F6E7266782E6300657272203D7B
:10B930003D204E5246585F53554343455353006391
:10B94000622D3E68616E646C6572006770696F405D
:10B95000313061303030006770696F4064383230A8
:10B9600030006770696F40353034303000000104BA
:10B9700005020608090F7561727440633630303075
:10B9800000756172745F6E7266785F75617274655E
:10B9900000574553545F544F504449522F7A6570B5
:10B9A0006879722F647269766572732F74696D6538
:10B9B000722F6E72665F677274635F74696D657211
:10B9C0002E63002828282831554C203C3C20283064
:10B9D0002929207C202831554C203C3C2028312925
:10B9E00029207C202831554C203C3C202832292914
:10B9F000207C202831554C203C3C2028332929200C
:10BA00007C202831554C203C3C2028342929207C9E
:10BA1000202831554C203C3C2028352929207C20E9
:10BA20002831554C203C3C2028362929207C2028D0
:10BA300031554C203C3C2028372929207C202831B6
:10BA4000554C203C3C2028382929207C2028315581
:10BA50004C203C3C2028392929207C202831554C79
:10BA6000203C3C202831302929207C202831554C8D
:10BA7000203C3C202831312929292026207E2828D5
:10BA800031554C203C3C2028332929207C2028316A
:10BA9000554C203C3C2028342929207C2028315535
:10BAA0004C203C3C2028372929207C202831554C2B
:10BAB000203C3C2028382929207C202831554C2046
:10BAC0003C3C2028392929207C202831554C203C19
:10BAD0003C202831302929207C202831554C203C1D
:10BAE0003C20283131292929292026202831554C6C
:10BAF000203C3C20286368616E29292920262620C5
:10BB000028286368616E2920213D2073797374654C
:10BB10006D5F636C6F636B5F6368616E6E656C5FB6
:10BB2000646174612E6368616E6E656C29005745AF
:10BB300053545F544F504449522F6E72662F7375A1
:10BB4000627379732F626C7565746F6F74682F639D
:10BB50006F6E74726F6C6C65722F6863695F64726C
:10BB6000697665722E630009536F66744465766961
:10BB7000636520436F6E74726F6C6C657220415305
:10BB8000534552543A2025732C2025640A0A005745
:10BB90004553545F544F504449522F7A6570687929
:10BBA000722F696E636C7564652F7A65706879723F
:10BBB0002F647269766572732F656E74726F707917
:10BBC0002E68006170692D3E6765745F656E7472E2
:10BBD0006F707920213D202828766F6964202A29FA
:10BBE0003029000943616C6C6261636B20706F697E
:10BBF0006E7465722073686F756C64206E6F74204C
:10BC00006265204E554C4C0A000954686520656EEB
:10BC100074726F707920736F7572636520726574CA
:10BC200075726E656420616E206572726F72206934
:10BC30006E206120626C6F636B696E672063616C5C
:10BC40006C0A00416C6C6F6361746564206D656D96
:10BC50006F727920746F6F206C6F773A2025752092
:10BC60003C20257500536F667444657669636520D2
:10BC7000436F6E74726F6C6C6572206275696C6470
:10BC8000207265766973696F6E3A2000456E747232
:10BC90006F707920736F7572636520646576696370
:10BCA00065206E6F74207265616479004661696C0D
:10BCB000656420746F2072656769737465722072A1
:10BCC000616E6420736F7572636520282564290096
:10BCD000574553545F544F504449522F6E72662F4C
:10BCE000696E636C7564652F6D70736C2F6D707306
:10BCF0006C5F776F726B2E6800096B5F776F726B8A
:10BD00005F7375626D69745F746F5F71756575657A
:10BD10002829206661696C65642E0A004576656E87
:10BD2000742062756666657220746F6F20736D6132
:10BD30006C6C2E202575203E202575004E6F2065E9
:10BD400076656E74206275666665722061766169DB
:10BD50006C61626C65004E6F206461746120627575
:10BD60006666657220617661696C61626C6500551A
:10BD70006E6578706563746564206D73675F747950
:10BD800070653A2025752E20546869732069662DE8
:10BD9000656C7365206E656564732061206E6577E0
:10BDA000206272616E63680062745F6863695F73CA
:10BDB00064630062745F7364635F6863695F647285
:10BDC000697665720062745F7364635F6372797031
:10BDD000746F00574553545F544F504449522F7A63
:10BDE00065706879722F696E636C7564652F7A650A
:10BDF000706879722F7379732F627974656F7264CA
:10BE000065722E6800282870737263203C2070646D
:10BE10007374202626202870737263202B206C6593
:10BE20006E67746829203C3D207064737429207CFF
:10BE30007C202870737263203E2070647374202607
:10BE400026202870647374202B206C656E677468DC
:10BE500029203C3D207073726329290009536F75B6
:10BE600072636520616E642064657374696E6174C9
:10BE7000696F6E2062756666657273206D75737486
:10BE8000206E6F74206F7665726C61700A00707539
:10BE9000626C6963206B6579206973206E6F742012
:10BEA00076616C69642028657272202564290055CA
:10BEB0006E6B6E6F776E20636F6D6D616E64003FA9
:10BEC00049F6D4A3C55F3874C9B3E3D2103F504AD2
:10BED000FF607BEB40B7995899B8A6CD3C1ABD627C
:10BEE000745F7364635F6563646800574553545FB0
:10BEF000544F504449522F6E72662F737562737996
:10BF0000732F6D70736C2F696E69742F6D70736C05
:10BF10005F696E69742E6300094D50534C20415384
:10BF2000534552543A2025732C2025640A0A006593
:10BF30007272636F6465203D3D203000096B5F774E
:10BF40006F726B5F7363686564756C655F666F7253
:10BF50005F71756575652829206661696C65642E59
:10BF60000A004D50534C20576F726B006D70736C0C
:10BF70005F696E697400574553545F544F5044498C
:10BF8000522F6E72662F647269766572732F6D70B0
:10BF9000736C2F636C6F636B5F636F6E74726F6C27
:10BFA0002F6E7266785F636C6F636B5F6D70736C1E
:10BFB0002E6300094E6F7420737570706F72746514
:10BFC000640A00574553545F544F504449522F6DF3
:10BFD0006F64756C65732F68616C2F6E6F72646926
:10BFE000632F6E7266782F68616C2F6E72665F6762
:10BFF00070696F74652E6800696E646578203C20F6
:10C000003800574553545F544F504449522F6D6F79
:10C0100064756C65732F68616C2F6E6F72646963F1
:10C020002F6E7266782F647269766572732F7372E1
:10C03000632F6E7266785F6770696F74652E630038
:10C040006E7266795F6770696F5F70696E5F70723C
:10C050006573656E745F636865636B2870696E29CC
:10C060000070696E5F69735F696E70757428705FC8
:10C07000696E7374616E63652C2070696E2900703F
:10C08000696E5F6861735F74726967676572287053
:10C090005F696E7374616E63652C2070696E290030
:10C0A000705F6368616E6E656C00696E745F656E6B
:10C0B00061626C65000007182323232323232323B5
:10C0C0002323232323000102574553545F544F5029
:10C0D0004449522F6D6F64756C65732F68616C2FC6
:10C0E0006E6F726469632F6E7266782F68616C2F51
:10C0F0006E72665F677274632E680076616C756538
:10C10000203C3D202828307846464646554C203C69
:10C110003C202830554C2929203E3E202830554CC3
:10C1200029290076616C7565203C3D2028283078EF
:10C130004646554C203C3C202830554C2929203E71
:10C140003E202830554C29290063635F6368616E87
:10C150006E656C203C20283132554C2900574553E0
:10C16000545F544F504449522F6D6F64756C657322
:10C170002F68616C2F6E6F726469632F6E726678C0
:10C180002F647269766572732F7372632F6E726695
:10C19000785F677274632E6300705F6368616E5FBF
:10C1A00064617461006D5F63622E737461746520F5
:10C1B0003D3D204E5246585F4452565F53544154C1
:10C1C000455F494E495449414C495A454400705FC6
:10C1D000636F756E74657200705F6D61696E5F6329
:10C1E000635F6368616E6E656C006D5F63622E6392
:10C1F00068616E6E656C5F646174615B305D2E6357
:10C2000068616E6E656C203D3D2030006D5F63623D
:10C210002E737461746520213D204E5246585F4450
:10C2200052565F53544154455F554E494E49544907
:10C23000414C495A45440063635F68203C3D2028D7
:10C2400030784646464646554C203C3C20283055E2
:10C250004C292900574553545F544F504449522F9D
:10C260007A65706879722F6B65726E656C2F646584
:10C27000766963652E6300646576203C3D205F64CB
:10C2800065766963655F6C6973745F656E640048A9
:10C29000616C74696E672073797374656D00556E97
:10C2A0006B6E6F776E206572726F72003E3E3E203D
:10C2B0005A455048595220464154414C204552520B
:10C2C0004F522025643A202573206F6E204350552D
:10C2D000202564004661756C7420647572696E6710
:10C2E00020696E746572727570742068616E646C1A
:10C2F000696E670A0043757272656E7420746872A5
:10C300006561643A2025702028257329005745531C
:10C31000545F544F504449522F7A65706879722F98
:10C320006B65726E656C2F666174616C2E63007252
:10C330006561736F6E20213D204B5F4552525F4B0C
:10C3400045524E454C5F50414E494300094174747B
:10C35000656D7074656420746F207265636F7665B7
:10C36000722066726F6D2061206B65726E656C2045
:10C3700070616E696320636F6E646974696F6E0AC1
:10C380000043505520657863657074696F6E005581
:10C390006E68616E646C656420696E746572727536
:10C3A000707400537461636B206F766572666C6F96
:10C3B00077004B65726E656C206F6F7073004B6514
:10C3C000726E656C2070616E696300574553545FEF
:10C3D000544F504449522F7A65706879722F6B65BB
:10C3E000726E656C2F696E69742E63007468726575
:10C3F00061645F64617461203C3D205F5F737461C0
:10C400007469635F7468726561645F646174615FBD
:10C410006C6973745F656E640069646C65006D615E
:10C42000696E006F7300574553545F544F50444931
:10C43000522F7A65706879722F6B65726E656C2FFA
:10C440006B686561702E630068656170203C3D20FB
:10C450005F6B5F686561705F6C6973745F656E6464
:10C460000021617263685F69735F696E5F697372EF
:10C470002829207C7C20282874696D656F757429B3
:10C480002E7469636B73203D3D202828286B5F74F0
:10C49000696D656F75745F7429207B307D29292E45
:10C4A0007469636B732900574553545F544F50446C
:10C4B00049522F7A65706879722F6B65726E656C60
:10C4C0002F6D656D5F736C61622E6300736C6162CA
:10C4D000203C3D205F6B5F6D656D5F736C61625FDB
:10C4E0006C6973745F656E640028736C61622D3EC5
:10C4F000667265655F6C697374203D3D20282876FF
:10C500006F6964202A29302920262620736C6162F5
:10C510002D3E696E666F2E6E756D5F757365642056
:10C520003D3D20736C61622D3E696E666F2E6E75A7
:10C530006D5F626C6F636B7329207C7C20736C6110
:10C54000625F7074725F69735F676F6F6428736C8A
:10C5500061622C20736C61622D3E667265655F6C52
:10C56000697374290009736C616220636F7272755C
:10C570007074696F6E2064657465637465640A0025
:10C58000736C61625F7074725F69735F676F6F6411
:10C5900028736C61622C206D656D290009496E76E7
:10C5A000616C6964206D656D6F727920706F696E62
:10C5B0007465722070726F76696465640A0057450D
:10C5C00053545F544F504449522F7A6570687972C2
:10C5D0002F6B65726E656C2F69646C652E63005FEE
:10C5E0006B65726E656C2E637075735B305D2E6368
:10C5F000757272656E742D3E626173652E7072691C
:10C600006F203E3D203000574553545F544F5044F7
:10C6100049522F7A65706879722F6B65726E656CFE
:10C620002F6D757465782E630021617263685F6990
:10C63000735F696E5F697372282900096D7574658F
:10C640007865732063616E6E6F7420626520757308
:10C65000656420696E7369646520495352730A00EA
:10C660006D757465782D3E6C6F636B5F636F756E6F
:10C6700074203E20305500574553545F544F50446A
:10C6800049522F7A65706879722F6B65726E656C8E
:10C690002F73656D2E63002828617263685F69736C
:10C6A0005F696E5F6973722829203D3D2030292023
:10C6B0007C7C20282874696D656F7574292E7469D7
:10C6C000636B73203D3D202828286B5F74696D657E
:10C6D0006F75745F7429207B307D29292E746963FE
:10C6E0006B73292900737973776F726B71005745EB
:10C6F00053545F544F504449522F7A657068797291
:10C700002F6B65726E656C2F776F726B2E6300777F
:10C710006F726B2D3E717565756520213D2028284F
:10C72000766F6964202A29302900776F726B2D3E5D
:10C7300068616E646C657220213D202828766F69DF
:10C7400064202A2930290021666C61675F74657353
:10C75000742826776F726B2D3E666C6167732C2090
:10C760004B5F574F524B5F44454C415941424C45FA
:10C770005F424954290073796E6320213D202828A7
:10C78000766F6964202A2930290071756575650006
:10C79000737461636B0021666C61675F74657374A9
:10C7A000282671756575652D3E666C6167732C2052
:10C7B0004B5F574F524B5F51554555455F53544161
:10C7C000525445445F424954290064776F726B208C
:10C7D000213D202828766F6964202A2930290057B6
:10C7E0004553545F544F504449522F7A65706879CD
:10C7F000722F6B65726E656C2F7468726561642E42
:10C800006300282828287072696F2929203D3D205F
:10C810003135202626207A5F69735F69646C655F15
:10C820007468726561645F656E7472792828656EDC
:10C83000747279292929207C7C20282828313520E8
:10C840002D203129203E3D2028282D313629292927
:10C850002026262028287072696F2929203E3D2035
:10C8600028282D313629292026262028287072696B
:10C870006F2929203C3D20283135202D20312929C0
:10C88000290009696E76616C6964207072696F7243
:10C8900069747920282564293B20616C6C6F776569
:10C8A000642072616E67653A20256420746F2025CC
:10C8B000640A000954687265616473206D617920AF
:10C8C0006E6F7420626520637265617465642069AF
:10C8D0006E20495352730A00574553545F544F50CA
:10C8E0004449522F7A65706879722F6B65726E6554
:10C8F0006C2F696E636C7564652F6B74687265610B
:10C90000642E68005F6B65726E656C2E6370757364
:10C910005B305D2E63757272656E7420213D202838
:10C9200028766F6964202A29302900574553545FBF
:10C93000544F504449522F7A65706879722F6B6555
:10C94000726E656C2F73636865642E6300217A5F75
:10C9500069735F69646C655F7468726561645F6F59
:10C96000626A65637428746872656164290074681A
:10C97000726561642D3E626173652E70656E6465DB
:10C98000645F6F6E00217465726D696E617465001D
:10C990000961626F72746564205F63757272656E9F
:10C9A00074206261636B2066726F6D2064656164E0
:10C9B0000A0073697A656F66285F73636865645FF0
:10C9C0007370696E6C6F636B29203D3D2030207C55
:10C9D0007C206C6F636B20213D20265F736368654C
:10C9E000645F7370696E6C6F636B00574553545F7F
:10C9F000544F504449522F7A65706879722F6B6595
:10CA0000726E656C2F696E636C7564652F6B7363F2
:10CA10006865642E68005F6B65726E656C2E63706E
:10CA200075735B305D2E63757272656E742D3E6238
:10CA30006173652E73636865645F6C6F636B6564B7
:10CA400020213D203155005F6B65726E656C2E6351
:10CA50007075735B305D2E63757272656E742D3EFA
:10CA6000626173652E73636865645F6C6F636B6589
:10CA70006420213D20305500217A5F69735F74681E
:10CA8000726561645F73746174655F736574285F58
:10CA90006B65726E656C2E637075735B305D2E63B3
:10CAA000757272656E742C20282831554C203C3CE0
:10CAB00020283429292929000961626F7274696E5E
:10CAC0006720657373656E7469616C207468726544
:10CAD00061642025700A00574553545F544F5044F9
:10CAE00049522F7A65706879722F6B65726E656C2A
:10CAF0002F74696D65736C6963696E672E630028B6
:10CB00002874696D656F757429202626202828757C
:10CB1000696E747074725F74292028736C69636520
:10CB20005F74696D656F7574732929203C3D2028F9
:10CB30002875696E747074725F7429202874696D29
:10CB4000656F7574292920262620282875696E743A
:10CB50007074725F7429202874696D656F7574290B
:10CB600029203C20282875696E747074725F7429BE
:10CB700020282628736C6963655F74696D656F751D
:10CB80007473295B282873697A655F7429202828C3
:10CB900028696E74292073697A656F6628636861F5
:10CBA000725B31202D2032202A202128215F5F62F4
:10CBB00075696C74696E5F74797065735F636F6DAE
:10CBC00070617469626C655F70285F5F747970650D
:10CBD0006F665F5F28736C6963655F74696D656F0D
:10CBE000757473292C205F5F747970656F665F5F61
:10CBF000282628736C6963655F74696D656F757449
:10CC000073295B305D2929295D29202D20312920B8
:10CC10002B202873697A656F6628736C6963655F7A
:10CC200074696D656F75747329202F2073697A6537
:10CC30006F662828736C6963655F74696D656F75CD
:10CC40007473295B305D292929295D29292026262D
:10CC50002028282875696E747074725F74292028E2
:10CC600074696D656F75742929202D2028287569D0
:10CC70006E747074725F74292028736C6963655FC9
:10CC800074696D656F75747329292920252073696E
:10CC90007A656F662828736C6963655F74696D6572
:10CCA0006F757473295B305D29203D3D203029006C
:10CCB000574553545F544F504449522F7A6570681A
:10CCC00079722F6B65726E656C2F74696D656F7507
:10CCD000742E6300217379735F646E6F64655F699E
:10CCE000735F6C696E6B65642826746F2D3E6E6F82
:10CCF00064652900574553545F544F504449522F9F
:10CD00007A65706879722F6B65726E656C2F706FC3
:10CD10006C6C2E63006576656E742D3E73656D20B8
:10CD2000213D202828766F6964202A2930290009AE
:10CD3000696E76616C69642073656D6170686F728D
:10CD4000650A0A006576656E742D3E7175657565B8
:10CD500020213D202828766F6964202A2930290067
:10CD600009696E76616C69642071756575650A0A7A
:10CD7000006576656E742D3E7369676E616C202167
:10CD80003D202828766F6964202A29302900096906
:10CD90006E76616C696420706F6C6C207369676E6D
:10CDA000616C0A0A006576656E742D3E6D7367715D
:10CDB00020213D202828766F6964202A2930290007
:10CDC00009696E76616C6964206D6573736167656E
:10CDD0002071756575650A0A0009696E76616C696E
:10CDE00064206576656E7420747970650A0A005750
:10CDF0004553545F544F504449522F7A65706879B7
:10CE0000722F6B65726E656C2F6D656D706F6F6CD8
:10CE10002E6300616C69676E203D3D2030207C7C74
:10CE200020282875696E747074725F74296D656D41
:10CE300020262028616C69676E202D203129292049
:10CE40003D3D203000096D6973616C69676E6564F2
:10CE5000206D656D6F7279206174202570202861C6
:10CE60006C69676E203D20257A75290A006372611E
:10CE700063656E00574553545F544F504449522FD9
:10CE80006E72662F7375627379732F6E72665F733D
:10CE9000656375726974792F7372632F6472697632
:10CEA0006572732F63726163656E2F737873796D2A
:10CEB00063727970742F7372632F706C6174666F14
:10CEC000726D2F626172656D6574616C2F696E742D
:10CED000657272757074732E630009556E68616EA9
:10CEE000646C656420696E746572727570742E204E
:10CEF0000A00574553545F544F504449522F6E72A5
:10CF0000662F7375627379732F6E72665F736563D4
:10CF100075726974792F7372632F7574696C732FCE
:10CF20006E72665F73656375726974795F6D75742F
:10CF3000657865732E6300726574203D3D20300076
:10CF4000574553545F544F504449522F7A65706887
:10CF500079722F6B65726E656C2F6576656E747372
:10CF60002E63008C085997976BE1DE80E5FDF6B4DF
:10CF700058FF37D96DE55800FCFF7FFCFFFFFFFF2E
:10CF8000FF1F00FFC1FBE84C90728BE7B351896330
:10CF9000AB232300647261676F6F6E2F6C696273DD
:10CFA0002F7363686564756C696E672F7372632F86
:10CFB00072656D5F68616C5F6576656E745F7469DC
:10CFC0006D65725F677274632E6300286E756C6C9A
:10CFD00029002A666C6F61742A000000FFFFFFFFC2
:10CFE000FF1F00001F000000000000007FFE000087
:10CFF000E4070000DD50000000000000FFFFFFFF1D
:10D000001FFF0000BAABBABA10101010A0354D00C7
:10D01000FF000000C4090000010000000000000043
:10D020000050085000000000000000000C0000004C
:10D0300000FF7F0000000000000000000000000072
:10D0400000000000391F00003D27000025200000DF
:10D05000751E00000000000000000000000000003D
:10D0600000000000000000000000000000000000C0
:10D0700000000000000000000000000000000000B0
:10D08000E5410000000000002FEC0000000000005F
:10D0900077EC0000000000002142000000000000CA
:10D0A0007BEC000000000000000000000000000019
:10D0B0000000000000000000000000000000000070
:10D0C0000000000000000000000000000000000060
:10D0D0000000000000000000000000000000000050
:10D0E0000000000000000000000000000000000040
:10D0F0000000000000000000000000000000000030
:10D10000000000000000000000000000000000001F
:10D11000000000000000000000000000000000000F
:10D1200000000000000000000000000000000000FF
:10D1300000000000000000000000000000000000EF
:10D1400000000000000000000000000000000000DF
:10D1500000000000000000000000000000000000CF
:10D1600000000000000000000000000000000000BF
:10D1700000000000000000000000000000000000AF
:10D18000000000000000000000000000000000009F
:10D19000000000000000000000000000000000008F
:10D1A000000000000000000000000000000000007F
:10D1B000000000000000000000000000000000006F
:10D1C000000000000000000000000000000000005F
:10D1D000000000000000000000000000000000004F
:10D1E000000000000000000000000000000000003F
:10D1F000000000000000000000000000000000002F
:10D20000000000000000000000000000000000001E
:10D21000000000000000000000000000000000000E
:10D2200000000000000000000000000000000000FE
:10D2300000000000000000000000000000000000EE
:10D2400000000000000000000000000000000000DE
:10D2500000000000000000000000000000000000CE
:10D2600000000000000000000000000000000000BE
:10D2700000000000000000000000000000000000AE
:10D28000000000000000000000000000000000009E
:10D29000000000000000000000000000000000008E
:10D2A000000000000000000000000000000000007E
:10D2B000000000000000000000000000000000006E
:10D2C000000000000000000000000000000000005E
:10D2D000000000000000000000000000000000004E
:10D2E000000000000000000000000000000000003E
:10D2F0007D650000956700004D670000B1070100E3
:10D30000F5750000C17300009973000039620000D8
:10D31000AB070100C1080100E97A0000F9620000D2
:10D32000A5760000340300201C0300201403002015
:10D3300000000000000000000000000000000000ED
:10D3400000000000000000000000000000000000DD
:10D3500000000000000000000000000000000000CD
:10D3600000000000000000000000000000000000BD
:10D3700000000000000000000000000000000000AD
:10D380000000000000000000B00300205D0F01005D
:10D39000630F0100650F01008F0F0100690F01008D
:10D3A000990F01006F0F0100A50F0100750F01001B
:10D3B000AB0F0100770F0100850F0100890F0100FD
:10D3C0007B0F0100810F0100950F01009F0F0100ED
:10D3D000707202000100010101030000FF00FF0262
:10D3E0000000000000000000020060007C00E0017E
:10D3F000030000000000000000000000000000002A
:10D40000000000000000000000000000000000001C
:10D41000000000000000000000000000000000000C
:10D4200000000000000000000000000000000000FC
:10D4300000000000000000000000000000000000EC
:10D4400000000000000000000000000000000000DC
:10D4500000000000000000000000000000000000CC
:10D4600000000000000000000000000000000000BC
:10D4700000000000000000000000000000000000AC
:10D48000000000000000000000000000000000009C
:10D490005D5E0100000000000000000000000000D0
:10D4A000000000000000000000000000000000007C
:10D4B000000000000000000000000000000000006C
:10D4C000000000000000000000000000000000005C
:10D4D000000000000000000000000000000000004C
:10D4E000000000000000000000000000000000003C
:10D4F000000000000000000000000000000000002C
:10D50000000000000000000000000000000000001B
:10D51000000000000000000000000000000000000B
:10D5200000000000000000000000000000000000FB
:10D53000000000000000000000000000DC610200AC
:10D540000000000000000000FDCA01000000000013
:10D5500000010000000000000000000000000000CA
:10D5600000000000000000000000000000000000BB
:10D57000000000005133020073340200E072020028
:10D5800000000000000000009D3B020000000000C1
:10D590000000000000000000913E020000000000BA
:10D5A0000000000000000000F54C01000000000039
:10D5B0000000000000000000A97C01000000000045
:10D5C0000000000000000000D9740100000000000D
:10D5D00000000000F8050020F80500200000000011
:10D5E00000000000558C0100759B01000000000048
:10D5F000000000000000000021930100354B0200F4
:10D60000674A0200D58A010000000000488C020031
:10D6100000000200548C020000000A00648C02002A
:10D6200000002000000000000000000000000000DA
:10D6300000000000AB4E020000000000788C0200E9
:10D6400000000200848C020000000200908C0200A6
:10D6500000000200B9B8010000000000FF00000057
:10D660000090D00300000000000000000000000057
:10D6700000000000000000000000000000000000AA
:10D68000000000000000000000000000000000009A
:10D69000000000000000000000000000000000008A
:10D6A000000000000000000000000000000000007A
:10D6B0000000000000000000000000000800000062
:10D6C000FF00000000000000020000000000000059
:10D6D000000000000000000000000000000000004A
:10D6E000000000000000000000000000000000003A
:10D6F000000000000000000000000000000000002A
:10D700000000000000000000000000000000000019
:10D710000000000000000000000000000000000009
:10D720000000000000000000040000000F000000E6
:10D7300000000000010000000000000000000000E8
:10D740006700000000000000000000000000000072
:10D7500000000000000000000000000000000000C9
:10D7600000000000000000000000000000000000B9
:10D7700000000000000000000000000000000000A9
:10D780000000000000000000000000000000000099
:10D79000B4070020B40700204B5C02007360020055
:10D7A00067742000D4090020FC090020E80900204B
:10D7B000740A0020640A0020CD5E0200D15E0200DF
:10D7C000020106610001260348001E000D00003C16
:10D7D00000000A020106610001260348001E000D38
:10D7E00000003C00000A0201066100012603480017
:10D7F0001E000D00003C00000A0201066100012627
:10D800000348001E000D00003C00000A02010661F2
:10D810000001260348001E000D00003C00000A0223
:10D820000106610001260348001E000D00003C00B7
:10D83000000A020106610001260348001E000D00D7
:10D84000003C00000A020106610001260348001E98
:10D85000000D00003C00000A0201066100012603E1
:10D8600048001E000D00003C00000A020106610095
:10D8700001260348001E000D00003C00000A0201C2
:10D8800006610001260348001E000D00003C000058
:10D890000A020106610001260348001E000D000077
:10D8A0003C00000A020106610001260348001E0038
:10D8B0000D00003C00000A02010661000126034839
:10D8C000001E000D00003C00000A0201066100017C
:10D8D000260348001E000D00003C00000A0201065D
:10D8E000610001260348001E000D00003C00000AF4
:10D8F000020106610001260348001E000D00003CE5
:10D9000000000A020106610001260348001E000D06
:10D9100000003C00000A02010661000126034800E5
:10D920001E000D00003C00000A02010661000126F5
:10D930000348001E000D00003C00000A000000002B
:10D9400000000000000000000000000000000000D7
:10D950007409002074090020000000005C98002079
:10D960000000000001000000300000000000000086
:10D97000940900209409002000000000107000208D
:10D980000000000001000000B800000000000000DE
:10D99000B4090020B4090020000000008C98002089
:10D9A0000000000003000000100000000000000064
:10D9B000D4090020D409002000000000000000006D
:10D9C0000E000000E8090020E80900200000000027
:10D9D000000000000E000000FC090020FC090020EF
:10D9E00000000000000000000E000000100A0020EF
:10D9F000100A002000000000000000000E000000DF
:10DA0000240A0020240A002000000000000000007A
:10DA10000E000000380A0020380A00200000000034
:10DA2000000000000E0000004C0A00204C0A0020FC
:10DA300000000000FFFFFFFF5C0A00205C0A0020DE
:10DA4000640A0020640A00200000000000000000BA
:10DA5000740A0020740A002000000000000000008A
:10DA6000000000000000000000000000900A0020FC
:10DA7000900A0020980A0020980A00200000000068
:10DA80000000000000000000AC0A0020AC0A0020EA
:10DA9000B40A0020B40A00200000000003000300C4
:10DAA00010000000000000008874020004970020AD
:10DAB000000000000000000000000000E00A00205C
:10DAC000E00A0020E80A0020E80A00200000000028
:10DAD00003000300100000003591010030750200C2
:10DAE000E49700200000000000000000000000009B
:10DAF000140B0020140B00201C0B00201C0B00201A
:10DB0000000000000300030001000000000000000E
:10DB100064730200C89200200000000000000000B2
:10DB200000000000480B0020480B0020500B002094
:10DB3000500B002000000000010001001000000058
:10DB4000AD720100787402007C9600200000000095
:10DB500000000000000000007C0B00207C0B002077
:10DB6000840B0020840B0020000000000200020053
:10DB700001000000000000004474020044960020F0
:10DB8000000000000000000000000000B00B0020BA
:10DB9000B00B0020B80B0020B80B002000000000E4
:10DBA0000A000A0006000000000000005473020092
:10DBB000D0900020000000000000000000000000E5
:10DBC000E40B0020E40B0020EC0B0020EC0B002009
:10DBD0000000000001000100010000000000000042
:0CDBE000747302002094002015E015E092
:00000001FF
